policy_id,client_id,policy_type,start_date,end_date,premium,status
1,277,6,2023-08-21,2024-08-21,3009.16,2
2,337,2,2024-11-05,2025-11-05,63806.3,2
3,620,3,2023-10-02,2024-10-02,9558.08,2
4,704,3,2024-08-28,2025-08-28,11802.24,2
5,548,3,2016-10-26,2017-10-26,31031.62,2
6,936,3,2025-08-19,2026-08-19,83788.3,2
7,442,2,2026-02-03,2027-02-03,203550.94,1
8,144,4,2024-03-25,2025-03-25,3018.19,2
9,30,1,2009-08-26,2011-08-26,18737.16,2
10,839,5,2026-05-27,2027-05-27,1967.67,1
11,748,5,2022-07-29,2023-07-29,1773.28,2
12,977,6,2017-11-23,2018-11-23,4747.1,2
13,959,6,2022-03-08,2024-03-08,10491.3,2
14,819,1,2015-06-04,2016-06-04,6541.56,2
15,217,6,2021-11-30,2022-11-30,20042.31,2
16,567,3,2007-11-24,2008-11-24,31056.22,2
17,934,6,2024-05-13,2025-05-13,2209.84,2
18,59,6,2021-08-17,2022-08-17,6964.28,2
19,51,1,2010-02-17,2011-02-17,6871.97,2
20,466,1,2011-04-04,2012-04-04,9708.6,2
21,27,1,2023-12-15,2024-12-15,6107.81,2
22,538,4,2022-04-29,2023-04-29,6516.55,2
23,98,5,2024-10-16,2025-10-16,2073.83,2
24,136,5,2023-06-23,2024-06-23,1885.0,2
25,79,3,2016-12-01,2017-12-01,63813.2,2
26,213,4,2026-06-09,2027-06-09,3508.93,1
27,226,3,2016-01-09,2017-01-09,7381.94,2
28,710,3,2019-03-14,2020-03-14,81528.41,2
29,925,6,2024-12-11,2026-12-11,38968.68,1
30,366,2,2022-09-25,2023-09-25,116549.25,2
31,382,5,2022-04-02,2023-04-02,2264.71,2
32,340,2,2026-03-31,2027-03-31,375790.88,1
33,952,6,2017-01-01,2018-01-01,19235.88,2
34,591,2,2017-05-05,2018-05-05,343542.96,2
35,555,1,2024-01-02,2025-01-02,7557.5,2
36,524,3,2020-11-20,2021-11-20,25105.48,2
37,850,1,2025-12-26,2026-12-26,8468.78,1
38,352,3,2024-12-20,2025-06-20,61477.16,2
39,461,4,2025-03-18,2026-03-18,4721.43,3
40,697,6,2021-06-13,2022-06-13,6914.5,2
41,875,2,1992-12-25,1993-12-25,83733.68,2
42,122,5,2015-04-30,2016-04-30,2297.76,2
43,320,3,2016-10-17,2017-10-17,97142.79,2
44,347,6,2026-02-04,2027-02-04,11461.79,1
45,59,2,2016-01-23,2017-01-23,265540.68,2
46,551,5,2026-09-16,2027-09-16,1819.05,1
47,193,2,2014-03-09,2015-03-09,297666.33,2
48,809,1,2002-02-21,2003-02-21,10563.67,2
49,258,1,2020-10-02,2022-10-02,21324.58,2
50,649,5,2026-09-11,2126-09-11,42276.4,1
51,628,1,2026-09-05,2027-09-05,6033.17,1
52,476,5,2025-02-03,2026-02-03,1950.53,2
53,844,4,2024-09-29,2025-09-29,4809.7,2
54,986,2,2026-07-23,2027-07-23,165601.26,1
55,21,6,2025-07-07,2026-07-07,3621.97,2
56,627,3,2025-12-13,2027-12-13,58623.02,1
57,911,2,2024-06-03,2024-12-03,217127.79,2
58,538,3,2024-02-08,2025-02-08,11900.22,2
59,563,5,2023-08-21,2024-08-21,2079.86,2
60,838,2,2012-08-18,2013-08-18,105962.27,2
61,844,5,2014-03-04,2015-03-04,1643.81,2
62,373,1,2022-11-15,2023-11-15,6605.77,2
63,943,2,2012-06-10,2013-06-10,110936.0,2
64,544,1,2018-10-12,2028-10-12,76653.51,1
65,779,4,2011-04-10,2012-04-10,3419.39,2
66,462,5,2025-05-21,2026-05-21,1760.01,2
67,310,5,2022-04-11,2023-04-11,2657.9,2
68,934,1,2026-01-24,2027-01-24,6855.0,1
69,96,4,2017-12-06,2018-12-06,207447.2,2
70,165,2,2022-07-26,2023-07-26,65982.65,2
71,977,2,2008-11-26,2010-11-26,142484.56,2
72,207,5,2022-07-04,2023-07-04,2082.78,2
73,18,5,2012-08-06,2013-08-06,2167.81,2
74,780,6,2026-09-25,2027-09-25,12869.68,1
75,467,6,2020-11-21,2021-11-21,5116.18,2
76,631,5,2021-02-06,2022-02-06,2594.96,3
77,942,2,2021-09-06,2022-09-06,28059.14,2
78,261,6,2025-07-20,2026-07-20,8805.86,2
79,536,2,2025-03-03,2026-03-03,459889.17,2
80,811,1,2024-10-17,2025-10-17,8866.09,2
81,609,4,2021-03-14,2023-03-14,9719.84,2
82,789,5,2025-05-31,2026-05-31,1684.8,2
83,439,3,2026-08-04,2028-08-04,185816.72,1
84,224,2,2026-01-12,2026-07-12,28318.97,2
85,802,6,2026-07-19,2027-07-19,3739.86,1
86,674,6,2026-09-04,2027-09-04,7556.93,1
87,292,3,2017-07-12,2018-07-12,12469.28,2
88,155,6,2008-01-14,2009-01-14,15007.65,2
89,524,1,2020-04-15,2021-04-15,12600.97,2
90,327,4,2026-04-24,2027-04-24,2815.55,1
91,321,3,2008-11-22,2009-11-22,25094.94,3
92,2,3,2025-08-16,2026-02-16,28670.03,2
93,425,2,2024-06-16,2025-06-16,118513.57,2
94,419,2,2021-03-10,2022-03-10,231236.43,2
95,442,5,2024-02-14,2025-02-14,1500.0,2
96,110,3,2018-11-19,2019-11-19,10900.33,2
97,782,4,2026-02-21,2027-02-21,4268.88,1
98,968,3,2018-06-08,2019-06-08,36878.66,2
99,948,4,2024-10-08,2025-10-08,8985.93,2
100,727,3,2015-11-25,2016-11-25,35772.55,2
101,290,6,2023-10-23,2024-10-23,22352.08,2
102,676,3,2018-06-05,2019-06-05,17723.95,2
103,120,6,2014-06-06,2015-06-06,5357.59,2
104,241,6,2026-04-28,2027-04-28,22893.21,1
105,328,5,2023-06-01,2024-06-01,1500.0,2
106,48,6,2022-03-23,2024-03-23,8743.2,2
107,878,6,2024-11-03,2026-11-03,23036.88,1
108,234,2,2026-03-07,2027-03-07,452565.08,1
109,583,3,2025-04-20,2026-04-20,37397.45,2
110,801,4,2026-08-04,2027-08-04,7978.08,1
111,365,6,2008-05-16,2009-05-16,26301.98,2
112,990,2,2001-03-26,2002-03-26,184991.47,3
113,155,6,2000-06-12,2001-06-12,7805.27,2
114,699,6,2022-05-14,2022-11-14,15226.15,2
115,189,1,2006-02-16,2008-02-16,15348.7,2
116,566,2,2025-07-19,2026-07-19,416109.64,2
117,404,2,2017-08-17,2018-08-17,192798.03,2
118,406,5,2024-12-18,2025-12-18,2415.91,2
119,712,6,2021-03-19,2022-03-19,12723.82,2
120,342,2,2024-08-15,2025-08-15,119987.5,2
121,231,1,2023-12-05,2024-12-05,9889.21,2
122,526,6,2012-10-25,2013-10-25,30110.36,2
123,50,2,2024-11-08,2025-11-08,249192.93,2
124,524,2,2020-04-09,2021-04-09,400877.64,2
125,546,1,2014-09-23,2015-09-23,7142.72,2
126,863,4,2026-02-27,2027-02-27,2248.33,1
127,636,2,2015-09-05,2016-09-05,70969.49,2
128,771,1,2014-12-07,2015-12-07,12451.19,2
129,145,2,2023-09-28,2024-09-28,136190.08,2
130,592,2,2024-06-08,2025-06-08,322861.12,2
131,279,2,2019-10-01,2020-10-01,314269.2,2
132,452,4,2026-05-18,2027-05-18,311944.59,1
133,289,2,2023-07-20,2024-07-20,178416.3,2
134,640,4,2018-08-23,2019-08-23,8299.71,2
135,571,5,2026-05-24,2027-05-24,2593.44,1
136,863,3,2026-01-18,2027-01-18,30462.27,1
137,713,1,2017-06-08,2018-06-08,16285.1,2
138,371,2,2001-04-04,2002-04-04,197448.29,2
139,131,2,2024-12-25,2025-12-25,41278.56,2
140,663,5,2026-06-10,2028-06-10,3195.96,1
141,813,2,2026-08-09,2027-08-09,183944.06,1
142,236,2,2026-06-28,2027-06-28,383930.34,1
143,381,3,2014-09-13,2015-09-13,31911.48,2
144,510,3,2023-12-16,2024-12-16,5800.32,2
145,69,4,2024-02-13,2025-02-13,3353.85,2
146,15,1,2024-06-24,2025-06-24,12369.92,2
147,60,1,2024-01-12,2025-01-12,15164.7,2
148,813,3,2022-02-05,2023-02-05,87417.05,2
149,114,2,2025-11-26,2026-11-26,238108.9,1
150,953,6,2026-06-20,2028-06-20,20677.14,1
151,498,1,2020-05-23,2021-05-23,9246.51,2
152,610,1,2023-08-24,2024-02-24,4420.56,2
153,336,3,2019-01-04,2020-01-04,30210.71,2
154,461,1,2026-09-12,2027-03-12,4701.17,1
155,995,6,2020-10-05,2021-10-05,3641.78,2
156,668,3,2026-02-24,2027-02-24,4563.83,1
157,814,1,2025-11-05,2026-11-05,11039.55,1
158,188,2,2003-09-16,2005-09-16,408639.4,2
159,565,5,2019-01-11,2020-01-11,1689.42,2
160,530,3,2025-07-21,2026-07-21,22465.1,2
161,618,2,2023-10-11,2024-10-11,410797.4,2
162,787,2,2019-06-22,2020-06-22,232841.28,2
163,925,2,2026-05-10,2027-05-10,133914.12,1
164,453,5,2023-09-06,2024-09-06,1808.44,2
165,183,4,2024-02-04,2025-02-04,5664.16,2
166,634,3,2003-12-19,2004-12-19,9158.74,2
167,892,2,2023-10-31,2024-10-31,400000.11,2
168,971,6,2017-09-24,2018-09-24,6227.6,2
169,30,6,2008-10-02,2009-10-02,14077.21,2
170,210,5,2023-10-04,2024-10-04,2198.11,2
171,589,3,2009-02-20,2010-02-20,38441.07,2
172,482,4,2026-01-04,2027-01-04,3077.27,1
173,941,4,2024-12-06,2025-12-06,3532.46,2
174,697,1,2021-12-20,2022-12-20,9485.81,2
175,925,5,2024-10-22,2025-04-22,1082.92,2
176,674,5,2024-11-08,2025-11-08,2015.42,2
177,48,4,2021-06-30,2022-06-30,7230.09,2
178,431,6,2022-02-01,2023-02-01,2751.34,2
179,921,5,2025-06-05,2026-06-05,2228.3,2
180,771,3,2021-11-25,2022-11-25,38406.06,2
181,360,6,2023-09-10,2024-09-10,35074.77,2
182,529,5,2026-02-12,2027-02-12,1801.88,1
183,942,4,2024-06-28,2025-06-28,6600.28,2
184,859,5,2021-05-12,2022-05-12,2264.34,2
185,831,4,2020-11-28,2021-11-28,11371.01,2
186,616,2,2017-08-18,2018-08-18,179403.68,2
187,280,1,2026-07-20,2027-07-20,9039.11,1
188,77,4,2026-03-24,2027-03-24,1846.61,1
189,469,5,2020-01-04,2020-07-04,1088.34,2
190,912,3,2019-05-28,2020-05-28,130753.99,2
191,423,4,2018-09-09,2019-09-09,1930.4,2
192,650,2,2017-08-05,2018-08-05,354543.13,2
193,64,5,2023-10-28,2024-10-28,1500.0,2
194,464,3,2017-06-30,2018-06-30,6776.69,2
195,801,2,2025-08-09,2026-08-09,16627.4,2
196,161,1,2005-07-30,2006-07-30,9752.0,2
197,726,1,2025-10-02,2026-10-02,6790.82,1
198,179,5,2010-07-25,2011-07-25,2088.84,2
199,451,5,2023-02-11,2024-02-11,1922.86,2
200,710,5,2010-12-02,2011-12-02,2749.55,2
201,705,5,2024-08-31,2025-08-31,2479.46,2
202,936,1,2016-08-28,2017-02-28,4639.52,2
203,11,6,2007-06-21,2008-06-21,2967.23,2
204,80,5,2025-05-01,2026-05-01,2196.25,3
205,543,3,2021-10-14,2022-10-14,37272.7,2
206,979,3,2017-11-02,2018-05-02,4687.75,2
207,73,4,2020-07-05,2021-07-05,3130.62,2
208,864,3,1992-03-15,1993-03-15,76390.35,2
209,594,5,2013-08-16,2014-08-16,1509.88,2
210,992,3,2001-02-01,2002-02-01,70039.23,3
211,304,4,2022-01-05,2023-01-05,3257.78,2
212,295,2,2016-12-16,2017-12-16,203224.14,2
213,248,4,2023-07-10,2024-07-10,3551.41,3
214,240,5,2026-07-20,2027-07-20,1500.0,1
215,744,5,2025-05-24,2026-05-24,2134.78,2
216,633,2,1998-11-01,2008-11-01,2139516.7,2
217,212,5,2015-10-29,2016-10-29,1866.05,2
218,475,4,2020-02-04,2021-02-04,7155.26,2
219,614,6,2026-07-24,2027-07-24,26492.43,3
220,89,4,2025-05-16,2026-05-16,4647.18,2
221,829,1,1996-10-17,1997-10-17,8904.04,2
222,37,6,2019-10-10,2020-10-10,4692.9,2
223,361,5,2010-11-11,2011-11-11,2146.62,2
224,845,4,2022-02-10,2023-02-10,9632.06,3
225,850,3,2025-10-09,2026-10-09,71409.29,1
226,398,3,1997-11-13,1998-11-13,55786.72,2
227,144,6,2014-03-06,2015-03-06,12224.79,2
228,342,6,1995-11-21,1996-11-21,29886.34,2
229,281,4,2014-06-13,2015-06-13,9928.38,2
230,604,5,2023-12-07,2024-12-07,2180.99,2
231,958,4,2021-01-19,2022-01-19,204485.97,2
232,758,5,2014-08-01,2015-08-01,2228.39,3
233,580,4,2022-11-17,2023-11-17,6116.19,2
234,560,4,2017-11-22,2018-11-22,3816.72,2
235,522,6,2024-06-10,2025-06-10,8044.69,2
236,249,4,2011-11-24,2012-11-24,7931.23,2
237,917,5,2015-06-17,2016-06-17,2421.38,2
238,919,4,2023-09-18,2024-09-18,3496.64,2
239,5,5,2026-05-30,2027-05-30,2059.88,2
240,449,3,1997-08-24,1998-08-24,25314.38,3
241,205,1,2026-06-03,2027-06-03,7751.53,1
242,531,4,2015-12-27,2016-12-27,2355.81,2
243,305,4,2008-12-02,2009-12-02,7789.35,2
244,584,6,2019-02-15,2020-02-15,15372.23,2
245,664,1,2006-10-14,2007-10-14,7352.0,2
246,992,2,2013-05-28,2014-05-28,19547.09,2
247,765,6,1999-09-26,2001-09-26,21355.4,2
248,479,5,2019-12-25,2020-12-25,2216.12,2
249,158,3,2024-03-18,2026-03-18,65662.62,2
250,905,5,2025-06-16,2026-06-16,1894.35,2
251,516,2,2018-08-05,2019-08-05,188464.46,2
252,986,5,2023-04-08,2024-04-08,2443.5,2
253,183,4,2022-10-17,2023-10-17,9846.16,2
254,237,4,2026-07-15,2027-01-15,2190.68,1
255,334,5,1999-08-16,2000-08-16,2232.43,2
256,561,2,2025-03-07,2027-03-07,135663.44,1
257,664,4,2023-07-01,2025-07-01,5179.1,3
258,616,5,2017-10-22,2018-10-22,2128.03,2
259,136,3,2026-08-11,2027-08-11,12289.06,1
260,442,2,2025-04-14,2026-04-14,43471.43,2
261,427,5,2026-08-21,2027-08-21,2453.79,1
262,22,6,2026-06-12,2027-06-12,29242.85,1
263,75,4,2016-03-26,2017-03-26,5642.44,3
264,869,5,2014-01-26,2015-01-26,1612.88,2
265,723,4,2026-03-26,2027-03-26,7986.25,1
266,571,4,2026-02-08,2027-02-08,1884.75,1
267,51,2,2008-04-01,2009-04-01,117154.28,2
268,478,2,2021-05-13,2022-05-13,112397.27,2
269,224,4,2026-05-14,2027-05-14,7028.37,1
270,797,6,2020-08-05,2021-08-05,10705.99,2
271,94,1,2018-08-02,2019-08-02,7468.42,2
272,490,3,2025-06-18,2026-06-18,6663.05,2
273,90,4,2026-03-08,2027-03-08,5193.46,1
274,625,4,2021-06-19,2022-06-19,4659.64,2
275,672,3,2025-11-23,2026-11-23,7634.98,1
276,694,6,2016-06-22,2017-06-22,21882.62,2
277,493,6,2024-08-07,2025-08-07,2000.0,2
278,523,3,2023-03-15,2024-03-15,32349.87,2
279,212,5,2009-06-16,2010-06-16,2562.38,2
280,575,4,2021-11-20,2022-11-20,6661.31,2
281,462,4,2014-07-12,2015-07-12,8409.36,2
282,56,3,2022-08-05,2024-08-05,20253.86,2
283,703,4,2021-01-27,2022-01-27,347637.42,2
284,459,6,2013-11-01,2014-11-01,3760.68,2
285,970,1,2022-09-04,2023-09-04,6075.78,2
286,543,5,2020-11-07,2021-11-07,1903.87,2
287,466,3,2014-11-17,2016-11-17,16207.49,2
288,26,5,2017-07-10,2018-07-10,2606.45,2
289,278,4,2022-07-12,2023-07-12,7383.6,2
290,297,5,2025-03-22,2026-03-22,1671.25,2
291,272,6,2012-10-16,2013-10-16,3957.37,2
292,923,2,2006-06-16,2006-12-16,47582.49,2
293,114,6,1992-09-16,1993-09-16,8566.89,2
294,322,6,2016-10-21,2017-10-21,16005.05,2
295,918,2,2008-09-20,2009-09-20,54613.1,2
296,391,6,2025-09-14,2026-09-14,40820.56,2
297,301,3,2023-10-05,2024-04-05,4043.61,2
298,403,4,2025-01-20,2026-01-20,3046.13,2
299,276,5,2009-01-18,2010-01-18,2108.83,3
300,235,2,2007-11-07,2008-11-07,189600.11,2
301,982,6,2015-06-07,2016-06-07,5414.33,2
302,47,1,2024-06-21,2025-06-21,7624.57,3
303,116,3,2023-07-23,2024-07-23,47679.66,2
304,521,2,2021-10-26,2023-10-26,341054.0,2
305,506,6,2026-09-07,2027-09-07,14874.61,1
306,551,6,2026-08-17,2027-08-17,18969.81,1
307,301,3,2019-09-10,2020-09-10,185834.34,2
308,955,1,2015-11-28,2016-11-28,6802.76,2
309,374,4,2016-07-30,2017-07-30,4225.43,2
310,350,3,2018-07-03,2019-07-03,34476.02,2
311,260,1,2024-05-28,2025-05-28,7622.01,2
312,835,5,2025-11-23,2026-11-23,2099.75,1
313,872,1,2026-02-03,2027-02-03,9846.62,1
314,79,5,2025-06-07,2026-06-07,1675.15,2
315,957,3,2004-07-09,2005-07-09,6551.77,2
316,125,4,2017-10-08,2018-10-08,6718.27,2
317,930,1,2020-12-27,2021-12-27,8735.05,2
318,818,4,2026-09-06,2028-09-06,9440.02,1
319,16,3,2025-07-23,2026-07-23,64992.79,2
320,726,3,2023-05-03,2024-05-03,37646.14,2
321,175,4,2020-07-29,2021-07-29,2059.24,2
322,253,4,2018-01-09,2019-01-09,3121.74,2
323,234,2,2026-02-19,2027-02-19,477982.0,3
324,127,5,2025-02-09,2026-02-09,2064.96,2
325,720,5,2025-04-21,2026-04-21,1500.0,2
326,256,2,2018-10-06,2019-10-06,74970.64,3
327,899,5,2025-04-08,2026-04-08,1500.0,2
328,418,2,2025-07-31,2026-07-31,480963.63,2
329,789,1,2026-05-08,2027-05-08,7994.07,3
330,436,5,2021-05-30,2022-05-30,2636.83,2
331,348,6,2015-03-25,2016-03-25,7807.62,2
332,883,5,2025-02-18,2026-02-18,1914.28,2
333,89,4,2023-11-16,2024-11-16,6979.15,2
334,336,5,2025-09-05,2026-09-05,2209.15,2
335,406,1,2020-09-27,2021-09-27,6539.07,2
336,868,4,2025-02-12,2026-02-12,3771.9,2
337,305,1,2002-03-25,2003-03-25,15074.24,2
338,234,2,2021-12-17,2022-12-17,126625.49,2
339,342,4,2014-06-14,2015-06-14,2524.26,3
340,663,4,2024-01-08,2025-01-08,2952.14,2
341,797,2,2010-10-15,2011-10-15,277123.38,2
342,24,2,2025-02-12,2026-02-12,276012.69,2
343,734,1,2016-08-15,2017-08-15,11388.93,2
344,900,6,2024-07-09,2025-07-09,60552.24,2
345,544,3,2017-07-06,2018-07-06,167931.78,2
346,739,1,2023-05-12,2024-05-12,6608.16,2
347,313,5,2009-04-11,2010-04-11,2398.43,2
348,158,4,2021-01-18,2022-01-18,5920.99,2
349,939,6,1987-07-28,1988-07-28,12703.98,2
350,710,4,2009-09-20,2010-09-20,8317.25,2
351,999,5,2026-04-29,2026-10-29,749.99,1
352,713,3,1996-05-08,1997-05-08,22453.51,2
353,582,6,2010-08-13,2011-08-13,2923.0,2
354,853,4,2021-07-28,2022-07-28,8911.45,2
355,244,5,2009-09-30,2010-09-30,1671.07,2
356,252,4,2016-07-26,2017-07-26,8147.16,2
357,598,2,2006-04-09,2007-04-09,34438.79,2
358,340,5,2026-05-26,2027-05-26,1603.06,1
359,593,1,2019-01-23,2020-01-23,9325.1,2
360,71,4,2022-10-15,2023-10-15,6992.46,2
361,709,6,2019-07-14,2020-07-14,12110.86,2
362,411,6,2016-07-03,2017-07-03,6858.88,2
363,107,1,2020-07-02,2021-07-02,14973.81,2
364,537,6,2025-07-01,2026-07-01,20772.43,2
365,867,6,2020-03-24,2021-03-24,6849.48,2
366,398,6,1996-05-21,1997-05-21,9226.12,2
367,143,1,2006-09-30,2007-09-30,9167.32,2
368,749,3,2008-01-07,2009-01-07,44228.31,2
369,894,1,2021-04-18,2021-10-18,3026.52,2
370,762,1,2023-01-12,2024-01-12,9435.72,2
371,267,2,2013-12-16,2014-12-16,416238.17,2
372,334,6,2010-09-26,2011-09-26,27597.42,2
373,233,4,2004-07-02,2005-07-02,2884.86,2
374,7,2,2019-05-11,2019-11-11,26455.01,2
375,263,1,2026-09-17,2027-09-17,8370.48,1
376,192,5,2023-12-11,2024-12-11,1503.4,2
377,957,4,2016-10-19,2017-10-19,5955.65,2
378,340,4,2026-01-01,2027-01-01,7514.06,1
379,893,1,2026-04-07,2027-04-07,11323.95,1
380,101,3,2012-07-14,2013-07-14,26909.98,2
381,509,1,2016-06-14,2017-06-14,9754.36,2
382,674,2,2021-10-21,2023-10-21,115746.36,2
383,882,2,2022-08-19,2023-08-19,341091.44,2
384,770,3,2023-12-20,2024-12-20,4079.93,2
385,188,4,2014-11-21,2016-11-21,11562.62,2
386,650,2,2023-08-02,2024-08-02,192088.47,2
387,82,6,2019-01-22,2021-01-22,70324.89,2
388,333,3,2025-10-23,2026-10-23,7840.63,1
389,377,2,2025-11-16,2026-11-16,417705.29,1
390,943,5,2018-04-23,2019-04-23,2173.39,2
391,593,3,2013-11-16,2014-11-16,8989.06,2
392,221,3,2012-05-10,2013-05-10,20874.85,2
393,206,2,2015-12-24,2016-12-24,51448.88,2
394,321,6,2020-06-19,2120-06-19,201504.6,1
395,298,2,2002-10-11,2003-10-11,133484.29,2
396,182,3,2024-08-12,2025-08-12,7203.08,2
397,860,1,2025-09-18,2026-09-18,6372.5,2
398,582,4,2013-05-16,2014-05-16,2363.09,3
399,412,3,2018-08-18,2019-08-18,33308.01,2
400,840,6,2025-08-06,2027-08-06,11474.84,1
401,520,4,2024-12-26,2025-12-26,1985.68,2
402,762,3,2011-04-11,2012-04-11,6869.4,2
403,128,3,2023-02-17,2024-02-17,27625.02,2
404,226,3,2021-11-19,2022-11-19,138597.95,2
405,898,2,2024-03-18,2025-03-18,123001.01,2
406,881,5,2019-02-04,2020-02-04,1823.01,3
407,257,4,2009-11-19,2010-11-19,3287.23,2
408,458,5,2026-05-01,2027-05-01,1814.25,1
409,136,6,2023-08-26,2024-08-26,8663.95,2
410,892,4,2023-01-20,2024-01-20,3108.11,3
411,713,5,2011-12-22,2012-12-22,1500.0,2
412,414,4,2022-11-26,2023-11-26,6823.16,2
413,796,6,2019-04-02,2020-04-02,8038.92,2
414,797,6,2021-09-09,2022-09-09,10013.62,2
415,289,4,2024-12-03,2025-12-03,6649.94,2
416,470,2,2019-10-09,2020-10-09,307978.69,2
417,195,1,2026-07-05,2027-07-05,7376.66,1
418,886,2,2025-08-01,2026-08-01,80958.81,2
419,878,5,2013-03-30,2014-03-30,1500.0,2
420,550,5,2024-12-29,2025-12-29,2170.84,2
421,684,1,2026-04-06,2027-04-06,7883.18,3
422,838,4,2013-12-31,2014-12-31,4410.67,2
423,470,5,2016-03-17,2017-03-17,1972.39,2
424,116,5,2015-05-22,2016-05-22,1638.7,3
425,961,4,2026-06-03,2027-06-03,9337.58,1
426,616,2,2020-06-19,2021-06-19,84594.1,2
427,413,1,2023-06-25,2023-12-25,7673.52,2
428,32,1,2022-10-28,2023-10-28,7222.57,3
429,690,3,2026-08-18,2027-08-18,32387.71,1
430,385,3,2020-03-12,2021-03-12,11363.91,2
431,684,2,2019-06-20,2020-06-20,199014.04,2
432,86,5,2025-09-27,2026-09-27,1499.99,2
433,167,3,2019-02-22,2020-02-22,25984.6,2
434,153,6,2019-03-27,2021-03-27,18784.96,2
435,610,4,2013-12-22,2014-12-22,280321.26,3
436,519,4,2026-06-02,2027-06-02,1809.22,1
437,835,3,2025-05-12,2026-05-12,9492.23,2
438,921,5,2025-02-20,2026-02-20,2239.71,2
439,489,3,2007-11-29,2008-11-29,59070.96,2
440,459,2,2013-07-24,2014-07-24,276110.14,2
441,242,3,2016-01-25,2018-01-25,59741.46,2
442,9,3,2021-09-28,2022-09-28,31390.61,2
443,428,2,1996-08-31,1997-08-31,210343.86,2
444,798,2,2009-09-21,2010-09-21,143835.47,2
445,736,2,2019-11-16,2020-11-16,204236.74,2
446,577,5,2007-04-02,2008-04-02,2186.6,2
447,250,4,2025-12-05,2026-12-05,4177.51,1
448,454,2,2025-11-08,2026-11-08,127755.22,1
449,324,3,2023-03-15,2024-03-15,156606.01,2
450,474,1,2024-01-10,2024-07-10,5069.73,2
451,357,3,2016-05-01,2017-05-01,29134.74,2
452,277,6,2024-06-23,2025-06-23,3379.18,2
453,414,6,2024-07-06,2025-07-06,5638.28,2
454,466,1,2009-01-04,2010-01-04,9536.56,2
455,480,4,2020-03-12,2021-03-12,2052.87,2
456,433,6,2018-03-01,2018-09-01,4314.13,2
457,437,6,2011-07-25,2012-07-25,3285.49,2
458,450,3,2020-09-09,2021-09-09,144485.51,2
459,434,2,2022-10-04,2023-10-04,319998.75,2
460,533,2,2026-09-12,2027-09-12,293749.34,1
461,110,5,2025-09-02,2026-09-02,1505.58,2
462,487,6,2017-04-08,2018-04-08,22639.9,2
463,160,3,2018-11-05,2019-11-05,47576.24,2
464,85,5,2017-04-16,2018-04-16,1564.19,2
465,599,4,2020-04-01,2021-04-01,2942.57,2
466,823,3,2005-11-29,2006-11-29,10303.49,2
467,66,1,2017-03-04,2018-03-04,7811.25,2
468,35,1,2001-11-05,2002-11-05,6061.05,2
469,144,4,2016-03-31,2017-03-31,8473.75,2
470,275,4,2024-04-29,2024-10-29,3553.81,2
471,543,5,2023-06-20,2024-06-20,2022.33,2
472,264,6,2019-07-22,2020-07-22,7548.31,3
473,415,5,2020-05-17,2021-05-17,1500.0,2
474,624,4,2020-10-27,2021-10-27,6138.71,2
475,482,4,2012-07-14,2013-07-14,4617.79,2
476,366,5,2015-08-02,2016-08-02,1952.29,2
477,582,2,2017-05-12,2018-05-12,155469.14,2
478,612,2,2026-02-07,2027-02-07,72573.57,1
479,352,1,2026-01-23,2027-01-23,6952.92,3
480,99,2,2017-02-01,2018-02-01,57547.24,2
481,522,1,2023-05-01,2024-05-01,11468.82,2
482,619,2,2007-07-09,2008-01-09,194126.71,2
483,469,2,2023-07-13,2025-07-13,642912.33,2
484,787,2,2015-09-19,2016-09-19,191777.07,2
485,464,1,2019-05-17,2020-05-17,6955.13,2
486,475,6,2005-04-26,2006-04-26,15284.68,3
487,691,6,2008-06-16,2009-06-16,6189.95,3
488,810,2,2018-07-24,2019-07-24,491378.39,2
489,538,3,2023-03-24,2025-03-24,280342.24,2
490,607,2,2026-06-17,2027-06-17,35239.65,1
491,964,5,2013-06-02,2014-06-02,2543.24,2
492,489,1,2019-09-03,2020-09-03,13712.42,2
493,892,6,2021-05-22,2022-05-22,7944.52,2
494,925,1,2024-11-30,2025-11-30,7926.74,2
495,273,6,2025-11-26,2026-11-26,8583.29,1
496,705,5,1999-08-23,2000-08-23,2089.76,2
497,797,2,2015-05-17,2016-05-17,88614.21,2
498,694,4,2023-11-27,2024-11-27,7693.61,3
499,37,6,2016-07-10,2017-07-10,7263.19,2
500,235,2,2007-11-11,2008-11-11,193707.78,2
501,25,2,2017-09-27,2018-09-27,219801.9,2
502,988,2,2023-06-12,2024-06-12,143580.58,2
503,267,1,2006-07-12,2007-07-12,9428.76,2
504,40,1,2015-03-25,2016-03-25,9098.55,2
505,127,4,2024-11-02,2025-11-02,7944.94,2
506,479,2,2026-06-02,2027-06-02,99725.73,1
507,921,1,2025-08-20,2026-08-20,10507.72,2
508,338,2,2021-09-08,2022-09-08,70686.02,2
509,289,5,2017-05-11,2018-05-11,1996.99,2
510,607,5,2026-06-08,2027-06-08,1500.0,1
511,743,2,2020-03-09,2021-03-09,176448.19,2
512,25,6,2011-09-30,2012-09-30,5892.6,2
513,205,6,2026-05-10,2126-05-10,163937.8,1
514,850,3,2013-12-27,2015-12-27,21406.54,2
515,348,2,2020-06-23,2021-06-23,143871.0,2
516,507,5,2019-05-11,2020-05-11,1543.56,3
517,799,1,2023-11-05,2024-11-05,7937.02,2
518,589,3,2021-05-16,2022-05-16,35683.73,2
519,933,4,2010-08-28,2110-08-28,66542.6,1
520,579,5,2011-11-15,2012-11-15,2492.01,3
521,451,4,2022-03-10,2023-03-10,7322.72,2
522,143,4,2021-05-10,2022-05-10,4103.94,2
523,676,4,2017-06-04,2017-12-04,1274.84,2
524,107,1,2024-03-27,2025-03-27,6238.15,2
525,421,1,2023-03-07,2024-03-07,8491.23,2
526,896,2,2023-09-24,2024-09-24,252955.3,2
527,41,6,2016-04-04,2016-10-04,2434.89,2
528,92,4,2016-08-11,2017-08-11,9036.04,3
529,56,1,2025-10-01,2035-10-01,70306.1,1
530,452,2,2026-03-24,2027-03-24,329650.53,1
531,379,2,2016-02-17,2017-02-17,518180.53,3
532,465,3,2019-12-09,2021-12-09,157008.54,2
533,228,2,2025-08-15,2026-08-15,105057.31,3
534,546,6,2016-03-13,2017-03-13,20051.28,2
535,90,5,2025-07-22,2026-07-22,2182.37,3
536,521,1,2022-01-08,2023-01-08,9034.12,2
537,13,6,2025-10-25,2026-10-25,18174.3,1
538,542,2,2022-05-24,2023-05-24,25598.02,2
539,157,3,2024-07-18,2025-07-18,7767.62,2
540,417,5,1994-07-13,1995-07-13,2249.14,2
541,818,2,2025-04-12,2026-04-12,114737.93,2
542,135,4,2023-02-10,2024-02-10,7134.04,2
543,753,1,2011-03-15,2012-03-15,14354.7,2
544,560,6,2020-06-01,2021-06-01,26478.36,2
545,979,2,2009-05-04,2010-05-04,205903.97,2
546,105,3,2024-10-28,2025-10-28,83235.83,2
547,52,5,2023-02-08,2024-02-08,2285.03,2
548,541,1,2024-08-03,2025-08-03,9001.0,2
549,262,4,2012-12-17,2013-12-17,8048.66,2
550,736,3,2022-12-11,2023-12-11,21805.51,3
551,470,4,2025-07-01,2026-07-01,5359.74,2
552,587,3,2026-07-15,2027-07-15,29490.85,1
553,468,5,2026-02-09,2027-02-09,1702.32,1
554,900,3,1989-06-08,1990-06-08,54427.33,2
555,21,3,2020-08-02,2021-08-02,21909.41,2
556,359,2,2022-01-26,2024-01-26,244563.64,2
557,439,1,2025-10-15,2026-10-15,6971.74,1
558,839,5,2026-04-15,2027-04-15,2419.46,1
559,4,6,2023-11-08,2024-11-08,5045.84,2
560,107,5,2023-08-28,2024-08-28,1500.0,2
561,463,2,2025-10-07,2026-10-07,402563.0,1
562,543,1,1993-11-12,1994-11-12,15004.41,2
563,789,5,2024-07-17,2025-07-17,2191.85,2
564,368,5,2019-06-08,2020-06-08,1690.92,2
565,604,6,2022-06-25,2023-06-25,8981.85,2
566,382,6,2023-07-07,2024-07-07,22970.16,3
567,643,2,2024-03-24,2025-03-24,494267.21,2
568,52,5,2024-03-20,2025-03-20,1643.84,2
569,435,2,2004-06-19,2005-06-19,95615.49,2
570,164,4,2026-05-23,2027-05-23,4183.44,1
571,319,6,2014-10-21,2015-10-21,2000.0,2
572,130,4,2022-10-02,2023-10-02,7103.96,2
573,835,4,2025-01-30,2026-01-30,5024.55,2
574,764,6,2011-12-26,2012-12-26,13380.27,2
575,487,1,1979-09-19,1980-03-19,4950.77,2
576,908,2,2019-08-28,2020-08-28,90026.37,2
577,117,6,2016-02-25,2017-02-25,42120.33,2
578,371,1,2022-12-23,2023-12-23,13732.4,2
579,497,2,2022-12-20,2023-12-20,158360.56,2
580,171,2,2026-02-08,2027-02-08,512197.02,1
581,143,1,2012-08-31,2013-08-31,10357.33,2
582,770,6,2025-07-26,2026-07-26,7115.79,2
583,731,6,2013-06-08,2014-06-08,4824.4,2
584,659,2,2026-09-01,2027-09-01,152824.23,2
585,504,4,1993-01-02,1995-01-02,12747.4,2
586,510,5,2025-07-17,2125-07-17,44669.4,2
587,679,1,2017-03-17,2018-03-17,9897.61,2
588,562,6,2020-06-10,2030-06-10,177551.3,1
589,651,4,2023-02-11,2024-02-11,4567.64,2
590,277,3,2024-07-17,2025-07-17,10958.29,2
591,739,2,2013-08-16,2014-08-16,267140.16,2
592,110,4,2024-08-18,2025-08-18,2312.88,2
593,686,6,2021-01-08,2022-01-08,2000.0,2
594,926,3,2026-09-22,2027-09-22,33007.79,1
595,716,1,2022-08-15,2023-08-15,9020.94,2
596,557,6,2023-11-06,2024-11-06,22619.17,2
597,8,2,2015-12-09,2016-12-09,153066.37,3
598,787,5,2014-06-20,2016-06-20,4403.39,2
599,527,6,2025-02-14,2026-02-14,4609.8,2
600,116,5,2021-08-16,2022-08-16,1500.0,2
601,219,4,2018-08-15,2019-02-15,4655.19,2
602,144,5,2026-09-26,2027-09-26,1732.63,3
603,691,6,2022-04-26,2023-04-26,6949.48,3
604,353,6,2013-02-22,2014-02-22,47197.06,2
605,934,5,2025-08-15,2026-08-15,2242.49,2
606,576,5,2018-05-01,2019-05-01,1640.89,3
607,880,1,2024-01-16,2025-01-16,11729.32,2
608,601,4,2018-12-14,2019-12-14,7302.11,2
609,580,5,2009-12-05,2010-12-05,2369.59,3
610,240,3,2025-08-25,2026-08-25,29494.21,2
611,194,1,2004-12-30,2005-12-30,9050.92,2
612,13,6,2023-01-19,2024-01-19,2000.0,2
613,382,3,2022-01-10,2023-01-10,7521.06,2
614,415,4,2021-08-03,2022-08-03,9048.02,2
615,590,1,2012-12-23,2013-12-23,7294.89,2
616,410,1,2023-11-10,2024-11-10,11030.88,2
617,32,5,2008-09-06,2009-09-06,2288.06,2
618,476,2,2025-12-22,2026-12-22,36709.96,1
619,745,6,2026-08-06,2027-08-06,5267.16,3
620,23,2,2011-10-30,2012-10-30,282838.9,2
621,221,2,2019-04-23,2020-04-23,294912.66,2
622,446,6,2025-06-17,2026-06-17,15835.73,2
623,198,4,2025-10-01,2026-10-01,10390.54,1
624,509,4,2016-09-02,2017-09-02,9064.2,2
625,909,3,2025-05-21,2026-05-21,56571.16,2
626,571,4,2025-10-05,2026-10-05,154814.69,1
627,161,4,2017-03-21,2018-03-21,7505.8,2
628,617,6,2025-03-30,2026-03-30,3347.83,2
629,915,3,2024-01-29,2025-01-29,29652.02,2
630,987,3,2025-10-02,2026-10-02,22376.82,1
631,811,6,2025-11-23,2026-11-23,6362.81,3
632,936,5,2024-05-24,2025-05-24,2069.18,2
633,334,4,1997-03-23,1997-09-23,2111.29,2
634,253,4,2025-08-06,2026-08-06,8296.54,2
635,370,6,2020-12-03,2021-12-03,13211.94,2
636,178,4,2026-08-16,2027-08-16,6621.33,1
637,857,3,2024-07-09,2025-07-09,6963.19,2
638,697,4,2015-03-25,2016-03-25,5605.22,2
639,643,2,2007-03-26,2008-03-26,423198.55,2
640,833,4,2015-06-16,2016-06-16,5535.2,2
641,717,2,2024-01-16,2024-07-16,30725.9,2
642,468,2,2006-10-14,2008-10-14,289220.72,3
643,798,1,2023-02-11,2024-02-11,9098.96,2
644,367,2,2023-11-14,2024-11-14,175466.29,2
645,675,1,2026-04-06,2027-04-06,6249.4,1
646,992,4,2006-12-31,2007-12-31,4364.99,2
647,999,2,2026-04-22,2027-04-22,78012.68,1
648,342,6,2014-10-11,2015-10-11,4759.09,3
649,36,1,2016-11-27,2017-11-27,9962.57,2
650,594,5,2009-05-18,2010-05-18,2173.34,2
651,389,4,2025-04-11,2026-04-11,6719.11,3
652,123,1,2021-05-10,2031-05-10,113848.9,1
653,854,6,2020-05-17,2021-05-17,5541.77,2
654,421,5,2018-05-09,2019-05-09,2190.89,2
655,987,5,2026-06-02,2027-06-02,2372.39,1
656,343,6,2015-02-05,2016-02-05,4289.23,3
657,993,6,2025-10-01,2026-10-01,9685.66,1
658,904,3,2005-01-04,2006-01-04,38844.4,2
659,314,4,2017-12-12,2018-12-12,2364.66,2
660,35,5,2015-09-10,2016-09-10,3133.07,2
661,232,5,2023-03-17,2024-03-17,2163.67,2
662,215,2,2026-03-12,2027-03-12,217068.13,1
663,895,6,2026-07-10,2027-07-10,14469.21,1
664,522,2,2023-04-20,2024-04-20,155095.1,2
665,323,5,2021-04-10,2022-04-10,2465.19,2
666,950,6,2024-02-25,2025-02-25,4887.94,2
667,702,1,2026-01-28,2027-01-28,14367.77,1
668,624,3,2022-03-11,2023-03-11,7164.99,2
669,412,4,2026-04-14,2027-04-14,8226.98,1
670,746,3,2018-11-13,2019-11-13,35583.87,2
671,408,1,2011-05-01,2012-05-01,16381.04,2
672,359,4,2024-09-24,2025-09-24,2271.52,2
673,159,3,2024-05-08,2026-05-08,44137.72,2
674,319,6,2017-08-15,2018-08-15,4023.39,2
675,839,1,2022-04-02,2032-04-02,90608.0,1
676,171,3,2024-06-08,2025-06-08,146789.42,3
677,65,1,2026-05-16,2027-05-16,7762.47,1
678,364,6,2020-07-17,2021-07-17,7147.47,2
679,387,1,2022-11-29,2023-11-29,8963.01,2
680,176,6,2006-11-04,2007-11-04,16588.18,2
681,688,6,2019-02-05,2020-02-05,23136.03,2
682,521,4,2021-02-07,2022-02-07,5794.06,2
683,143,1,2024-01-16,2025-01-16,8503.61,2
684,83,5,2024-11-22,2025-11-22,1499.99,2
685,733,4,2019-05-15,2020-05-15,6906.27,2
686,633,4,2024-05-11,2025-05-11,10640.83,2
687,774,5,2026-03-09,2027-03-09,2551.25,1
688,879,3,2024-04-03,2025-04-03,11920.54,2
689,170,2,2023-06-30,2024-06-30,259281.9,2
690,263,4,2023-09-26,2024-09-26,7536.26,2
691,242,5,2016-04-27,2017-04-27,2305.27,2
692,450,5,2020-07-27,2021-07-27,2282.63,2
693,570,6,2012-08-30,2013-08-30,5859.67,2
694,708,3,2025-07-09,2026-07-09,30474.24,2
695,951,5,2016-01-31,2018-01-31,3000.0,2
696,962,2,2025-06-14,2026-06-14,96604.96,2
697,340,5,2026-01-07,2027-01-07,1884.77,1
698,502,1,2014-09-22,2015-09-22,8042.9,2
699,834,3,2019-09-05,2020-09-05,91454.13,2
700,300,3,2020-06-03,2021-06-03,28180.57,2
701,878,6,2024-03-02,2025-03-02,20327.4,2
702,472,3,2025-03-28,2026-03-28,31472.11,2
703,554,5,2024-10-13,2025-10-13,2252.47,2
704,386,5,2016-01-06,2017-01-06,1955.87,2
705,60,2,2024-01-15,2026-01-15,380802.76,3
706,703,6,2024-08-27,2025-08-27,3866.07,2
707,847,4,2009-04-15,2010-04-15,6198.31,2
708,173,1,2019-10-26,2020-10-26,8389.99,2
709,733,4,2017-08-19,2018-02-19,1524.76,2
710,209,2,2026-07-24,2027-07-24,349152.62,1
711,229,2,2024-01-22,2025-01-22,189435.61,3
712,910,6,2021-12-22,2022-06-22,4186.92,2
713,750,1,2025-11-21,2026-11-21,6124.93,1
714,655,1,2012-12-11,2013-12-11,7740.54,2
715,552,2,2024-01-05,2025-01-05,153134.19,2
716,233,6,2023-03-24,2024-03-24,9845.09,2
717,339,5,2025-04-11,2026-04-11,2549.7,2
718,659,4,2026-09-24,2027-09-24,8467.48,1
719,177,5,2024-01-26,2026-01-26,3530.48,2
720,184,2,2026-05-10,2027-05-10,445911.91,1
721,657,4,2020-11-22,2021-11-22,3106.75,2
722,243,3,2004-06-28,2005-06-28,24588.81,2
723,565,1,2025-10-12,2026-10-12,8094.1,3
724,901,6,2019-06-20,2020-06-20,5318.27,2
725,183,4,2016-07-19,2017-07-19,6394.49,2
726,406,1,2023-07-03,2024-07-03,7141.43,2
727,537,1,2026-05-24,2027-05-24,6395.2,1
728,643,2,2005-03-28,2006-03-28,49641.43,2
729,526,5,2012-11-28,2013-11-28,2083.22,2
730,693,4,2013-07-24,2014-07-24,3151.11,2
731,683,2,2018-02-05,2019-02-05,325969.95,2
732,251,5,2025-10-18,2026-10-18,1561.97,1
733,716,3,2026-08-21,2028-08-21,70734.34,3
734,168,2,2026-06-25,2027-06-25,129105.86,1
735,892,3,2020-03-17,2021-03-17,41353.31,3
736,97,6,2017-05-17,2018-05-17,17997.61,2
737,412,4,2023-11-14,2024-11-14,3247.57,2
738,588,5,2024-10-06,2025-10-06,2731.43,2
739,413,1,2026-06-25,2027-06-25,13137.05,1
740,559,5,2023-06-12,2024-06-12,1757.28,2
741,784,4,2023-04-17,2024-04-17,5458.91,2
742,938,2,2010-08-31,2011-08-31,406106.11,2
743,956,4,2025-12-06,2026-12-06,3635.14,1
744,773,2,2010-02-22,2011-02-22,197011.89,2
745,845,6,2019-05-25,2020-05-25,9730.54,2
746,847,3,2026-09-24,2027-09-24,18227.71,1
747,177,1,2022-07-30,2023-07-30,7880.85,2
748,796,5,2006-02-12,2007-02-12,2166.24,2
749,767,3,2020-11-06,2021-11-06,124472.73,2
750,414,2,2023-06-14,2024-06-14,292477.5,2
751,202,1,2009-04-02,2010-04-02,11336.39,2
752,204,1,2025-09-28,2027-09-28,26385.64,1
753,213,2,2026-08-05,2027-08-05,376796.38,1
754,489,6,2022-04-19,2023-04-19,3860.26,3
755,850,5,2021-09-12,2022-09-12,2237.02,2
756,442,1,2026-02-03,2027-02-03,9187.18,3
757,484,5,2025-06-01,2026-06-01,1780.65,2
758,988,3,2022-09-20,2023-09-20,4940.64,2
759,931,4,2018-04-07,2019-04-07,8874.12,2
760,370,2,2024-11-24,2025-11-24,440533.7,2
761,454,6,2025-12-19,2026-12-19,16925.69,1
762,768,5,2026-04-24,2027-04-24,2901.44,1
763,49,2,2000-07-10,2001-07-10,213670.96,2
764,735,5,2025-01-21,2026-01-21,1743.53,2
765,627,2,2025-12-30,2026-12-30,116455.5,1
766,5,6,2026-05-02,2027-05-02,14677.93,1
767,740,3,2025-01-21,2026-01-21,132823.77,2
768,789,6,2019-04-08,2020-04-08,9070.45,2
769,830,1,2024-05-10,2025-05-10,7103.24,2
770,546,4,2020-02-15,2021-02-15,3407.24,2
771,518,2,2023-07-01,2024-07-01,88069.81,2
772,485,4,2026-03-19,2027-03-19,5788.63,1
773,631,1,2011-07-17,2012-07-17,14588.98,2
774,665,2,2016-10-18,2017-10-18,499752.05,2
775,871,4,2026-09-27,2027-09-27,8669.47,1
776,968,6,2003-11-16,2004-11-16,31220.08,3
777,128,4,2025-08-06,2026-08-06,11500.94,2
778,130,1,2019-05-17,2020-05-17,10647.45,2
779,509,5,2018-10-03,2019-10-03,2153.33,2
780,886,6,2024-08-07,2025-08-07,7508.92,2
781,59,2,2008-09-01,2009-09-01,265529.07,2
782,875,6,1992-02-17,1993-02-17,7403.71,2
783,863,6,2022-12-25,2023-12-25,40080.18,2
784,379,4,2023-06-24,2024-06-24,2194.19,2
785,523,1,2019-03-30,2020-03-30,6547.79,2
786,166,2,2021-09-06,2022-09-06,170159.71,2
787,151,6,2024-07-07,2025-07-07,11071.69,2
788,717,6,2021-05-31,2023-05-31,15949.08,2
789,264,6,2021-04-26,2022-04-26,19884.19,2
790,913,1,2026-05-03,2027-05-03,6435.59,1
791,866,4,2025-11-05,2026-11-05,4792.49,1
792,306,6,2026-04-07,2027-04-07,8816.1,1
793,574,6,2021-08-06,2022-08-06,5993.03,2
794,82,4,2015-02-25,2025-02-25,40455.4,2
795,284,3,2024-04-24,2025-04-24,34539.67,2
796,672,6,2024-11-01,2026-11-01,8418.08,1
797,603,4,2023-07-14,2024-07-14,7405.86,2
798,80,6,2026-05-28,2027-05-28,2079.38,1
799,414,2,2024-05-02,2034-05-02,3598448.9,1
800,540,2,2026-01-15,2027-01-15,320576.87,1
801,69,1,2026-07-04,2027-07-04,6186.79,1
802,181,6,2025-05-06,2025-11-06,2058.07,2
803,440,1,2017-05-14,2027-05-14,79923.7,1
804,834,6,2023-09-18,2024-09-18,5883.54,2
805,629,4,2024-05-16,2025-05-16,7932.33,2
806,989,1,2023-05-22,2024-05-22,6292.43,2
807,325,5,2026-07-16,2027-07-16,1899.03,1
808,949,1,2023-12-11,2024-06-11,4457.71,2
809,521,5,2026-09-08,2027-09-08,2248.54,1
810,375,1,2025-09-25,2026-03-25,3855.43,2
811,765,4,2018-08-30,2019-08-30,6229.72,2
812,649,5,2026-07-18,2027-07-18,1653.5,1
813,780,4,2024-12-27,2034-12-27,29761.6,1
814,716,2,2022-01-15,2023-01-15,431386.13,3
815,235,5,2025-11-23,2026-05-23,919.77,2
816,965,2,2017-02-11,2018-02-11,48046.61,2
817,637,6,2008-10-10,2009-10-10,2355.92,2
818,403,4,2014-06-16,2015-06-16,3547.55,2
819,447,3,2022-02-07,2022-08-07,16856.5,2
820,153,4,2018-10-14,2019-10-14,2912.67,2
821,124,2,2005-04-06,2006-04-06,99778.05,2
822,620,3,2025-08-08,2026-08-08,56378.52,2
823,558,6,2026-07-31,2027-07-31,13441.3,1
824,870,6,2026-09-12,2027-09-12,3067.07,1
825,127,3,2025-12-19,2026-12-19,24951.94,1
826,806,2,2013-04-16,2014-04-16,352850.9,2
827,439,3,2025-07-30,2026-01-30,11143.66,2
828,860,5,2026-04-19,2027-04-19,2214.94,1
829,673,1,2015-11-15,2016-11-15,7602.71,2
830,528,3,2026-02-23,2027-02-23,32572.25,1
831,815,3,2022-10-01,2023-10-01,36001.12,2
832,845,4,2013-03-28,2014-03-28,8431.23,2
833,8,6,2025-09-09,2026-09-09,16917.9,2
834,399,2,2020-06-07,2021-06-07,294759.61,2
835,539,1,2026-01-19,2027-01-19,6592.99,1
836,889,2,2026-09-24,2027-09-24,178032.81,1
837,987,4,2025-12-24,2026-12-24,5487.29,1
838,500,3,2007-09-10,2009-09-10,132979.5,2
839,928,4,2017-03-23,2017-09-23,3508.42,2
840,949,2,2022-02-13,2023-02-13,283781.96,2
841,468,6,2003-07-01,2004-07-01,14605.29,3
842,108,2,2026-05-27,2027-05-27,383367.38,1
843,886,1,2024-06-23,2025-06-23,15977.37,2
844,80,3,2020-12-08,2021-12-08,20122.08,2
845,254,5,2021-05-25,2022-05-25,1728.43,2
846,378,1,2019-02-05,2020-02-05,6798.79,3
847,722,3,2026-09-11,2027-09-11,35545.03,1
848,327,3,2026-08-26,2028-08-26,14412.54,1
849,726,6,2025-01-25,2026-01-25,22328.04,2
850,163,6,2021-02-22,2022-02-22,6604.48,2
851,909,2,2023-10-20,2024-10-20,328201.92,2
852,744,4,2024-02-07,2025-02-07,3040.93,2
853,28,3,2026-07-31,2027-07-31,26559.0,1
854,920,2,2025-09-27,2026-09-27,211008.19,3
855,781,2,2026-09-10,2027-09-10,113244.75,1
856,718,3,2008-01-23,2009-01-23,175400.31,2
857,392,4,2025-07-22,2026-07-22,3834.86,2
858,83,3,2024-03-12,2025-03-12,52275.31,3
859,266,4,2008-08-26,2009-08-26,6117.5,2
860,563,4,2025-12-11,2026-12-11,2903.98,1
861,215,4,2026-03-04,2027-03-04,2571.24,1
862,100,6,2022-02-12,2023-02-12,28928.02,2
863,518,4,2026-08-30,2027-08-30,8259.5,3
864,23,3,2011-05-17,2012-05-17,131342.66,2
865,846,3,2026-03-18,2027-03-18,27951.29,1
866,422,3,2025-02-23,2026-02-23,31451.47,2
867,572,4,2026-05-20,2027-05-20,10613.44,1
868,692,3,1999-04-02,2000-04-02,25368.54,2
869,256,2,2025-03-08,2026-03-08,385598.6,2
870,805,3,2022-01-14,2022-07-14,16200.46,2
871,416,3,2026-08-10,2027-08-10,31913.42,1
872,775,1,2025-09-20,2026-09-20,14557.31,2
873,370,6,2018-03-15,2019-03-15,8506.91,2
874,958,3,2020-05-23,2021-05-23,31281.72,2
875,724,4,2026-08-20,2027-08-20,8627.58,1
876,249,6,2011-11-09,2012-11-09,49158.51,2
877,270,1,2017-01-26,2018-01-26,8785.98,2
878,853,6,2014-06-21,2015-06-21,5194.2,2
879,637,2,2019-05-24,2021-05-24,443564.1,2
880,343,1,2021-09-16,2022-09-16,7650.95,2
881,501,2,2026-05-20,2027-05-20,539818.02,1
882,908,1,2025-06-27,2026-06-27,9865.63,3
883,439,6,2024-10-25,2025-10-25,17721.03,2
884,942,6,2023-08-21,2024-08-21,13656.85,2
885,208,4,2009-11-13,2011-11-13,15408.83,2
886,865,1,2014-09-04,2015-09-04,12577.41,2
887,469,4,2021-09-04,2022-09-04,10937.86,2
888,633,4,2004-05-09,2005-05-09,2986.37,2
889,866,5,2026-04-11,2026-10-11,1336.67,1
890,991,3,2021-06-22,2022-06-22,20754.66,2
891,596,3,2018-10-06,2019-10-06,31275.32,2
892,103,4,2018-07-02,2019-07-02,4313.33,2
893,709,4,2026-07-24,2027-07-24,215728.81,1
894,620,4,2024-11-02,2025-05-02,1564.04,2
895,216,3,2007-02-21,2008-02-21,74258.36,2
896,57,3,2024-02-29,2025-02-28,55869.91,2
897,953,1,2026-08-20,2027-08-20,6839.94,1
898,156,1,2020-03-30,2021-03-30,11349.36,2
899,295,2,2013-02-22,2014-02-22,69163.53,2
900,804,2,2014-05-08,2015-05-08,109419.55,3
901,67,2,2016-03-06,2017-03-06,69271.45,2
902,289,6,2024-07-24,2025-07-24,5986.57,2
903,937,5,2026-03-23,2027-03-23,2148.31,1
904,64,1,2023-10-26,2024-04-26,3009.99,2
905,134,1,2023-11-18,2024-11-18,7461.12,2
906,802,3,2026-07-03,2027-01-03,4556.77,1
907,179,3,2006-02-14,2007-02-14,34093.91,2
908,831,4,1999-04-14,2000-04-14,5903.04,2
909,12,4,2026-01-16,2027-01-16,3887.34,1
910,578,2,2026-07-04,2027-07-04,498531.91,1
911,257,1,2019-08-02,2020-08-02,7066.44,2
912,336,2,2015-09-05,2016-09-05,332347.06,2
913,910,5,2014-09-26,2015-09-26,2123.19,2
914,760,6,1999-09-22,2000-09-22,16747.99,2
915,943,4,2017-08-07,2018-08-07,3859.83,2
916,476,4,2025-08-01,2026-08-01,4505.78,2
917,744,3,2024-02-18,2025-02-18,39234.48,2
918,412,2,2011-06-26,2012-06-26,120770.69,2
919,273,6,2024-03-19,2025-03-19,16427.42,2
920,758,6,2015-05-17,2016-05-17,2547.32,2
921,37,1,2019-12-15,2020-12-15,6177.66,2
922,118,6,2026-06-07,2027-06-07,34810.63,1
923,307,3,2012-07-17,2013-07-17,69797.03,2
924,115,5,2022-08-06,2023-08-06,2494.11,2
925,692,6,2015-12-18,2016-12-18,50727.27,2
926,286,2,2008-06-07,2009-06-07,375942.71,3
927,361,4,2011-11-18,2012-11-18,8449.28,2
928,586,1,2026-09-10,2027-09-10,6399.38,2
929,270,5,2009-11-09,2010-11-09,1500.0,2
930,858,2,2012-08-13,2013-08-13,225835.81,2
931,266,1,1997-06-27,1998-06-27,10841.87,2
932,633,4,2019-11-21,2020-11-21,3937.14,2
933,912,1,2018-05-30,2019-05-30,7925.66,2
934,430,4,2000-07-21,2001-07-21,318185.58,2
935,811,6,2019-08-09,2020-08-09,7043.2,2
936,899,1,2024-09-16,2025-09-16,7654.98,2
937,554,2,2025-02-22,2026-02-22,55821.31,2
938,415,2,2022-03-14,2023-03-14,187131.98,2
939,363,2,2014-06-28,2114-06-28,4094770.4,1
940,894,4,2022-08-04,2023-08-04,5732.73,3
941,450,2,2015-05-31,2015-11-30,53290.98,2
942,882,1,2022-03-02,2023-03-02,8802.3,2
943,238,5,2018-01-21,2019-01-21,2386.16,2
944,637,1,2008-10-05,2009-10-05,6478.23,2
945,727,4,2014-09-12,2015-09-12,2408.25,2
946,361,6,2016-08-08,2017-02-08,2520.98,2
947,111,1,2017-10-15,2018-10-15,7346.67,2
948,773,4,2003-11-17,2004-11-17,10101.85,2
949,235,5,2015-06-11,2016-06-11,2513.32,3
950,244,4,2016-05-13,2018-05-13,5275.9,2
951,724,6,2026-03-07,2026-09-07,2378.36,2
952,73,6,2020-01-20,2021-01-20,33744.13,2
953,907,3,2017-05-04,2018-05-04,26466.66,2
954,28,3,2025-09-13,2026-09-13,4447.51,2
955,180,4,2014-09-15,2015-09-15,6235.87,2
956,859,1,2024-12-29,2025-12-29,6305.66,2
957,50,4,2017-01-15,2018-01-15,3371.88,2
958,813,4,2023-07-28,2024-07-28,9275.53,2
959,118,6,2026-03-14,2027-03-14,2274.15,1
960,704,2,2023-11-18,2024-11-18,187737.45,2
961,244,3,2012-12-23,2013-12-23,8230.85,2
962,641,4,2023-01-02,2024-01-02,4770.56,2
963,554,4,2018-12-27,2019-06-27,3727.06,2
964,205,5,2026-07-06,2027-07-06,2058.01,1
965,256,3,2017-03-25,2018-03-25,32515.55,2
966,916,6,2024-06-08,2025-06-08,5825.33,2
967,946,1,1995-07-28,1996-07-28,7232.21,2
968,143,1,2017-01-25,2018-01-25,10060.02,2
969,422,5,2024-08-22,2025-08-22,2674.72,2
970,768,6,2026-09-17,2027-09-17,8321.12,1
971,569,6,2024-09-22,2025-09-22,30978.94,2
972,885,6,2022-04-09,2023-04-09,5907.66,3
973,138,6,2023-05-15,2023-11-15,4453.66,2
974,301,5,2014-04-17,2015-04-17,2120.69,2
975,211,3,2024-02-02,2025-02-02,69670.89,3
976,390,6,2020-04-24,2021-04-24,9704.44,2
977,526,6,2026-09-04,2027-09-04,3431.99,1
978,82,3,2002-12-27,2003-12-27,106736.31,2
979,483,1,2022-02-18,2023-02-18,7778.58,2
980,623,3,2009-03-07,2010-03-07,25649.17,2
981,346,3,2016-06-14,2017-06-14,38851.05,2
982,734,3,2021-02-25,2022-02-25,120832.04,2
983,217,2,2019-12-10,2020-12-10,325135.54,2
984,321,5,2010-01-26,2011-01-26,1604.84,2
985,793,3,2024-10-07,2025-10-07,63864.9,2
986,103,4,2008-07-23,2009-07-23,2957.97,2
987,512,3,2006-12-04,2007-12-04,32711.33,2
988,171,2,2025-09-12,2026-09-12,61767.95,2
989,199,1,2025-12-30,2026-12-30,11075.97,1
990,284,3,2025-10-17,2026-10-17,26959.32,1
991,840,6,2025-04-04,2026-04-04,22186.45,3
992,37,4,2018-04-28,2019-04-28,3975.93,2
993,121,5,2022-10-09,2032-10-09,23813.6,1
994,738,4,2023-02-09,2024-02-09,9996.41,2
995,386,3,1994-10-09,2094-10-09,643622.4,1
996,342,3,1993-02-09,1994-02-09,30117.72,2
997,264,3,2019-06-13,2020-06-13,36724.67,2
998,709,3,2026-09-10,2027-09-10,36186.09,1
999,549,2,2021-03-26,2022-03-26,52246.66,2
1000,680,6,1999-08-29,2000-08-29,11100.36,2
1001,820,6,2015-08-08,2016-08-08,10612.36,2
1002,493,6,2019-02-23,2019-08-23,2156.28,2
1003,70,5,2026-08-06,2027-08-06,2537.4,1
1004,869,1,2021-03-25,2022-03-25,9055.45,2
1005,778,3,1999-08-09,2000-08-09,47930.3,2
1006,399,4,2021-05-13,2023-05-13,19629.2,3
1007,571,2,2025-09-14,2026-09-14,326070.42,2
1008,511,5,2025-10-11,2026-10-11,2627.6,1
1009,301,1,2019-07-15,2020-07-15,12304.4,2
1010,938,1,2025-06-29,2026-06-29,8265.38,2
1011,491,3,2022-10-22,2023-10-22,4664.78,2
1012,768,6,2026-08-23,2027-08-23,10811.21,3
1013,284,4,2013-11-26,2014-11-26,3322.86,2
1014,523,1,1988-05-02,1989-05-02,9937.51,2
1015,720,5,2012-11-13,2013-05-13,896.75,2
1016,540,6,2010-04-19,2011-04-19,12664.55,2
1017,382,5,2024-04-19,2025-04-19,1884.24,2
1018,120,3,2023-10-09,2024-10-09,35224.82,2
1019,403,4,2013-01-24,2014-01-24,2540.12,2
1020,138,5,2023-07-18,2024-07-18,1584.96,2
1021,360,1,2013-06-29,2014-06-29,7405.02,2
1022,951,6,2023-08-14,2024-08-14,12519.05,2
1023,903,1,2016-12-21,2017-12-21,9743.58,2
1024,345,5,2025-03-19,2026-03-19,2423.99,2
1025,629,1,2021-12-20,2022-12-20,7904.24,2
1026,935,3,2024-01-17,2025-01-17,28347.91,2
1027,467,4,2021-02-27,2023-02-27,230558.92,2
1028,982,5,1997-01-24,1998-01-24,1642.17,2
1029,35,2,2014-11-04,2015-05-04,195595.51,2
1030,267,4,2022-04-08,2023-04-08,8930.3,2
1031,405,1,2026-06-01,2027-06-01,7792.99,3
1032,484,2,2025-09-14,2026-09-14,242640.61,2
1033,865,4,2013-12-24,2014-12-24,3023.36,2
1034,722,3,2026-03-04,2027-03-04,55819.29,1
1035,155,6,2005-11-15,2006-11-15,13166.35,2
1036,296,3,2024-03-23,2025-03-23,32068.32,2
1037,368,3,2012-11-27,2013-11-27,24577.7,2
1038,4,3,2025-08-04,2026-08-04,55272.82,2
1039,559,3,2012-06-17,2013-06-17,34687.82,2
1040,745,6,2025-01-14,2026-01-14,2861.14,2
1041,106,6,2025-06-19,2026-06-19,10981.48,2
1042,629,1,2010-08-13,2011-08-13,6108.69,2
1043,600,4,2022-07-17,2023-07-17,7606.29,2
1044,66,2,2017-07-22,2018-07-22,65112.15,2
1045,294,5,2025-10-13,2026-10-13,2327.02,1
1046,457,3,2022-07-05,2032-07-05,1578103.0,3
1047,737,2,2009-05-23,2010-05-23,177501.27,3
1048,733,2,2017-09-19,2018-09-19,34061.79,2
1049,875,4,2011-02-16,2111-02-16,163854.8,1
1050,600,3,2008-09-27,2009-09-27,77478.57,2
1051,49,3,2008-12-24,2009-12-24,161132.93,2
1052,516,3,2015-09-27,2016-09-27,19473.75,2
1053,600,6,2020-04-01,2021-04-01,12318.5,2
1054,816,4,2026-09-09,2027-09-09,5848.58,1
1055,424,1,2023-06-04,2024-06-04,7649.39,2
1056,356,1,2014-08-11,2015-08-11,15508.0,2
1057,192,3,2024-08-19,2025-08-19,8374.2,2
1058,177,5,2024-09-28,2025-09-28,2337.48,2
1059,528,4,2024-11-20,2025-11-20,6954.78,2
1060,860,6,2026-09-13,2027-09-13,2218.56,3
1061,894,5,2020-08-22,2021-08-22,2066.81,3
1062,905,6,2024-06-06,2025-06-06,7692.42,2
1063,438,4,2022-10-18,2023-10-18,3187.05,2
1064,456,1,2016-07-25,2017-07-25,11677.44,2
1065,863,4,2025-07-18,2026-07-18,2600.12,2
1066,405,5,2026-05-01,2027-05-01,2225.67,1
1067,69,4,2024-01-29,2025-01-29,3623.58,2
1068,170,6,2018-06-27,2019-06-27,33818.35,2
1069,76,5,2005-12-19,2006-12-19,2152.89,2
1070,933,3,2005-07-31,2006-07-31,32736.05,2
1071,392,3,2023-04-19,2025-04-19,52994.68,2
1072,662,5,2024-08-21,2025-08-21,1880.43,2
1073,87,5,2019-11-08,2020-11-08,2056.02,2
1074,663,4,2024-02-23,2025-02-23,2516.81,2
1075,359,6,2025-09-20,2026-09-20,8445.42,2
1076,861,4,2026-01-03,2027-01-03,7781.41,1
1077,258,6,2012-09-17,2013-09-17,26356.07,2
1078,600,5,2004-10-23,2005-10-23,2353.37,2
1079,530,1,2026-06-13,2027-06-13,16534.72,1
1080,611,3,2014-12-25,2015-12-25,34920.44,2
1081,823,4,2015-09-22,2016-09-22,1889.26,2
1082,323,5,2021-08-18,2022-08-18,2047.53,2
1083,556,2,2013-07-03,2014-07-03,48660.5,2
1084,51,2,2002-11-29,2003-11-29,321864.34,2
1085,291,2,2026-06-26,2027-06-26,120113.86,1
1086,844,3,2017-07-06,2018-01-06,5050.95,2
1087,258,1,2013-03-30,2014-03-30,14013.69,2
1088,593,6,2010-04-10,2011-04-10,7102.06,3
1089,322,3,2017-02-25,2018-02-25,7478.17,2
1090,59,3,2012-01-26,2012-07-26,12682.27,2
1091,455,6,2018-04-27,2019-04-27,4892.06,2
1092,221,4,2025-02-02,2026-02-02,8989.46,2
1093,981,6,2013-05-10,2014-05-10,19756.04,2
1094,807,3,2002-03-24,2004-03-24,75041.16,2
1095,58,1,2025-06-13,2026-06-13,13049.52,2
1096,931,3,2010-07-06,2011-07-06,26498.84,2
1097,813,3,2022-02-11,2023-02-11,42397.93,2
1098,379,2,2015-10-13,2016-10-13,188114.2,2
1099,566,5,2026-08-21,2027-08-21,2424.83,1
1100,609,4,2023-06-15,2024-06-15,2033.74,2
1101,644,2,2026-05-18,2027-05-18,238207.9,1
1102,104,1,2025-09-16,2026-09-16,16053.31,2
1103,492,2,1984-02-06,1984-08-06,43105.49,2
1104,365,3,2010-06-04,2011-06-04,29333.35,2
1105,584,5,2014-09-20,2015-09-20,2819.92,2
1106,824,1,2025-12-20,2026-12-20,11717.53,1
1107,795,6,2022-06-29,2023-06-29,4071.16,2
1108,753,4,2013-04-19,2014-04-19,4314.01,2
1109,127,1,2025-12-23,2026-12-23,9275.93,1
1110,131,5,2022-10-24,2023-10-24,1920.48,2
1111,720,1,2019-11-25,2020-11-25,8254.44,2
1112,425,4,2025-02-26,2026-02-26,4048.99,3
1113,35,5,2010-12-07,2011-12-07,2119.4,2
1114,893,3,2024-03-10,2025-03-10,83005.08,2
1115,230,5,2024-08-25,2025-08-25,1656.54,2
1116,627,2,2025-12-01,2026-12-01,84445.4,1
1117,947,4,2023-06-21,2024-06-21,2452.07,2
1118,461,2,2026-01-27,2027-01-27,121962.63,1
1119,295,2,2014-01-20,2014-07-20,142484.8,3
1120,684,2,2024-10-29,2025-10-29,111378.3,2
1121,540,4,2019-10-19,2020-04-19,3204.79,2
1122,958,6,2020-04-06,2021-04-06,24934.24,2
1123,159,5,2018-11-24,2019-11-24,2444.99,2
1124,158,2,2019-08-03,2020-02-03,139421.24,2
1125,539,3,1997-06-21,1998-06-21,8894.52,2
1126,28,3,2026-09-15,2027-03-15,35267.54,1
1127,990,5,2017-05-04,2018-05-04,1533.92,2
1128,952,4,1994-04-24,1995-04-24,6512.15,2
1129,496,4,2018-08-30,2019-08-30,6782.19,2
1130,33,1,2014-10-26,2015-10-26,6061.78,2
1131,87,6,2019-08-04,2020-08-04,16533.89,2
1132,234,3,2025-11-17,2026-11-17,32033.19,1
1133,495,6,2008-08-24,2009-08-24,6885.29,2
1134,108,3,2026-09-19,2027-09-19,62805.54,3
1135,98,2,2026-07-14,2126-07-14,4407308.59,1
1136,740,2,2026-04-02,2027-04-02,243087.56,1
1137,916,1,2026-06-08,2028-06-08,30211.9,1
1138,721,4,2009-03-10,2011-03-10,7233.1,2
1139,181,6,2023-04-01,2024-04-01,6786.81,3
1140,180,2,2020-07-19,2021-07-19,62988.93,2
1141,394,6,2017-08-16,2018-08-16,32358.24,2
1142,545,5,2022-02-16,2022-08-16,936.18,2
1143,130,3,2025-01-09,2026-01-09,10553.31,2
1144,896,6,2018-01-01,2019-01-01,7602.37,2
1145,284,6,2012-06-13,2013-06-13,10196.2,2
1146,481,5,2017-07-19,2018-07-19,2918.0,2
1147,96,3,2017-04-22,2018-04-22,31323.47,2
1148,825,4,2026-01-08,2027-01-08,4230.23,1
1149,686,1,2020-10-19,2021-10-19,9873.71,2
1150,770,2,2021-05-25,2021-11-25,13550.69,2
1151,513,6,2025-03-15,2026-03-15,6591.28,2
1152,374,4,2021-09-07,2022-09-07,3827.52,2
1153,676,6,2025-07-09,2026-07-09,35087.36,2
1154,111,3,2014-08-23,2015-08-23,92682.14,2
1155,584,6,2021-01-01,2022-01-01,63720.41,2
1156,901,4,2022-10-30,2023-10-30,3229.84,2
1157,178,5,2023-08-08,2024-08-08,2326.88,2
1158,422,2,2021-12-10,2121-12-10,3351022.79,1
1159,610,5,2025-04-17,2026-04-17,2730.49,2
1160,162,3,2020-06-19,2021-06-19,11739.4,2
1161,807,2,2022-07-25,2023-07-25,166499.84,2
1162,169,5,2015-08-11,2016-08-11,1638.98,2
1163,552,4,2022-12-16,2023-12-16,3046.77,2
1164,584,3,2025-01-22,2026-01-22,31444.68,2
1165,573,6,2022-12-20,2023-12-20,2817.19,3
1166,582,4,2023-02-25,2024-02-25,8683.61,2
1167,61,3,2026-03-05,2027-03-05,4436.05,1
1168,248,1,2020-12-11,2021-12-11,10632.85,3
1169,80,6,2024-03-11,2025-03-11,6075.73,2
1170,238,5,2018-11-08,2019-05-08,987.17,2
1171,939,5,2017-05-08,2018-05-08,2202.62,2
1172,517,5,2025-05-10,2026-05-10,2169.1,2
1173,438,6,2025-12-14,2026-12-14,5966.98,3
1174,906,3,2014-10-23,2015-10-23,8346.31,2
1175,27,2,2018-10-08,2019-10-08,238843.79,2
1176,957,6,2008-07-01,2009-07-01,30871.89,2
1177,697,1,2014-07-07,2015-07-07,9814.89,2
1178,430,5,2018-10-05,2019-10-05,1500.0,2
1179,661,6,2018-03-25,2019-03-25,6623.5,2
1180,610,6,2013-08-13,2014-02-13,2826.88,2
1181,307,3,2025-03-31,2026-03-31,29249.69,2
1182,809,1,2017-07-16,2018-01-16,3150.41,2
1183,129,5,2026-02-17,2027-02-17,2073.84,1
1184,797,6,2019-05-31,2029-05-31,184557.5,1
1185,249,3,2019-09-30,2020-09-30,21620.67,2
1186,862,5,2022-04-23,2023-04-23,2187.29,3
1187,716,5,2019-05-05,2020-05-05,1722.28,2
1188,417,4,2021-06-12,2022-06-12,3532.99,2
1189,59,5,2020-04-12,2020-10-12,812.78,2
1190,627,2,2025-03-05,2026-03-05,411894.39,2
1191,699,3,2020-10-28,2021-10-28,41665.99,2
1192,86,1,2022-10-29,2023-10-29,13885.14,3
1193,69,1,2024-01-10,2025-01-10,6423.1,2
1194,975,5,2024-07-03,2025-07-03,2530.89,2
1195,123,6,2016-02-24,2017-02-24,3667.34,2
1196,472,2,2025-04-06,2026-04-06,342347.76,3
1197,318,4,2017-07-08,2018-07-08,2268.13,3
1198,118,3,2024-10-04,2025-10-04,96022.48,2
1199,446,1,2024-05-22,2025-05-22,8905.52,3
1200,614,3,2024-02-18,2025-02-18,28571.02,2
1201,89,1,2021-01-25,2022-01-25,6370.41,2
1202,796,1,2018-07-30,2019-07-30,7063.36,2
1203,25,2,2018-07-29,2019-07-29,148762.92,2
1204,672,6,2024-08-30,2025-08-30,5922.61,2
1205,865,6,2014-02-26,2015-02-26,5963.24,2
1206,82,6,2016-04-24,2017-04-24,3977.25,2
1207,688,6,2025-05-21,2026-05-21,6711.92,2
1208,312,2,2015-03-09,2016-03-09,103548.66,2
1209,654,3,2013-02-05,2014-02-05,31125.84,2
1210,744,3,2023-11-19,2024-11-19,11613.93,2
1211,142,6,2025-06-03,2027-06-03,19379.55,1
1212,213,2,2026-08-02,2027-08-02,80595.76,1
1213,455,4,2016-08-10,2017-08-10,6924.68,2
1214,234,2,2020-11-26,2021-11-26,176111.96,2
1215,604,2,2024-08-02,2034-08-02,1449111.3,3
1216,567,4,2021-11-07,2022-11-07,7267.12,2
1217,824,2,2026-04-20,2027-04-20,366191.76,1
1218,516,6,2020-06-20,2021-06-20,7274.16,2
1219,979,3,2005-08-02,2006-08-02,6913.08,2
1220,753,1,2012-07-15,2013-01-15,5625.96,2
1221,703,1,2019-09-22,2020-09-22,8109.45,2
1222,89,3,2022-04-21,2023-04-21,153975.57,2
1223,921,2,2026-06-06,2027-06-06,43576.83,1
1224,176,2,2023-12-13,2033-12-13,801125.4,1
1225,632,1,2026-04-18,2027-04-18,6768.61,1
1226,34,6,2025-01-21,2026-01-21,11392.78,2
1227,17,5,2006-02-18,2007-02-18,2522.67,2
1228,707,3,2026-07-03,2027-07-03,32413.02,1
1229,534,3,2026-01-12,2027-01-12,30158.08,3
1230,793,4,2025-03-01,2026-03-01,309289.99,2
1231,397,5,2010-05-03,2012-05-03,3765.38,2
1232,555,5,2024-03-27,2025-03-27,1657.68,2
1233,11,6,2009-01-15,2010-01-15,12268.27,2
1234,202,6,2009-11-14,2010-11-14,15214.44,2
1235,510,2,2024-05-18,2025-05-18,394358.37,2
1236,482,4,2008-04-27,2009-04-27,6533.92,3
1237,944,2,2018-06-17,2019-06-17,180254.96,2
1238,955,5,2019-01-24,2020-01-24,2207.95,2
1239,750,1,2026-01-06,2028-01-06,19728.4,1
1240,353,4,2015-04-26,2016-04-26,362072.81,2
1241,477,1,2022-01-13,2024-01-13,31830.54,2
1242,211,4,2022-04-25,2023-04-25,6213.44,2
1243,835,1,2025-05-03,2026-05-03,11472.57,3
1244,68,2,2014-01-23,2015-01-23,91221.6,2
1245,151,3,2025-03-12,2026-03-12,11580.3,2
1246,306,6,2024-09-17,2025-09-17,3464.72,2
1247,368,4,2009-02-13,2010-02-13,5538.84,2
1248,469,2,2018-03-21,2019-03-21,130458.99,2
1249,1000,2,2025-11-18,2026-11-18,197497.87,1
1250,955,5,2020-10-05,2021-10-05,1500.0,2
1251,26,5,2022-11-14,2023-11-14,2445.16,2
1252,668,1,2026-06-18,2027-06-18,7427.36,1
1253,497,4,2024-09-04,2025-03-04,1730.06,2
1254,844,2,2014-01-13,2015-01-13,18351.67,2
1255,11,4,2005-01-28,2006-01-28,8883.07,2
1256,593,4,2021-10-10,2022-10-10,9272.59,2
1257,529,6,2024-09-30,2025-09-30,16837.09,2
1258,494,4,2022-02-23,2023-02-23,2699.03,2
1259,511,4,2025-01-07,2025-07-07,3343.8,2
1260,545,5,2023-06-26,2024-06-26,2621.2,2
1261,979,4,2024-09-18,2025-09-18,2643.88,2
1262,433,4,2026-05-31,2026-11-30,1352.82,1
1263,321,4,2025-06-16,2125-06-16,45152.2,1
1264,595,4,2019-11-16,2020-11-16,2577.67,2
1265,679,5,2011-11-20,2012-11-20,1930.14,2
1266,551,4,2026-08-17,2027-08-17,2822.58,3
1267,177,1,2022-10-05,2023-10-05,7656.65,2
1268,996,3,2014-09-08,2015-09-08,38693.07,2
1269,961,2,2024-05-15,2025-05-15,52275.43,2
1270,555,5,2026-06-08,2027-06-08,1840.84,1
1271,763,4,2023-08-15,2024-08-15,5373.41,2
1272,681,6,2020-04-27,2021-04-27,4094.22,3
1273,703,4,2022-04-29,2022-10-29,1382.08,2
1274,400,5,1994-02-03,1995-02-03,1502.04,3
1275,60,4,2024-01-17,2025-01-17,2724.27,2
1276,676,6,2017-09-17,2018-09-17,23337.46,2
1277,356,3,2015-05-23,2016-05-23,82555.87,2
1278,919,4,1987-06-19,1988-06-19,7381.71,2
1279,734,4,2016-10-11,2017-10-11,2229.42,2
1280,416,2,2026-07-23,2027-07-23,131845.0,1
1281,935,4,2023-05-03,2024-05-03,8843.42,2
1282,905,6,2025-09-27,2026-09-27,5688.56,2
1283,577,4,2008-04-25,2009-04-25,5057.3,2
1284,811,2,2019-04-04,2020-04-04,393115.37,2
1285,586,6,2022-05-15,2023-05-15,5408.59,2
1286,766,1,2026-07-26,2027-07-26,6051.57,1
1287,479,2,2016-10-05,2017-10-05,140042.16,2
1288,267,1,2017-11-28,2018-11-28,9869.92,2
1289,624,6,2019-04-22,2020-04-22,8960.26,2
1290,281,4,2023-01-12,2024-01-12,2593.82,2
1291,142,1,2025-09-04,2026-09-04,8375.86,2
1292,225,2,2009-04-01,2010-04-01,337507.58,2
1293,919,3,2017-03-20,2018-03-20,181244.18,2
1294,570,4,2006-03-31,2007-03-31,4289.68,2
1295,819,4,2015-06-17,2016-06-17,6124.06,2
1296,416,1,2026-06-07,2027-06-07,7300.96,1
1297,38,3,2021-12-02,2022-12-02,139771.44,2
1298,72,1,2022-06-17,2022-12-17,2999.2,3
1299,582,5,2012-04-18,2013-04-18,1997.45,3
1300,768,1,2026-08-02,2027-08-02,11606.0,3
1301,321,5,2015-03-16,2016-03-16,2155.49,2
1302,658,5,2018-12-18,2019-12-18,2507.29,2
1303,806,1,2005-08-24,2006-08-24,15813.06,2
1304,435,4,2011-04-26,2012-04-26,5421.63,2
1305,876,5,2018-10-08,2019-10-08,2404.89,2
1306,311,4,2026-07-13,2027-07-13,8156.46,1
1307,135,1,2026-04-10,2027-04-10,7666.13,1
1308,813,2,2022-10-16,2023-10-16,334956.47,2
1309,853,4,2015-10-17,2016-10-17,6962.07,2
1310,793,4,2026-07-27,2027-07-27,3031.23,1
1311,846,2,2025-11-15,2026-11-15,483197.04,1
1312,337,5,2025-10-25,2026-10-25,1997.1,1
1313,173,1,2018-06-14,2019-06-14,6768.07,2
1314,683,2,2008-09-01,2009-09-01,407789.81,2
1315,602,5,2004-05-17,2005-05-17,2276.81,2
1316,508,2,2023-01-03,2024-01-03,362596.89,2
1317,952,4,1992-01-31,1993-01-31,5531.25,2
1318,187,4,2018-02-02,2019-02-02,2756.89,2
1319,248,4,2024-07-03,2025-07-03,8416.22,3
1320,844,5,2020-03-11,2021-03-11,2442.56,2
1321,360,4,2015-06-25,2016-06-25,6400.39,2
1322,428,2,1993-05-04,1994-05-04,445535.99,2
1323,333,3,2025-11-29,2026-11-29,49015.88,1
1324,117,6,2019-02-08,2021-02-08,25197.02,2
1325,748,1,2024-08-16,2026-08-16,27623.49,2
1326,673,2,2021-10-11,2022-10-11,327367.27,2
1327,316,3,2016-11-03,2017-11-03,79596.16,3
1328,730,6,2026-08-06,2027-08-06,11727.46,1
1329,788,4,2023-03-04,2024-03-04,8731.17,2
1330,723,2,2026-04-19,2027-04-19,220814.77,1
1331,35,6,2019-10-12,2020-10-12,2605.38,2
1332,678,6,2026-01-31,2027-01-31,43791.26,1
1333,894,5,2025-10-30,2027-10-30,4754.18,1
1334,947,3,2020-04-20,2021-04-20,36398.09,2
1335,456,1,2013-07-19,2014-07-19,9290.87,2
1336,368,1,2014-03-28,2015-03-28,6504.97,2
1337,534,3,2024-11-30,2025-11-30,5850.0,2
1338,371,3,2016-10-08,2017-10-08,83607.59,2
1339,351,5,2018-04-19,2019-04-19,1499.99,2
1340,446,2,2025-09-27,2026-09-27,124520.41,2
1341,922,6,2026-04-04,2027-04-04,11628.01,1
1342,665,3,2021-03-17,2022-03-17,156126.14,3
1343,545,4,2024-08-04,2025-08-04,2254.86,2
1344,216,3,2010-03-25,2011-03-25,19909.92,3
1345,816,6,2025-03-11,2026-03-11,51988.1,2
1346,49,1,2013-11-30,2014-11-30,7588.55,2
1347,290,6,2024-01-28,2025-01-28,7543.27,2
1348,170,5,2022-12-29,2032-12-29,15000.0,1
1349,529,6,2026-04-19,2027-04-19,40638.91,1
1350,6,2,2001-12-16,2002-12-16,494755.74,2
1351,927,3,2025-09-20,2026-09-20,31037.65,2
1352,236,4,2023-10-22,2024-10-22,2927.6,2
1353,559,6,2019-07-22,2020-07-22,14820.17,2
1354,581,5,2021-12-21,2022-12-21,1759.55,2
1355,342,1,2016-03-23,2017-03-23,7649.65,2
1356,829,5,2005-05-14,2006-05-14,2055.06,2
1357,178,1,2024-10-04,2025-10-04,7725.17,2
1358,51,5,2014-07-20,2015-07-20,1781.76,3
1359,960,5,2017-06-22,2018-06-22,1623.39,2
1360,387,3,2017-07-30,2018-07-30,92142.11,2
1361,377,4,2025-04-24,2026-04-24,7005.59,2
1362,806,6,2010-05-16,2011-05-16,12339.36,2
1363,60,3,2023-05-14,2024-05-14,130057.07,2
1364,666,1,2009-10-23,2010-10-23,5972.46,2
1365,779,5,2011-04-22,2012-04-22,2522.67,2
1366,118,1,2026-03-21,2027-03-21,13784.26,1
1367,14,1,2024-11-16,2025-11-16,11265.72,3
1368,319,3,2015-04-29,2016-04-29,85021.88,2
1369,282,1,2015-02-08,2016-02-08,10032.64,2
1370,414,6,2024-02-24,2025-02-24,41046.19,2
1371,500,1,2012-01-20,2013-01-20,6243.74,2
1372,317,2,2025-01-22,2125-01-22,7302721.6,1
1373,817,6,2024-01-18,2025-01-18,6368.32,2
1374,467,4,2024-12-25,2025-12-25,3203.17,2
1375,25,4,2012-09-01,2013-09-01,8663.52,2
1376,916,2,2024-02-08,2025-02-08,259689.92,2
1377,869,1,2015-11-05,2016-11-05,6130.1,2
1378,514,6,2014-01-14,2014-07-14,6980.61,3
1379,104,4,2025-04-24,2026-04-24,6742.77,2
1380,921,4,2025-03-16,2026-03-16,8933.2,3
1381,901,6,2012-08-06,2013-08-06,4775.73,2
1382,639,3,2026-06-19,2027-06-19,26768.15,1
1383,62,1,2026-03-11,2027-03-11,7103.23,1
1384,127,3,2026-01-19,2027-01-19,25955.38,1
1385,639,4,2026-08-21,2027-08-21,2385.1,1
1386,822,2,2026-08-08,2027-08-08,244999.53,3
1387,22,2,2026-08-08,2027-08-08,153913.19,3
1388,962,1,2025-08-20,2026-08-20,9861.82,2
1389,192,3,2026-04-13,2027-04-13,171416.95,1
1390,575,3,2022-01-17,2023-01-17,33858.41,2
1391,535,2,2011-04-10,2012-04-10,51758.54,2
1392,840,6,2015-03-05,2016-03-05,5989.19,2
1393,215,4,2026-01-02,2027-01-02,4395.24,1
1394,316,2,2025-09-08,2026-09-08,319891.89,2
1395,864,4,2020-11-27,2021-11-27,9317.52,2
1396,222,1,2024-04-11,2025-04-11,7317.75,2
1397,13,6,2019-10-23,2020-10-23,12862.88,2
1398,822,1,2026-08-27,2027-08-27,10569.71,1
1399,278,2,2012-02-12,2013-02-12,89566.78,2
1400,271,1,2017-06-30,2018-06-30,8822.79,2
1401,979,5,2022-08-03,2023-08-03,2419.3,2
1402,277,4,2025-05-29,2025-11-29,4346.7,2
1403,137,1,2026-04-14,2027-04-14,7429.79,1
1404,797,5,2013-08-27,2014-08-27,2150.45,2
1405,180,3,2014-06-14,2015-06-14,30903.54,2
1406,355,6,2015-06-21,2016-06-21,9009.04,2
1407,832,2,2025-08-30,2026-08-30,135595.2,2
1408,566,5,2025-04-18,2026-04-18,1790.39,2
1409,193,3,2019-04-05,2020-04-05,72901.42,2
1410,495,2,2005-11-06,2006-11-06,102493.32,2
1411,938,6,2017-03-24,2018-03-24,23564.09,2
1412,628,6,2026-08-12,2027-08-12,9675.37,1
1413,911,4,2022-11-27,2023-11-27,10491.0,2
1414,429,2,2013-03-03,2014-03-03,307556.57,2
1415,849,1,2023-02-16,2024-02-16,8003.01,2
1416,676,3,2024-07-15,2025-07-15,29083.25,2
1417,357,3,2010-10-30,2011-10-30,25699.44,2
1418,853,3,2026-03-31,2027-03-31,39680.9,1
1419,436,3,2020-09-12,2021-03-12,5840.97,2
1420,345,6,2020-09-01,2021-09-01,70000.0,2
1421,480,4,2002-03-02,2003-03-02,8655.75,2
1422,182,5,2026-06-11,2027-06-11,2154.56,1
1423,989,5,2012-07-16,2013-07-16,2132.39,2
1424,669,2,2026-06-13,2027-06-13,442623.57,1
1425,2,1,2021-12-19,2022-12-19,8795.77,2
1426,116,4,2020-05-12,2021-05-12,2362.28,2
1427,922,5,2025-02-19,2026-02-19,1500.0,3
1428,591,4,2018-12-06,2019-12-06,3275.75,2
1429,77,6,2019-08-05,2020-08-05,5563.77,2
1430,285,4,2015-03-30,2016-03-30,2802.71,2
1431,329,5,2016-04-07,2017-04-07,1980.09,2
1432,360,4,2014-12-04,2015-12-04,5817.98,2
1433,383,3,2023-01-06,2024-01-06,32009.76,3
1434,311,4,2026-01-29,2027-01-29,6323.64,1
1435,311,1,2026-07-28,2027-07-28,7348.81,1
1436,52,6,2022-06-07,2023-06-07,3544.42,2
1437,126,2,2013-02-27,2014-02-27,106342.66,2
1438,323,4,2017-10-10,2018-10-10,2005.24,2
1439,762,4,2008-01-10,2009-01-10,3172.84,2
1440,330,2,2008-10-13,2009-10-13,182756.81,3
1441,231,4,2007-08-02,2008-08-02,6058.94,2
1442,964,4,2026-06-14,2027-06-14,10670.39,1
1443,358,6,2026-06-08,2027-06-08,4591.67,1
1444,114,2,1998-01-12,1999-01-12,96152.08,2
1445,963,4,2001-01-14,2002-01-14,7609.69,3
1446,673,6,2021-04-20,2022-04-20,4850.72,3
1447,87,4,2022-08-02,2023-08-02,6770.03,2
1448,689,3,2020-02-02,2021-02-02,174560.63,2
1449,986,3,2013-06-25,2014-06-25,26721.11,2
1450,94,4,2018-05-10,2019-05-10,7905.41,2
1451,129,6,2025-09-14,2026-09-14,9351.63,2
1452,856,2,2026-09-25,2027-09-25,89174.08,1
1453,344,6,1999-12-02,2000-12-02,70000.0,2
1454,881,5,2017-02-01,2018-02-01,2392.06,2
1455,582,5,2015-08-19,2017-08-19,4018.6,2
1456,198,2,2021-11-27,2022-11-27,286055.77,2
1457,88,4,2016-08-27,2017-08-27,395202.48,2
1458,941,5,2025-04-13,2026-04-13,2244.92,2
1459,795,3,2026-07-31,2027-07-31,26716.95,1
1460,513,3,2022-12-04,2023-12-04,179466.14,2
1461,616,5,2017-07-17,2018-07-17,2477.01,3
1462,594,6,2015-03-10,2016-03-10,2892.99,2
1463,972,1,2025-01-16,2026-01-16,6820.64,2
1464,669,3,2023-07-21,2024-07-21,70859.88,2
1465,669,2,2026-08-02,2126-08-02,6036000.0,1
1466,670,6,2007-02-26,2008-02-26,2052.39,2
1467,375,2,2025-11-20,2026-11-20,82736.14,1
1468,249,6,2009-06-18,2010-06-18,7545.63,2
1469,960,4,2022-07-13,2023-07-13,3883.0,2
1470,758,6,2010-12-04,2011-12-04,18988.68,2
1471,111,6,2024-03-12,2025-03-12,7131.56,2
1472,988,2,2020-10-28,2021-10-28,172127.14,2
1473,200,4,2023-08-02,2024-08-02,2245.11,2
1474,429,5,2021-11-02,2022-11-02,1976.84,2
1475,368,5,2013-05-21,2015-05-21,3558.02,2
1476,540,3,2010-05-23,2011-05-23,31178.17,2
1477,426,2,2019-08-23,2020-08-23,304419.75,2
1478,843,3,2026-05-14,2027-05-14,11032.32,1
1479,159,6,2019-01-27,2020-01-27,12512.95,2
1480,995,4,2023-11-29,2024-11-29,8096.51,3
1481,120,4,2024-08-13,2025-08-13,1942.06,2
1482,309,3,2018-05-24,2019-05-24,193444.72,2
1483,868,5,2017-12-19,2018-12-19,1529.14,3
1484,819,5,2015-07-13,2016-07-13,2202.89,2
1485,543,3,1996-05-21,1997-05-21,39852.19,2
1486,978,5,2019-11-13,2020-11-13,1815.95,2
1487,780,2,2025-08-24,2026-08-24,58280.31,2
1488,901,1,2008-05-02,2009-05-02,9362.28,2
1489,945,3,2023-06-25,2024-06-25,77929.52,2
1490,507,5,2020-03-20,2021-03-20,2111.91,2
1491,506,5,2026-08-23,2027-08-23,1686.01,1
1492,717,3,2020-03-18,2021-03-18,29195.7,2
1493,879,2,2013-06-14,2014-06-14,280427.14,2
1494,61,2,2020-10-11,2021-10-11,106612.65,2
1495,984,6,2013-10-26,2014-10-26,8699.25,2
1496,755,1,1999-03-01,2001-03-01,18950.7,2
1497,396,1,2005-08-05,2006-08-05,6929.87,2
1498,633,3,2021-10-10,2022-10-10,29732.47,2
1499,169,3,2019-03-02,2020-03-02,5341.84,2
1500,999,4,2026-08-05,2027-02-05,67619.83,1
1501,205,1,2026-08-28,2028-08-28,14673.78,1
1502,107,5,2022-12-27,2023-12-27,2170.37,2
1503,755,4,2009-08-21,2010-08-21,8092.91,2
1504,777,2,2023-12-17,2024-12-17,348227.44,2
1505,174,1,2021-10-15,2022-10-15,8640.94,2
1506,751,3,2015-01-22,2016-01-22,9221.17,2
1507,466,1,2021-06-13,2022-06-13,9431.29,2
1508,728,5,2016-10-14,2017-10-14,1944.66,2
1509,109,5,2010-04-30,2011-04-30,2036.05,2
1510,585,6,2020-10-24,2021-10-24,8197.03,2
1511,570,2,2012-10-28,2013-10-28,233554.53,2
1512,555,3,2026-03-16,2027-03-16,80582.22,1
1513,230,5,2023-12-22,2024-12-22,1623.43,2
1514,86,1,2025-09-02,2026-09-02,9180.38,2
1515,39,3,2012-03-19,2013-03-19,17650.51,2
1516,24,3,2020-03-10,2021-03-10,31386.95,2
1517,408,5,2016-03-19,2017-03-19,2054.26,2
1518,399,2,2023-04-01,2024-04-01,68999.47,2
1519,866,6,2011-01-18,2012-01-18,14099.87,2
1520,197,5,2026-05-25,2027-05-25,2494.96,1
1521,771,5,2011-04-25,2012-04-25,2734.13,2
1522,278,1,2015-02-23,2016-02-23,11387.48,2
1523,365,2,2011-05-06,2012-05-06,493783.28,2
1524,564,2,2026-02-16,2027-02-16,187602.09,1
1525,703,2,2020-03-07,2021-03-07,37077.88,3
1526,816,4,2024-02-09,2025-02-09,9475.26,2
1527,708,4,2023-11-05,2024-11-05,10764.72,2
1528,391,4,2026-08-27,2027-08-27,3724.72,1
1529,137,6,2025-10-28,2026-10-28,7335.43,1
1530,134,3,2024-11-05,2025-11-05,77771.59,2
1531,601,4,2015-08-05,2016-08-05,3318.51,2
1532,471,4,2015-08-25,2016-08-25,3305.06,2
1533,695,1,2023-04-27,2023-10-27,4898.09,2
1534,34,1,2023-09-17,2024-03-17,6670.87,3
1535,639,4,2026-09-16,2027-09-16,10699.97,1
1536,277,5,2024-12-09,2025-12-09,2184.05,2
1537,844,5,2016-03-21,2017-03-21,2404.61,2
1538,984,2,2016-01-27,2017-01-27,169641.59,2
1539,814,2,2026-08-02,2027-08-02,42449.5,2
1540,48,6,2024-07-29,2025-07-29,57563.26,2
1541,212,3,2021-06-18,2022-06-18,156267.66,2
1542,854,2,2014-07-30,2015-07-30,28846.87,2
1543,488,6,2025-05-07,2026-05-07,6709.85,2
1544,752,4,2024-04-26,2025-04-26,250773.69,2
1545,754,4,2010-12-27,2011-12-27,2778.11,2
1546,807,6,2005-04-05,2006-04-05,7163.35,2
1547,839,2,2022-08-19,2023-08-19,346142.06,2
1548,952,5,2005-11-05,2006-11-05,1500.0,2
1549,912,2,2013-12-13,2014-12-13,305542.58,2
1550,920,1,2025-09-07,2026-09-07,9435.09,2
1551,876,5,2024-09-27,2025-09-27,2567.52,2
1552,31,3,2023-09-03,2024-09-03,71963.21,2
1553,158,2,2019-01-07,2021-01-07,262529.26,2
1554,319,5,2023-07-15,2024-07-15,1771.5,2
1555,247,5,2015-05-30,2015-11-30,1201.91,2
1556,608,3,2019-11-21,2020-11-21,10959.51,2
1557,456,3,2014-12-03,2015-12-03,33663.45,2
1558,958,3,2024-07-15,2124-07-15,884530.0,1
1559,647,4,2020-05-20,2021-05-20,3222.32,2
1560,97,5,2026-05-04,2027-05-04,2100.72,1
1561,927,3,2024-04-23,2025-04-23,9283.22,2
1562,340,4,2026-07-11,2028-07-11,16683.87,3
1563,652,5,2022-06-01,2023-06-01,2155.73,2
1564,236,2,2024-01-11,2025-01-11,290250.05,2
1565,177,3,2026-03-26,2027-03-26,76252.77,1
1566,742,4,2022-05-03,2023-05-03,237133.86,2
1567,459,3,2022-01-01,2023-01-01,115980.08,2
1568,608,5,2023-11-08,2024-11-08,2455.0,3
1569,862,4,2024-07-15,2025-07-15,6562.4,2
1570,411,6,2000-05-14,2001-05-14,7542.55,2
1571,916,4,2024-05-13,2025-05-13,5308.39,2
1572,642,1,2023-11-26,2024-11-26,6957.27,2
1573,613,2,2025-12-15,2026-12-15,257482.44,1
1574,480,6,1999-12-15,2000-12-15,7745.99,2
1575,984,3,2026-04-03,2027-04-03,28312.51,1
1576,384,2,2025-12-27,2027-12-27,176675.54,1
1577,1000,1,2025-05-16,2026-05-16,10202.88,2
1578,614,1,2021-05-08,2022-05-08,15359.08,2
1579,490,5,2025-06-24,2026-06-24,1993.2,2
1580,343,3,2026-09-21,2027-09-21,76688.55,3
1581,422,2,2025-07-31,2026-07-31,576334.35,2
1582,482,1,2023-01-29,2024-01-29,6434.28,2
1583,734,4,2015-12-04,2016-12-04,7794.08,2
1584,648,6,2012-01-25,2013-01-25,5698.82,2
1585,537,3,2025-04-14,2026-04-14,5666.63,2
1586,662,6,2025-02-08,2026-02-08,8047.01,2
1587,483,5,2024-12-19,2025-12-19,1688.53,2
1588,459,2,2017-03-26,2018-03-26,377324.51,2
1589,826,3,2026-01-31,2027-01-31,13029.54,1
1590,741,6,2017-07-11,2018-07-11,5272.45,2
1591,80,6,2024-07-15,2025-07-15,29466.78,2
1592,452,6,2026-08-29,2027-08-29,1999.99,1
1593,435,6,2023-05-26,2024-05-26,17177.62,3
1594,770,5,2023-09-19,2024-09-19,1901.79,2
1595,703,5,2026-08-13,2027-08-13,2160.47,1
1596,661,2,1980-07-17,1981-07-17,454698.6,2
1597,748,3,2025-12-19,2026-12-19,28642.19,3
1598,741,2,2010-02-23,2011-02-23,159859.05,2
1599,141,3,2026-05-30,2027-05-30,19486.14,1
1600,894,3,2022-09-11,2023-09-11,152470.62,2
1601,556,5,2002-11-10,2003-05-10,1207.35,2
1602,261,3,2024-11-14,2025-11-14,12428.27,2
1603,683,1,2023-08-13,2024-08-13,9562.1,3
1604,257,2,2022-09-22,2023-09-22,482266.67,2
1605,1000,5,2026-09-23,2027-09-23,1606.26,1
1606,775,5,2026-06-11,2027-06-11,1840.79,1
1607,510,4,2024-12-14,2025-12-14,8036.4,2
1608,488,4,2025-04-11,2026-04-11,7304.71,2
1609,420,2,2025-10-28,2026-10-28,106225.76,1
1610,651,6,2025-10-25,2026-10-25,21725.08,1
1611,63,3,2017-08-13,2018-08-13,25467.67,3
1612,407,1,2026-01-02,2027-01-02,12518.47,1
1613,532,3,2004-03-09,2005-03-09,30452.48,2
1614,701,4,2023-04-09,2024-04-09,6359.4,2
1615,331,6,2005-09-24,2006-09-24,12181.46,2
1616,491,1,2019-03-30,2020-03-30,6726.01,2
1617,549,2,2023-06-25,2024-06-25,503647.36,2
1618,717,4,2016-11-19,2017-11-19,320400.31,2
1619,347,2,2023-12-12,2024-12-12,40300.1,2
1620,845,6,2019-05-15,2020-05-15,8845.21,2
1621,124,6,1997-01-07,1998-01-07,11013.11,3
1622,628,2,2026-05-22,2027-05-22,136446.2,1
1623,425,1,2021-01-19,2022-01-19,7881.06,2
1624,217,6,2025-10-03,2026-10-03,4541.62,1
1625,823,2,2010-12-02,2011-12-02,262134.74,3
1626,355,6,2016-07-06,2017-07-06,9579.59,2
1627,740,3,2024-07-10,2025-07-10,37261.99,2
1628,149,5,2019-07-10,2020-07-10,1659.83,2
1629,117,2,2025-08-25,2026-08-25,289264.31,2
1630,23,2,2023-07-20,2024-07-20,38198.12,2
1631,746,4,1998-05-21,1999-05-21,2454.48,2
1632,156,3,2026-08-27,2027-08-27,32013.82,3
1633,155,5,2008-04-12,2009-04-12,1722.56,2
1634,130,3,2019-09-22,2020-09-22,56606.17,2
1635,783,3,2021-11-17,2022-11-17,11635.89,2
1636,487,3,2007-10-06,2008-10-06,68423.11,2
1637,920,2,2025-03-17,2026-03-17,226193.54,2
1638,4,6,2017-01-02,2018-01-02,11576.75,2
1639,197,6,2022-01-27,2023-01-27,29781.9,3
1640,832,6,2021-12-06,2022-12-06,10767.11,2
1641,574,6,2022-06-07,2024-06-07,29614.45,2
1642,735,2,2022-05-08,2024-05-08,199231.43,3
1643,583,4,2026-04-15,2027-04-15,2994.65,1
1644,849,6,2025-05-06,2026-05-06,4080.16,2
1645,83,1,2025-01-14,2026-01-14,13520.74,2
1646,826,5,2026-05-02,2027-05-02,1964.1,1
1647,639,6,2026-09-27,2027-09-27,2000.0,1
1648,996,4,2022-12-22,2023-12-22,4670.04,2
1649,731,4,2022-12-08,2023-12-08,251216.04,2
1650,228,6,2025-06-20,2026-06-20,3059.27,2
1651,524,2,2021-09-09,2022-09-09,384558.06,2
1652,924,1,2026-09-19,2027-09-19,11126.9,1
1653,488,4,2024-06-11,2025-06-11,8751.48,2
1654,57,6,2022-06-24,2023-06-24,17800.42,3
1655,108,4,2026-04-12,2027-04-12,3927.71,1
1656,595,4,2019-03-24,2020-03-24,3081.71,2
1657,501,3,2025-08-05,2026-08-05,37547.5,2
1658,249,1,2026-01-05,2028-01-05,18374.78,1
1659,987,1,2025-09-23,2026-09-23,11150.29,2
1660,931,3,2015-06-22,2016-06-22,34640.52,2
1661,954,6,2020-07-03,2021-07-03,6770.23,2
1662,475,1,2009-09-28,2010-09-28,9636.95,2
1663,746,5,2021-06-27,2022-06-27,1579.05,2
1664,158,4,2025-06-26,2026-06-26,9111.9,2
1665,878,3,2015-11-27,2016-11-27,31085.72,2
1666,604,5,2022-02-17,2023-02-17,1500.0,2
1667,945,6,2024-12-23,2025-12-23,4698.94,2
1668,871,1,2026-08-29,2126-08-29,228772.6,3
1669,265,4,1994-02-15,1995-02-15,211710.21,3
1670,793,2,2022-02-01,2023-02-01,17403.07,2
1671,992,5,2002-06-08,2003-06-08,2427.91,2
1672,633,3,2024-08-28,2025-08-28,26416.53,2
1673,702,6,2022-06-05,2023-06-05,9128.67,2
1674,525,1,2004-12-25,2014-12-25,108353.7,2
1675,798,3,2017-08-12,2018-08-12,78239.65,2
1676,285,4,2024-05-28,2025-05-28,9100.45,2
1677,412,5,2021-11-22,2022-11-22,2016.92,2
1678,131,6,2017-05-20,2117-05-20,213895.01,1
1679,311,3,2025-06-02,2026-06-02,10215.54,2
1680,526,2,2021-07-14,2022-07-14,140380.07,3
1681,586,2,2023-04-07,2024-04-07,150308.37,2
1682,208,3,2012-08-13,2013-08-13,60381.09,2
1683,761,5,2023-11-24,2024-11-24,2113.12,2
1684,793,2,2021-08-31,2022-08-31,41552.24,2
1685,615,5,2025-12-04,2026-12-04,1519.31,1
1686,310,5,2023-05-03,2024-05-03,2238.8,2
1687,33,3,2023-02-03,2024-02-03,21403.88,2
1688,497,5,2024-11-18,2025-11-18,1791.28,3
1689,39,2,2017-06-07,2018-06-07,70696.32,2
1690,49,2,1999-05-15,1999-11-15,106646.99,2
1691,288,2,2026-09-18,2027-09-18,199208.81,1
1692,953,6,2026-08-14,2027-08-14,7048.36,1
1693,17,3,2020-12-18,2021-12-18,8220.31,2
1694,80,3,2023-04-25,2023-10-25,17401.78,2
1695,156,3,2025-01-14,2026-01-14,26668.36,3
1696,721,5,2025-02-15,2026-02-15,1991.6,2
1697,238,2,2018-01-09,2019-01-09,73311.93,2
1698,601,4,2011-06-04,2012-06-04,3686.24,2
1699,885,3,2022-04-13,2023-04-13,29487.59,2
1700,895,3,2024-10-19,2025-10-19,40662.78,2
1701,682,6,2006-11-27,2007-11-27,6544.27,2
1702,192,6,2023-06-13,2024-06-13,9033.49,2
1703,770,3,2023-06-22,2024-06-22,23117.43,3
1704,940,3,2017-09-24,2018-09-24,38949.31,2
1705,388,6,2007-01-04,2008-01-04,26642.4,2
1706,245,3,2021-04-21,2022-04-21,26437.28,2
1707,463,6,2026-09-01,2027-09-01,7328.96,1
1708,807,3,2000-09-16,2001-09-16,20727.52,2
1709,874,3,2018-12-21,2020-12-21,50406.5,2
1710,862,3,2024-03-31,2024-09-30,29623.91,2
1711,271,2,2026-09-13,2027-09-13,349764.77,1
1712,19,2,2025-05-29,2026-05-29,214140.44,2
1713,618,1,2022-08-28,2023-08-28,6756.68,3
1714,306,3,2025-11-08,2026-11-08,119164.06,2
1715,750,4,2021-01-06,2022-01-06,7200.72,2
1716,272,2,2009-07-10,2010-07-10,280676.55,2
1717,927,6,2026-02-16,2027-02-16,2633.79,1
1718,983,1,2025-01-19,2026-01-19,12565.12,2
1719,73,5,2018-10-01,2019-10-01,2392.98,2
1720,238,3,2024-05-21,2025-05-21,28360.67,2
1721,768,5,2026-03-12,2027-03-12,1845.47,1
1722,742,3,2018-08-19,2019-08-19,25609.05,2
1723,116,4,2016-11-01,2018-11-01,6419.46,2
1724,858,3,2014-04-06,2015-04-06,7721.64,2
1725,811,4,2022-04-29,2023-04-29,2670.71,2
1726,640,3,2024-01-13,2025-01-13,171042.93,2
1727,199,4,2021-11-03,2022-11-03,307151.93,2
1728,624,1,2022-12-25,2023-12-25,6804.61,2
1729,773,5,2008-02-02,2009-02-02,1914.0,2
1730,599,6,2015-09-27,2016-09-27,4396.02,2
1731,720,3,2014-11-28,2015-11-28,39378.48,2
1732,118,4,2025-04-23,2026-04-23,8641.71,2
1733,576,6,2021-09-28,2023-09-28,5539.95,2
1734,924,1,2022-07-25,2023-07-25,8705.7,2
1735,416,3,2026-05-23,2027-05-23,68028.05,1
1736,304,4,2009-02-01,2010-02-01,8823.32,2
1737,585,6,2020-06-08,2021-06-08,15698.68,2
1738,504,3,2023-01-13,2024-01-13,22974.85,2
1739,941,6,2024-08-04,2025-08-04,16439.85,2
1740,224,1,2025-11-20,2026-11-20,10174.12,1
1741,90,4,2026-03-26,2027-03-26,9846.79,1
1742,166,5,2022-10-04,2023-10-04,2260.46,2
1743,893,4,2025-02-26,2026-02-26,2562.7,2
1744,280,6,2018-10-13,2019-10-13,28371.41,2
1745,699,1,2017-03-21,2018-03-21,9915.15,2
1746,86,3,2025-05-23,2026-05-23,9518.78,2
1747,942,6,2024-02-16,2025-02-16,3321.15,2
1748,445,1,2020-02-20,2021-02-20,16480.45,3
1749,948,1,2023-12-17,2025-12-17,15204.53,2
1750,601,6,2013-06-30,2014-06-30,42912.11,2
1751,717,3,2016-08-09,2017-08-09,17121.45,2
1752,874,1,2020-01-14,2021-01-14,9947.57,2
1753,685,3,2020-11-22,2030-11-22,374069.5,1
1754,841,4,2025-01-15,2026-01-15,8311.75,2
1755,666,3,2019-07-27,2020-07-27,77265.85,2
1756,273,1,2023-07-02,2024-07-02,6909.92,2
1757,310,6,2026-06-21,2027-06-21,70000.0,1
1758,65,3,2024-03-04,2025-03-04,147340.74,2
1759,1000,5,2024-12-14,2034-12-14,19324.7,1
1760,655,4,2013-06-05,2014-06-05,4513.06,2
1761,544,6,2019-11-11,2020-11-11,29418.88,2
1762,655,6,2015-01-22,2016-01-22,7986.0,2
1763,5,5,2026-06-25,2027-06-25,2344.72,1
1764,415,5,2025-04-24,2026-04-24,1914.6,2
1765,839,2,2018-03-16,2019-03-16,200808.64,2
1766,938,3,2023-12-13,2024-12-13,29671.85,2
1767,329,3,2012-07-02,2013-01-02,16177.4,2
1768,379,4,2011-11-15,2012-11-15,5211.22,2
1769,987,5,2026-02-27,2027-02-27,2318.9,1
1770,128,4,2023-10-18,2024-10-18,8151.8,2
1771,211,1,2025-05-24,2026-05-24,6247.95,2
1772,860,5,2026-07-07,2027-07-07,1585.53,1
1773,527,1,2025-04-19,2026-04-19,8574.44,2
1774,525,3,2003-10-05,2004-04-05,2963.9,2
1775,252,4,2013-06-16,2014-06-16,6393.5,2
1776,917,5,2013-06-29,2014-06-29,1677.47,2
1777,1000,1,2024-04-17,2025-04-17,8644.43,2
1778,430,4,2025-12-16,2027-12-16,10919.46,1
1779,520,2,2025-08-11,2026-08-11,57462.86,2
1780,126,4,2023-11-29,2024-11-29,3341.03,2
1781,205,1,2026-05-03,2027-05-03,6685.08,1
1782,459,1,2019-04-12,2020-04-12,16311.33,2
1783,88,4,2009-07-26,2010-07-26,8549.6,2
1784,152,6,2016-04-18,2017-04-18,9048.85,2
1785,510,2,2025-01-04,2026-01-04,317105.61,2
1786,723,5,2026-05-11,2027-05-11,1598.47,1
1787,332,6,2024-04-12,2025-04-12,14597.41,2
1788,777,5,2021-10-19,2022-10-19,1500.0,2
1789,848,4,2026-05-15,2026-11-15,3109.84,1
1790,270,5,2018-06-28,2019-06-28,2174.33,2
1791,190,6,2000-01-06,2001-01-06,17396.96,2
1792,74,2,2026-03-12,2027-03-12,201747.93,1
1793,3,3,2024-11-06,2025-11-06,58045.58,2
1794,646,6,2015-08-17,2016-08-17,11272.47,2
1795,578,5,2020-03-05,2021-03-05,2409.66,2
1796,61,1,2025-07-31,2026-07-31,7696.29,2
1797,913,4,2026-03-05,2027-03-05,7365.78,3
1798,698,2,2022-06-03,2023-06-03,337395.14,2
1799,426,3,2018-02-20,2019-02-20,26884.04,2
1800,136,4,2020-06-07,2021-06-07,7603.5,2
1801,311,5,2025-03-08,2026-03-08,2235.63,2
1802,242,1,2017-10-21,2018-10-21,6575.19,3
1803,649,5,2026-08-12,2027-08-12,1766.46,1
1804,886,3,2023-04-20,2024-04-20,38720.51,2
1805,5,3,2026-01-03,2027-01-03,121644.13,1
1806,765,4,2025-07-17,2026-07-17,7373.32,2
1807,652,1,2020-07-07,2021-07-07,8750.55,2
1808,939,2,2002-10-30,2003-10-30,31206.8,2
1809,921,4,2024-08-05,2025-08-05,8238.99,2
1810,644,4,2002-04-15,2003-04-15,4337.16,2
1811,910,3,2012-12-09,2013-12-09,11263.78,2
1812,784,3,2023-09-29,2024-09-29,7781.28,2
1813,26,1,2025-12-08,2026-12-08,6549.78,1
1814,631,4,2018-05-03,2020-05-03,13485.88,2
1815,613,5,2026-03-14,2027-03-14,1911.01,1
1816,195,2,2024-03-17,2025-03-17,135352.27,2
1817,81,1,2023-11-22,2024-11-22,12793.3,2
1818,570,3,2015-07-24,2016-07-24,37436.1,2
1819,540,2,2014-05-26,2015-05-26,110669.68,3
1820,12,1,2026-08-25,2027-08-25,8196.1,1
1821,72,1,2023-07-25,2024-07-25,12285.68,2
1822,301,3,2022-11-04,2023-11-04,70931.06,2
1823,690,6,2026-08-24,2027-08-24,6781.43,1
1824,49,5,2018-08-01,2019-08-01,2800.62,3
1825,197,3,2024-09-12,2025-09-12,24695.4,2
1826,716,6,2020-05-15,2021-05-15,10487.34,2
1827,794,4,2001-08-03,2011-08-03,30298.2,2
1828,843,4,2026-06-27,2027-06-27,4459.1,1
1829,516,3,2017-07-09,2018-07-09,9055.87,2
1830,126,2,2005-08-12,2006-08-12,25442.17,2
1831,719,3,2026-09-14,2027-09-14,8338.8,1
1832,333,1,2026-09-08,2027-09-08,14657.62,1
1833,371,5,2001-05-22,2002-05-22,2418.35,2
1834,34,4,2018-08-11,2019-08-11,8302.11,3
1835,785,5,2023-10-27,2024-10-27,2231.19,2
1836,438,4,2025-04-27,2026-04-27,5930.65,2
1837,332,1,2021-09-09,2023-09-09,14105.86,2
1838,349,6,2025-03-27,2026-03-27,8303.14,2
1839,409,5,2025-09-02,2026-09-02,1621.85,2
1840,304,1,1996-12-21,1997-12-21,8082.2,2
1841,852,5,2008-08-30,2009-08-30,2266.04,2
1842,752,5,2025-07-28,2026-07-28,1500.0,2
1843,635,3,2005-08-07,2006-08-07,66843.39,2
1844,320,1,2021-05-09,2022-05-09,6702.78,2
1845,391,1,2025-06-16,2025-12-16,5590.78,2
1846,641,4,2021-03-06,2022-03-06,4121.32,2
1847,966,1,2013-03-17,2014-03-17,11325.3,2
1848,619,1,1992-05-08,1993-05-08,11714.43,2
1849,860,2,2026-05-30,2027-05-30,212853.0,1
1850,319,5,2021-10-31,2022-10-31,2365.96,2
1851,893,6,2025-04-29,2026-04-29,70000.0,2
1852,919,5,1988-04-28,1989-04-28,2147.95,2
1853,141,1,2020-01-16,2021-01-16,8190.23,2
1854,725,2,2011-01-21,2012-01-21,94745.07,2
1855,542,6,2025-06-08,2026-06-08,10301.37,2
1856,215,5,2026-04-16,2027-04-16,2151.9,1
1857,240,3,2026-07-26,2027-07-26,27078.02,1
1858,924,3,2023-05-20,2024-05-20,26315.3,2
1859,705,3,2002-04-29,2003-04-29,28499.82,2
1860,662,2,2011-10-14,2012-10-14,399166.66,2
1861,475,1,2015-08-19,2016-08-19,9480.71,2
1862,219,2,2024-06-21,2025-06-21,366135.88,2
1863,669,6,2023-11-23,2024-11-23,21845.01,2
1864,703,2,2015-01-30,2016-01-30,318227.58,2
1865,784,1,2021-09-06,2022-09-06,8014.07,2
1866,823,1,2007-09-07,2008-09-07,15002.7,2
1867,625,3,2021-11-20,2022-11-20,24800.1,2
1868,595,6,2020-03-19,2021-03-19,5119.83,3
1869,900,2,2008-04-21,2009-04-21,468455.99,3
1870,896,4,2024-10-17,2025-10-17,7300.32,2
1871,705,3,1996-06-26,1997-06-26,8818.18,3
1872,152,4,2016-10-16,2017-10-16,6833.91,2
1873,946,3,1992-08-22,1993-08-22,70980.78,2
1874,252,1,2016-05-13,2017-05-13,7608.88,2
1875,470,5,2020-01-27,2022-01-27,4443.91,2
1876,445,3,2025-11-16,2026-11-16,29988.79,1
1877,17,6,1996-05-27,1997-05-27,12678.72,2
1878,928,5,2011-06-16,2012-06-16,2610.37,3
1879,977,3,2025-09-23,2026-09-23,31094.38,2
1880,954,2,2020-08-18,2021-08-18,348472.99,2
1881,655,6,2019-02-12,2029-02-12,118433.7,1
1882,233,5,2003-11-17,2004-11-17,1738.63,2
1883,889,5,2026-08-23,2027-08-23,2043.58,1
1884,991,2,2018-11-13,2019-11-13,56436.13,2
1885,64,1,2023-03-15,2025-03-15,19469.16,2
1886,150,1,2025-04-29,2026-04-29,6982.79,2
1887,414,5,2024-12-30,2025-12-30,1735.06,2
1888,465,3,2011-11-21,2012-11-21,6670.56,2
1889,607,2,2026-09-14,2027-03-14,63288.08,1
1890,457,1,2019-11-20,2020-11-20,8013.21,2
1891,694,2,2022-06-14,2023-06-14,80090.93,3
1892,878,3,2005-06-22,2006-06-22,11245.48,2
1893,251,1,2025-12-10,2026-12-10,7973.6,1
1894,968,1,2016-02-17,2017-02-17,9139.83,2
1895,581,5,2026-06-13,2027-06-13,1724.91,1
1896,570,1,2008-09-17,2009-09-17,8719.68,2
1897,465,1,2020-10-14,2021-10-14,7953.99,3
1898,581,1,2024-09-20,2025-09-20,6327.22,2
1899,901,6,2011-01-06,2013-01-06,67609.1,3
1900,883,6,2024-09-11,2025-09-11,14997.67,2
1901,764,5,2009-04-09,2010-04-09,2166.11,2
1902,968,1,2024-02-19,2025-02-19,14340.26,2
1903,331,5,2010-06-13,2012-06-13,3910.42,2
1904,519,2,2026-01-09,2027-01-09,196222.75,1
1905,135,3,2026-08-11,2027-08-11,21436.72,1
1906,427,2,2026-08-03,2027-08-03,35022.73,1
1907,948,2,2024-08-01,2025-08-01,80151.52,2
1908,293,2,2019-12-01,2020-12-01,122002.58,2
1909,212,6,2012-01-01,2013-01-01,3011.26,2
1910,342,6,2020-01-03,2021-01-03,5232.27,2
1911,246,6,2018-08-20,2019-08-20,34382.35,2
1912,466,6,2012-07-11,2013-07-11,2899.56,2
1913,758,4,2017-08-08,2018-08-08,5424.05,2
1914,859,5,2024-07-10,2025-07-10,2141.11,2
1915,619,5,2003-02-07,2004-02-07,2136.18,2
1916,479,5,2024-04-24,2026-04-24,5277.36,2
1917,839,6,2020-05-14,2021-05-14,3992.91,2
1918,469,6,2010-07-31,2011-07-31,7492.34,2
1919,849,3,2023-03-01,2024-03-01,91838.79,2
1920,556,2,2024-07-04,2025-07-04,72346.73,2
1921,381,6,2016-10-04,2017-10-04,9173.74,3
1922,422,4,2021-12-23,2022-12-23,140400.38,2
1923,127,5,2025-06-11,2026-06-11,1722.92,2
1924,400,5,2012-09-06,2013-09-06,2182.24,2
1925,640,5,2016-04-24,2017-04-24,2048.68,2
1926,389,6,2023-12-12,2024-12-12,36607.13,2
1927,550,6,2024-06-01,2025-06-01,4997.74,2
1928,804,6,2022-03-23,2023-03-23,3707.25,2
1929,583,4,2026-05-25,2027-05-25,6648.26,1
1930,848,4,2018-01-13,2019-01-13,6336.79,2
1931,651,2,2023-01-07,2024-01-07,65856.63,2
1932,14,2,2023-09-25,2024-09-25,97450.9,3
1933,86,2,2023-07-17,2024-07-17,57613.97,2
1934,797,4,2022-07-24,2023-07-24,312941.61,2
1935,311,2,2025-11-04,2026-11-04,570271.56,1
1936,560,4,2015-06-02,2016-06-02,8468.64,2
1937,433,5,2022-07-25,2023-07-25,1962.4,2
1938,769,4,2011-03-19,2012-03-19,7153.57,2
1939,941,1,2025-05-10,2026-05-10,6643.46,2
1940,62,3,2024-04-26,2025-04-26,18715.96,2
1941,674,6,2025-02-22,2125-02-22,1139442.2,1
1942,245,4,2019-02-28,2020-02-28,2538.19,2
1943,650,2,2025-06-10,2025-12-10,192788.98,2
1944,539,4,2024-07-22,2025-07-22,7078.33,3
1945,317,1,2026-09-18,2027-09-18,12554.64,1
1946,365,6,1997-10-29,1998-10-29,22808.93,2
1947,580,4,2012-07-20,2013-07-20,5748.84,2
1948,179,3,2012-01-18,2013-01-18,38818.08,2
1949,48,1,2019-02-15,2119-02-15,153134.4,3
1950,149,6,2026-05-31,2027-05-31,18111.32,1
1951,347,1,2023-10-19,2024-10-19,9964.03,2
1952,604,4,2020-03-23,2022-03-23,4135.4,2
1953,75,5,2021-02-11,2022-02-11,2021.29,2
1954,607,5,2025-11-14,2026-11-14,2067.89,1
1955,175,4,2020-07-08,2021-07-08,6955.92,2
1956,547,5,2026-01-24,2027-01-24,2310.83,1
1957,990,3,2024-10-28,2025-10-28,33929.54,2
1958,681,1,2025-12-23,2026-12-23,14763.13,1
1959,477,5,2023-09-19,2024-09-19,2281.83,2
1960,399,4,2026-08-09,2027-08-09,4837.37,1
1961,281,5,1999-09-18,2000-09-18,1934.44,2
1962,430,1,2023-03-02,2024-03-02,9256.44,2
1963,484,2,2025-12-19,2026-12-19,229898.72,1
1964,545,6,2021-06-13,2022-06-13,13425.09,2
1965,678,5,2026-01-31,2027-01-31,2417.55,1
1966,922,1,2017-07-19,2018-07-19,8782.8,2
1967,531,2,2007-05-28,2008-05-28,206638.39,2
1968,277,1,2022-10-23,2023-10-23,10802.9,2
1969,90,4,2026-01-17,2027-01-17,2971.05,3
1970,690,4,2026-09-04,2027-09-04,5590.98,1
1971,284,1,2021-11-13,2022-11-13,6479.15,2
1972,236,3,2024-09-02,2025-09-02,27737.08,2
1973,108,4,2026-08-17,2027-08-17,2527.37,1
1974,680,5,2021-10-25,2022-10-25,1500.0,2
1975,949,4,2021-09-30,2022-09-30,10674.62,2
1976,202,4,2012-09-21,2112-09-21,161456.2,1
1977,466,1,2025-09-27,2026-09-27,6072.91,2
1978,362,6,2026-02-13,2027-02-13,4413.82,1
1979,730,4,2023-03-06,2024-03-06,2861.89,2
1980,560,1,2025-01-11,2027-01-11,12993.74,1
1981,840,5,2022-10-29,2023-10-29,1941.31,2
1982,352,2,2025-10-12,2026-10-12,153500.98,1
1983,661,5,1983-02-14,1984-02-14,1932.6,2
1984,516,5,2021-05-12,2031-05-12,20329.49,1
1985,1,1,2026-07-10,2027-07-10,13812.66,1
1986,555,6,2023-04-12,2024-04-12,8299.49,2
1987,700,3,2012-04-28,2013-04-28,11877.0,2
1988,440,5,2007-06-07,2008-06-07,1999.64,2
1989,916,2,2023-12-18,2024-12-18,135631.09,2
1990,251,5,2025-08-27,2027-08-27,5183.94,1
1991,950,4,2022-04-19,2023-04-19,4045.99,2
1992,733,6,2021-08-11,2022-08-11,53965.06,2
1993,253,4,2023-11-26,2024-11-26,6067.01,2
1994,604,2,2022-12-15,2023-12-15,169672.29,2
1995,945,3,2020-07-09,2021-07-09,10606.45,2
1996,438,5,2022-08-11,2023-08-11,1500.01,2
1997,932,2,2016-12-09,2017-12-09,461208.86,2
1998,711,1,2010-05-10,2011-05-10,7974.68,2
1999,788,5,2026-01-20,2027-01-20,1500.0,1
2000,453,4,2014-01-28,2015-01-28,7557.86,2
2001,318,1,2012-12-06,2013-12-06,15317.22,2
2002,289,3,2020-11-05,2021-11-05,180057.92,3
2003,404,5,2013-02-10,2014-02-10,2436.07,2
2004,942,3,2023-10-07,2024-10-07,25564.62,2
2005,160,2,2017-08-24,2018-08-24,154417.49,2
2006,247,6,2019-06-17,2020-06-17,6239.28,2
2007,202,5,2015-01-28,2016-01-28,1791.91,2
2008,167,1,2022-08-21,2024-08-21,15506.54,2
2009,82,6,2006-06-19,2007-06-19,7609.19,2
2010,130,5,2019-02-18,2020-02-18,2146.84,2
2011,865,3,2011-07-21,2012-07-21,63128.0,2
2012,100,2,2021-10-30,2022-10-30,312346.92,2
2013,149,4,2023-08-22,2024-08-22,2063.07,2
2014,815,6,2013-05-03,2014-05-03,5286.34,2
2015,618,6,2021-12-04,2023-12-04,6884.05,2
2016,209,1,2025-02-03,2026-02-03,11503.35,2
2017,776,6,2022-04-15,2023-04-15,10873.74,2
2018,535,6,2016-04-09,2018-04-09,15025.91,2
2019,963,4,1989-10-11,1990-10-11,7942.12,2
2020,135,3,2024-09-17,2025-09-17,33161.57,2
2021,338,3,2013-05-24,2014-05-24,122049.61,2
2022,96,6,2023-10-19,2033-10-19,359312.51,1
2023,135,6,2024-05-16,2025-05-16,23499.34,2
2024,3,3,2024-03-19,2025-03-19,35973.45,2
2025,545,5,2026-03-10,2027-03-10,1669.24,3
2026,861,2,2019-09-27,2021-09-27,747995.66,2
2027,56,4,2020-08-04,2021-08-04,6668.81,2
2028,807,6,2005-10-04,2006-10-04,6655.4,2
2029,138,2,2024-06-10,2025-06-10,119027.5,2
2030,941,6,2024-06-02,2025-06-02,6209.07,2
2031,686,4,2023-08-19,2024-08-19,10234.53,2
2032,609,2,2020-05-23,2021-05-23,329828.66,2
2033,742,6,2023-02-08,2023-08-08,3194.49,2
2034,507,3,2014-08-29,2015-02-28,71802.91,2
2035,914,4,2026-06-04,2027-06-04,2019.34,1
2036,684,6,2024-04-19,2025-04-19,10301.09,2
2037,557,2,2023-09-02,2024-09-02,118623.14,2
2038,691,1,2013-04-10,2014-04-10,11566.48,2
2039,656,2,2019-06-20,2020-06-20,245341.59,2
2040,8,3,2016-08-30,2017-08-30,70691.69,3
2041,254,3,2025-04-25,2026-04-25,39307.54,2
2042,577,1,2013-12-04,2014-12-04,11411.22,2
2043,815,2,2019-11-04,2020-11-04,120728.3,2
2044,413,6,2018-03-23,2019-03-23,14126.97,2
2045,237,4,2026-02-28,2027-02-28,2991.34,1
2046,86,1,2025-11-27,2026-11-27,10061.64,1
2047,185,4,2024-12-01,2025-12-01,9097.56,2
2048,559,5,2005-08-30,2007-08-30,3145.1,2
2049,134,4,2023-04-04,2024-04-04,4035.25,2
2050,193,5,2025-03-09,2026-03-09,1978.3,2
2051,723,3,2026-02-17,2027-02-17,116894.36,1
2052,458,3,2024-07-15,2025-07-15,37852.05,2
2053,289,2,2025-07-25,2026-07-25,150564.15,2
2054,277,2,2025-01-18,2026-01-18,23686.63,2
2055,660,3,2022-06-19,2023-06-19,74007.99,3
2056,139,1,2020-12-22,2021-12-22,7507.39,2
2057,47,5,2022-07-19,2023-07-19,1726.84,3
2058,969,5,2021-03-22,2022-03-22,2577.0,2
2059,34,6,2020-09-07,2021-09-07,5960.47,2
2060,477,1,2025-02-05,2026-02-05,16225.52,2
2061,146,6,2021-01-18,2022-01-18,11855.12,2
2062,915,2,2013-11-06,2014-11-06,159735.31,2
2063,134,5,2026-04-27,2027-04-27,2915.97,1
2064,12,1,2026-06-26,2027-06-26,8528.27,1
2065,935,2,2025-07-14,2027-07-14,1092034.02,1
2066,886,4,2023-07-08,2024-07-08,324943.43,2
2067,836,6,2024-08-17,2025-08-17,16422.45,2
2068,840,5,2025-06-12,2026-06-12,1930.52,2
2069,341,5,2013-03-24,2014-03-24,3050.33,2
2070,784,4,2023-11-15,2024-11-15,2277.26,2
2071,151,4,2024-06-21,2025-06-21,2347.74,2
2072,572,3,2026-06-01,2027-06-01,20456.09,1
2073,582,2,2013-10-30,2014-10-30,105756.2,3
2074,512,6,2008-06-22,2009-06-22,3258.11,2
2075,663,1,2024-11-02,2025-11-02,6605.32,3
2076,617,2,2022-11-14,2023-05-14,80539.04,3
2077,569,6,2014-06-27,2015-06-27,3430.26,2
2078,469,2,2025-11-30,2026-11-30,511340.14,1
2079,471,6,2020-06-28,2021-06-28,8704.93,2
2080,36,1,2020-02-13,2021-02-13,12781.55,3
2081,253,2,2023-09-30,2024-09-30,136555.91,2
2082,963,1,2022-12-14,2023-12-14,11012.41,2
2083,248,5,2025-06-28,2026-06-28,1889.61,2
2084,608,3,2023-01-02,2024-01-02,123740.23,2
2085,739,5,2021-07-18,2022-07-18,2391.92,2
2086,49,2,2012-12-25,2013-12-25,283450.55,2
2087,303,6,2021-05-14,2022-05-14,12433.5,2
2088,531,3,2021-02-27,2022-02-27,28655.64,2
2089,801,6,2025-10-12,2026-10-12,10803.69,1
2090,671,4,2026-03-21,2027-03-21,6970.31,1
2091,313,3,2004-10-26,2005-10-26,33780.19,2
2092,240,3,2025-10-14,2026-10-14,72267.19,1
2093,961,5,2023-12-09,2024-12-09,1789.83,2
2094,966,4,2013-09-20,2014-09-20,2683.2,2
2095,611,6,2024-01-14,2025-01-14,5599.48,2
2096,427,3,2026-07-18,2027-07-18,75517.75,1
2097,312,6,2023-12-22,2024-12-22,17781.07,2
2098,199,3,2017-10-01,2018-10-01,29652.88,2
2099,838,2,2020-10-05,2021-10-05,164316.11,2
2100,549,5,2014-04-14,2015-04-14,2677.85,3
2101,649,5,2026-07-26,2027-07-26,1499.99,1
2102,910,1,2022-05-25,2023-05-25,12458.82,2
2103,652,1,2019-01-07,2020-01-07,9855.47,2
2104,365,6,2020-08-23,2021-08-23,6842.21,2
2105,496,3,2020-12-21,2021-12-21,174626.65,2
2106,92,5,2021-02-16,2022-02-16,2390.45,2
2107,316,2,2014-04-23,2015-04-23,32997.96,2
2108,571,5,2026-05-26,2027-05-26,1500.0,1
2109,685,1,2018-11-24,2019-11-24,9111.14,2
2110,781,1,2026-08-11,2027-08-11,15818.88,1
2111,438,2,2024-01-17,2025-01-17,386751.0,2
2112,34,3,2020-02-10,2021-02-10,31138.09,2
2113,985,4,2025-02-01,2035-02-01,30070.41,1
2114,574,6,2025-06-03,2026-06-03,13746.24,2
2115,49,1,2016-10-21,2017-10-21,9669.45,2
2116,159,6,2019-02-28,2020-02-28,19915.14,2
2117,978,4,2022-11-06,2023-11-06,5312.35,2
2118,49,2,2011-03-23,2012-03-23,105567.53,2
2119,114,5,2009-07-11,2010-07-11,2076.61,2
2120,168,3,2026-03-25,2027-03-25,22438.34,1
2121,631,6,2019-02-06,2020-02-06,3481.57,2
2122,305,4,2026-02-04,2027-02-04,7404.16,1
2123,371,2,2010-11-26,2012-11-26,1004207.73,2
2124,282,2,2022-01-07,2023-01-07,151780.29,2
2125,164,5,2009-09-12,2010-09-12,2711.44,2
2126,575,2,2023-12-16,2024-12-16,30302.2,2
2127,348,4,2009-05-08,2010-05-08,4917.6,3
2128,68,5,2018-10-06,2019-10-06,2305.9,2
2129,350,6,2017-04-11,2018-04-11,16420.02,2
2130,426,1,2020-06-04,2021-06-04,11604.61,2
2131,188,1,2024-06-03,2025-06-03,14972.4,2
2132,375,2,2025-12-13,2026-12-13,169170.41,1
2133,190,3,2005-11-24,2006-05-24,55159.46,2
2134,133,3,2007-01-10,2008-01-10,5390.59,2
2135,388,6,2017-03-27,2018-03-27,5129.53,2
2136,317,6,2021-10-27,2022-10-27,8221.11,3
2137,160,2,2015-03-29,2016-03-29,38646.7,2
2138,339,3,2023-01-10,2024-01-10,70819.57,2
2139,579,1,2006-04-18,2007-04-18,8484.23,2
2140,986,3,2024-02-28,2025-02-28,54093.1,2
2141,48,1,2017-11-17,2018-11-17,14034.06,2
2142,548,6,2018-01-20,2019-01-20,7114.58,3
2143,626,6,2013-06-24,2015-06-24,17504.4,2
2144,696,5,2025-07-09,2026-01-09,1216.21,2
2145,513,6,2010-01-03,2011-01-03,6032.41,2
2146,322,2,2019-02-15,2019-08-15,103294.52,2
2147,895,5,2023-12-22,2024-12-22,2088.04,2
2148,950,6,2018-08-10,2019-08-10,7904.71,2
2149,37,6,2018-03-14,2019-03-14,8582.81,2
2150,630,2,2025-07-05,2026-07-05,48551.59,2
2151,257,1,2022-07-07,2023-07-07,6174.49,2
2152,942,3,2023-05-03,2024-05-03,77635.55,2
2153,683,3,2014-10-23,2015-10-23,25352.68,2
2154,20,1,2019-11-02,2020-11-02,12818.69,2
2155,360,3,2019-11-20,2020-11-20,5759.58,2
2156,561,1,2021-12-29,2022-12-29,9399.02,2
2157,679,2,2024-10-15,2025-10-15,140492.3,3
2158,609,3,2022-04-12,2023-04-12,83046.9,2
2159,466,6,2023-04-26,2024-04-26,12171.0,2
2160,150,3,2026-05-05,2027-05-05,37566.96,3
2161,943,2,2003-05-16,2004-05-16,119350.45,2
2162,135,6,2020-11-15,2021-11-15,9310.54,2
2163,264,6,2019-01-09,2020-01-09,7266.06,2
2164,428,1,2007-07-17,2008-07-17,9044.47,2
2165,922,1,2015-05-08,2015-11-08,3572.49,2
2166,689,2,2023-10-20,2024-10-20,319587.31,3
2167,188,2,2005-03-02,2006-03-02,472374.6,2
2168,727,5,2025-11-17,2026-11-17,1695.03,3
2169,866,1,2015-07-31,2017-07-31,14013.38,2
2170,579,2,2014-06-01,2015-06-01,173224.6,2
2171,783,2,2021-12-30,2121-12-30,1977314.8,1
2172,918,2,2010-11-28,2012-11-28,650137.11,2
2173,857,6,2026-04-12,2027-04-12,14762.71,1
2174,679,4,2011-10-10,2012-10-10,3853.34,2
2175,174,3,2015-08-26,2016-08-26,76979.19,2
2176,452,1,2026-07-06,2027-07-06,16210.61,1
2177,77,3,2026-07-02,2027-07-02,30493.36,1
2178,631,2,2016-03-18,2017-03-18,190269.61,2
2179,118,2,2024-03-11,2025-03-11,102604.38,2
2180,382,3,2022-06-09,2023-06-09,64138.21,3
2181,705,3,2008-09-13,2009-09-13,66663.62,2
2182,566,5,2022-01-03,2023-01-03,2601.75,2
2183,527,5,2025-09-22,2026-09-22,2634.74,2
2184,98,6,2022-11-06,2023-11-06,2938.86,2
2185,689,1,2021-10-16,2022-04-16,3602.51,2
2186,737,2,2013-11-14,2014-11-14,107985.17,3
2187,668,3,2026-08-19,2027-08-19,34667.88,1
2188,624,6,2025-01-02,2026-01-02,5954.13,2
2189,628,2,2026-03-25,2027-03-25,299740.18,1
2190,442,5,2026-01-12,2027-01-12,1890.19,1
2191,720,3,2010-08-20,2011-08-20,71384.47,3
2192,365,3,2007-04-05,2008-04-05,24128.79,2
2193,790,1,2018-01-17,2019-01-17,9713.23,2
2194,619,6,1997-03-15,1998-03-15,17117.0,2
2195,923,5,2005-12-05,2006-12-05,2252.49,2
2196,710,3,2026-05-06,2027-05-06,5623.14,1
2197,412,5,2012-11-26,2013-11-26,1896.99,2
2198,911,5,2025-07-22,2026-07-22,2313.94,2
2199,80,2,2025-05-25,2026-05-25,86203.21,2
2200,815,3,2012-02-27,2013-02-27,9647.46,2
2201,485,5,2024-07-10,2025-07-10,1727.58,3
2202,546,4,2003-03-08,2004-03-08,1701.01,2
2203,407,4,2025-09-04,2026-09-04,212305.8,2
2204,253,1,2023-01-10,2024-01-10,7537.34,2
2205,831,2,2011-07-10,2012-07-10,182610.24,2
2206,828,1,2024-04-24,2025-04-24,6462.62,2
2207,493,3,2005-04-05,2006-04-05,37652.93,2
2208,757,1,2008-09-30,2009-09-30,11703.24,2
2209,408,6,2025-07-28,2026-07-28,5498.97,2
2210,336,3,2025-08-30,2026-08-30,120714.85,2
2211,13,3,2022-05-03,2023-05-03,23437.77,2
2212,850,5,2015-08-24,2016-08-24,2568.64,2
2213,192,1,2026-08-30,2027-08-30,7101.23,1
2214,426,5,2020-05-20,2021-05-20,2160.55,2
2215,34,4,2019-06-06,2020-06-06,7823.38,2
2216,158,2,2019-06-17,2021-06-17,100653.48,2
2217,399,2,2020-05-03,2021-05-03,100230.77,2
2218,10,6,2022-02-04,2023-02-04,19940.3,2
2219,583,4,2025-04-06,2026-04-06,8401.63,2
2220,460,4,2024-04-05,2025-04-05,9480.37,2
2221,821,3,2019-02-03,2020-02-03,9862.17,2
2222,472,5,2025-01-16,2026-01-16,1612.16,2
2223,388,4,2003-12-25,2004-12-25,7960.37,2
2224,95,6,2023-04-05,2024-04-05,9882.2,2
2225,219,1,2021-02-18,2022-02-18,7303.32,2
2226,736,6,2020-07-30,2021-07-30,8486.75,2
2227,859,1,2024-03-26,2025-03-26,7067.71,2
2228,909,3,2024-03-23,2025-03-23,93844.38,2
2229,146,4,2020-09-08,2021-09-08,2861.85,2
2230,991,6,2020-12-28,2021-12-28,20975.99,2
2231,998,2,2015-08-13,2017-08-13,179416.5,2
2232,554,5,2022-01-14,2023-01-14,2511.2,3
2233,617,2,2026-05-01,2026-11-01,173769.32,1
2234,333,3,2026-01-17,2027-01-17,128407.77,3
2235,794,3,2009-09-01,2010-09-01,81456.02,2
2236,223,1,2023-06-11,2024-06-11,6349.89,3
2237,960,6,2021-01-19,2023-01-19,65571.72,2
2238,278,2,2005-02-08,2006-02-08,110780.11,3
2239,745,2,2024-09-03,2025-09-03,117220.39,2
2240,374,5,2021-09-12,2022-09-12,1647.08,2
2241,549,5,2026-03-17,2027-03-17,1556.61,1
2242,930,6,2022-05-16,2023-05-16,4247.08,2
2243,721,4,2008-07-20,2010-07-20,4047.12,2
2244,357,3,2024-04-16,2025-04-16,8085.05,2
2245,669,5,2025-06-08,2026-06-08,1689.96,2
2246,68,6,2024-01-26,2025-01-26,70000.0,2
2247,223,5,2023-08-26,2024-08-26,1854.16,2
2248,925,2,2025-07-22,2026-07-22,79346.21,2
2249,977,2,2013-03-12,2014-03-12,231811.07,2
2250,59,2,2004-04-16,2006-04-16,426726.74,2
2251,503,3,2019-05-06,2020-05-06,25191.89,2
2252,525,6,2011-01-21,2012-01-21,3576.31,2
2253,706,1,2026-08-04,2027-08-04,7743.25,1
2254,617,6,2024-06-01,2025-06-01,6002.28,2
2255,361,2,2019-04-24,2020-04-24,144504.25,2
2256,35,3,2006-08-26,2007-08-26,33645.13,2
2257,754,5,2015-05-26,2016-05-26,1983.75,2
2258,804,6,2021-04-18,2022-04-18,9355.14,2
2259,681,1,2022-05-22,2023-05-22,10359.55,2
2260,606,2,2020-07-13,2021-07-13,95940.2,3
2261,780,2,2025-12-21,2026-12-21,507363.51,1
2262,819,2,2013-03-17,2014-03-17,203159.53,2
2263,81,6,2011-10-23,2012-10-23,15944.65,2
2264,910,3,2018-11-01,2019-11-01,10412.39,2
2265,467,6,2024-06-21,2025-06-21,3534.81,3
2266,436,4,2018-04-01,2019-04-01,7166.45,2
2267,898,3,2026-02-17,2027-02-17,165700.3,1
2268,670,3,2014-05-11,2014-11-11,3661.17,2
2269,859,5,2026-04-27,2036-04-27,26880.8,1
2270,553,2,2026-02-01,2027-02-01,364981.58,3
2271,351,4,2020-11-05,2021-11-05,2767.68,2
2272,948,1,2023-05-27,2024-05-27,15652.33,2
2273,865,4,2023-07-09,2025-07-09,12520.46,2
2274,644,2,2004-12-21,2005-12-21,44015.56,2
2275,668,6,2026-07-10,2027-07-10,8917.43,1
2276,748,5,2022-03-22,2023-03-22,1960.77,3
2277,541,3,2025-08-07,2026-08-07,62243.99,2
2278,724,4,2026-07-15,2027-07-15,7026.41,1
2279,360,2,2022-09-03,2023-09-03,220436.56,2
2280,156,1,2025-10-31,2026-10-31,15150.57,1
2281,139,4,2001-01-15,2002-01-15,6090.93,2
2282,125,6,2011-01-15,2012-01-15,6642.33,3
2283,844,3,2015-05-01,2016-05-01,12047.78,2
2284,223,5,2025-04-28,2026-04-28,2319.17,2
2285,87,5,2020-08-17,2022-08-17,4375.87,2
2286,671,5,2025-12-09,2026-12-09,2109.85,3
2287,697,1,2017-05-28,2018-05-28,10837.22,3
2288,186,5,2025-07-13,2026-07-13,1882.41,2
2289,41,5,2026-01-29,2027-01-29,2128.37,1
2290,641,2,2022-03-30,2023-03-30,405286.79,2
2291,705,3,2026-06-17,2036-06-17,1335518.1,2
2292,97,2,2015-01-14,2016-01-14,93699.61,2
2293,667,2,2011-07-05,2012-07-05,394365.09,2
2294,799,4,2021-01-16,2022-01-16,6552.43,2
2295,34,5,2018-07-15,2019-07-15,2198.13,2
2296,645,2,2023-03-30,2033-03-30,222052.2,1
2297,792,4,2025-09-23,2026-09-23,457184.67,2
2298,347,6,2023-05-23,2024-05-23,14278.21,3
2299,525,5,1991-02-21,1992-02-21,1925.19,2
2300,198,5,2023-03-05,2024-03-05,1930.03,2
2301,607,6,2026-05-26,2027-05-26,19278.09,1
2302,212,5,2016-08-06,2017-08-06,2068.52,2
2303,673,3,2020-11-20,2021-11-20,30576.5,2
2304,456,4,2016-04-17,2017-04-17,7363.04,2
2305,304,5,2025-10-08,2026-10-08,2292.95,1
2306,294,6,2025-11-11,2026-11-11,5843.52,2
2307,286,2,2005-03-23,2006-03-23,142617.89,2
2308,61,1,2026-05-28,2027-05-28,15918.9,1
2309,200,6,2026-07-23,2027-07-23,3942.6,1
2310,182,1,2022-08-08,2023-08-08,9954.62,2
2311,71,5,2026-05-20,2027-05-20,2253.0,1
2312,263,6,2019-01-03,2020-01-03,6195.89,2
2313,596,6,2024-04-06,2025-04-06,16076.54,2
2314,326,6,2024-06-04,2025-06-04,3264.2,2
2315,626,2,2011-09-12,2012-09-12,254162.77,2
2316,985,3,2025-01-21,2026-01-21,30571.49,2
2317,557,2,2020-05-17,2021-05-17,71436.57,2
2318,749,3,2002-07-19,2003-07-19,39659.82,2
2319,124,2,2007-09-29,2008-09-29,119791.6,2
2320,144,5,2017-12-13,2018-12-13,2189.29,2
2321,212,1,2022-01-13,2023-01-13,10744.18,2
2322,830,2,2000-07-28,2001-07-28,191076.13,3
2323,902,3,2025-04-14,2026-04-14,19928.61,2
2324,387,1,2023-03-30,2024-03-30,16325.02,2
2325,526,1,2026-09-08,2027-09-08,10201.07,1
2326,941,1,2023-12-10,2024-12-10,7085.86,2
2327,989,1,2012-07-25,2013-07-25,9558.42,2
2328,429,4,2015-04-01,2017-04-01,17350.45,2
2329,546,5,2012-12-25,2013-12-25,1618.13,2
2330,902,4,2013-11-25,2014-11-25,6701.11,2
2331,464,4,2019-07-22,2020-07-22,5103.07,3
2332,528,5,2025-11-09,2026-11-09,2014.82,1
2333,225,1,2022-05-15,2122-05-15,258760.8,1
2334,861,6,2014-08-28,2016-08-28,14213.38,2
2335,344,2,2017-01-09,2018-01-09,103951.32,2
2336,69,1,2024-08-07,2025-08-07,11697.23,2
2337,63,1,2020-02-15,2021-02-15,10428.43,2
2338,545,2,2024-04-15,2025-04-15,370956.55,2
2339,7,2,2020-11-18,2021-11-18,136741.72,3
2340,87,1,2007-04-09,2008-04-09,8604.51,2
2341,135,5,2024-07-22,2025-07-22,2394.01,2
2342,995,2,2020-01-27,2021-01-27,180817.93,2
2343,351,3,2018-05-17,2019-05-17,103253.28,2
2344,606,6,2025-04-22,2026-04-22,8019.04,2
2345,230,6,2023-01-08,2024-01-08,5776.95,2
2346,852,2,2024-03-05,2024-09-05,152743.33,2
2347,453,3,2011-02-07,2012-02-07,71720.7,2
2348,83,2,2026-08-14,2027-08-14,425573.03,1
2349,864,1,2010-12-12,2011-12-12,9313.0,2
2350,149,4,2023-08-24,2024-08-24,6523.39,2
2351,722,2,2025-12-01,2026-12-01,144089.72,1
2352,273,3,2022-02-03,2023-02-03,66766.3,2
2353,282,4,2011-12-14,2012-12-14,6038.93,2
2354,471,2,2015-08-11,2016-08-11,377928.05,2
2355,606,1,2014-08-08,2015-08-08,6142.67,2
2356,859,6,2024-10-15,2025-10-15,29700.03,2
2357,403,3,2016-03-11,2017-03-11,23647.17,2
2358,746,4,2026-08-18,2027-08-18,5934.11,2
2359,364,1,2018-07-02,2019-07-02,8022.32,2
2360,675,2,2016-04-23,2017-04-23,454191.04,2
2361,15,2,2024-10-20,2025-10-20,274978.19,2
2362,11,2,2007-02-03,2009-02-03,331335.42,2
2363,351,2,2018-05-24,2019-05-24,51930.13,2
2364,524,1,2024-10-09,2025-10-09,6390.76,2
2365,383,6,2022-07-27,2023-07-27,3815.19,2
2366,539,2,1999-10-25,2000-10-25,308116.53,2
2367,703,3,2021-07-22,2022-07-22,25691.26,2
2368,860,4,2026-07-07,2027-07-07,3186.16,1
2369,445,1,2025-05-30,2026-05-30,16112.7,2
2370,71,5,2023-08-09,2024-08-09,1917.99,2
2371,988,1,2023-12-15,2024-06-15,3596.38,2
2372,361,2,2026-07-29,2027-07-29,159560.89,1
2373,273,5,2026-07-08,2028-07-08,3199.54,2
2374,709,5,2025-04-11,2026-04-11,2278.71,2
2375,824,4,2025-12-13,2026-12-13,8774.66,1
2376,458,1,2026-01-02,2027-01-02,15389.53,1
2377,345,2,2018-09-20,2019-09-20,206143.69,2
2378,551,1,2026-07-17,2027-07-17,6870.45,1
2379,321,2,2007-10-23,2008-10-23,110235.36,2
2380,531,5,2023-08-19,2024-08-19,2794.02,2
2381,116,5,2014-07-11,2016-07-11,5182.12,2
2382,299,2,2026-03-10,2027-03-10,293969.31,1
2383,123,2,2016-10-09,2017-10-09,158692.28,2
2384,809,5,2001-05-25,2002-05-25,1500.0,2
2385,744,2,2022-11-14,2023-05-14,264196.67,2
2386,532,1,2009-07-26,2010-07-26,6187.18,2
2387,119,1,2012-08-06,2013-08-06,5981.23,2
2388,797,6,2016-11-11,2017-11-11,19356.86,2
2389,276,4,2000-02-20,2001-02-20,8901.66,2
2390,46,4,2014-11-05,2015-11-05,6883.14,2
2391,994,2,2024-05-07,2025-05-07,349452.19,2
2392,878,2,2018-08-24,2019-08-24,372384.67,2
2393,696,5,2025-03-05,2026-03-05,2806.32,2
2394,629,3,2014-09-27,2015-09-27,37297.55,2
2395,189,4,2009-07-04,2010-07-04,6292.78,3
2396,752,3,2023-01-11,2024-01-11,13374.38,2
2397,429,2,2017-09-09,2018-09-09,249701.67,2
2398,187,3,2022-04-20,2023-04-20,73316.1,3
2399,70,2,2015-03-11,2016-03-11,188929.94,2
2400,223,4,2023-05-25,2024-05-25,4981.01,2
2401,192,5,2023-01-06,2024-01-06,1500.0,2
2402,639,6,2026-07-29,2028-07-29,7163.44,1
2403,349,1,2022-01-08,2023-01-08,9469.18,2
2404,885,2,2025-09-14,2026-09-14,72813.79,2
2405,501,3,2026-02-20,2027-02-20,130661.96,1
2406,700,2,2002-04-13,2003-04-13,143576.13,2
2407,555,4,2022-04-17,2023-04-17,1692.89,2
2408,989,3,2023-09-20,2024-09-20,11750.82,2
2409,900,2,2006-10-27,2007-10-27,201587.8,2
2410,166,6,2024-09-30,2025-09-30,3480.98,3
2411,743,1,2021-12-10,2022-12-10,13176.2,2
2412,899,5,2022-08-01,2023-08-01,2241.49,3
2413,226,4,2017-07-03,2018-07-03,4417.78,2
2414,509,2,2019-02-13,2020-02-13,198322.88,2
2415,255,2,2024-06-23,2025-06-23,341102.92,2
2416,807,1,2013-10-02,2014-10-02,7733.17,2
2417,614,5,2024-08-23,2025-08-23,2778.39,2
2418,968,3,2011-10-16,2012-10-16,31267.26,2
2419,390,1,2025-04-21,2026-04-21,6826.88,2
2420,660,3,2025-03-29,2027-03-29,12836.62,1
2421,605,3,2026-01-14,2027-01-14,27772.41,1
2422,133,6,2018-10-19,2019-10-19,10174.96,2
2423,650,2,2019-04-11,2020-04-11,101628.81,2
2424,674,4,2024-07-23,2025-07-23,5644.05,2
2425,401,6,2017-02-04,2018-02-04,11181.69,2
2426,202,6,2018-02-02,2019-02-02,3962.83,2
2427,972,6,2024-12-29,2026-12-29,13082.46,3
2428,330,6,2010-08-14,2011-08-14,4644.72,2
2429,663,6,2023-04-13,2024-04-13,4714.68,2
2430,585,5,2022-08-16,2023-08-16,2047.36,2
2431,825,6,2025-12-21,2026-12-21,44009.35,1
2432,929,3,2018-09-18,2028-09-18,525006.69,1
2433,133,5,2025-09-27,2026-09-27,2201.05,2
2434,287,3,2025-06-09,2026-06-09,11066.77,2
2435,302,4,2025-12-05,2026-12-05,6895.6,1
2436,231,6,2004-10-21,2005-10-21,17800.09,2
2437,525,4,2005-06-07,2005-12-07,3173.02,2
2438,391,6,2017-06-05,2018-06-05,6233.44,2
2439,732,4,2015-08-16,2016-08-16,5262.2,2
2440,692,6,2023-12-02,2024-06-02,10147.58,2
2441,4,2,2020-02-26,2021-02-26,266967.53,2
2442,302,2,2026-04-11,2027-04-11,256191.01,1
2443,289,4,2017-08-25,2018-08-25,3047.43,2
2444,886,6,2023-05-28,2024-05-28,6482.24,2
2445,283,2,2015-01-30,2017-01-30,604500.66,2
2446,22,2,2026-07-18,2027-07-18,203822.19,1
2447,265,2,2022-08-27,2023-08-27,88428.75,2
2448,112,1,2009-05-22,2010-05-22,8258.77,2
2449,829,5,1979-06-25,1980-06-25,2276.13,2
2450,142,2,2025-08-09,2026-08-09,110155.38,2
2451,390,1,2020-05-11,2021-05-11,7400.53,2
2452,885,4,2025-06-25,2026-06-25,8529.67,2
2453,692,2,1999-02-24,2000-02-24,95295.3,2
2454,655,3,2022-02-08,2023-02-08,7269.93,2
2455,378,4,2024-05-08,2025-05-08,5135.57,2
2456,953,3,2026-05-29,2027-05-29,26804.77,1
2457,886,1,2024-11-03,2025-11-03,6387.43,2
2458,523,1,2001-02-23,2003-02-23,12162.05,2
2459,82,4,2016-09-04,2017-09-04,5347.51,2
2460,659,3,2026-09-12,2027-09-12,39625.27,3
2461,134,1,2025-06-19,2026-06-19,15866.72,2
2462,803,1,2023-05-21,2024-05-21,6819.14,2
2463,641,6,2024-11-09,2025-11-09,15709.66,2
2464,297,6,2020-11-29,2021-11-29,16595.57,2
2465,411,2,2019-08-12,2020-08-12,96642.81,2
2466,993,5,2025-12-20,2026-12-20,1500.0,3
2467,807,4,2012-07-04,2013-07-04,3374.79,2
2468,251,6,2026-04-18,2027-04-18,12797.6,1
2469,111,4,2015-03-16,2016-03-16,2910.35,2
2470,593,3,2015-03-22,2016-03-22,28424.02,2
2471,15,6,2025-06-06,2026-06-06,3787.19,2
2472,27,3,2015-09-13,2016-09-13,150589.86,2
2473,211,2,2025-01-19,2025-07-19,133131.73,2
2474,249,6,2003-07-06,2004-07-06,5899.69,2
2475,885,1,2023-03-21,2024-03-21,7935.26,2
2476,304,3,1982-11-22,1983-11-22,75914.28,2
2477,502,4,2014-01-08,2015-01-08,2433.48,2
2478,260,4,2026-01-01,2027-01-01,10093.01,1
2479,282,2,2008-10-14,2009-10-14,230718.9,3
2480,198,1,2023-03-06,2024-03-06,5985.78,2
2481,449,4,1994-01-30,1995-01-30,6537.22,2
2482,834,1,2026-07-23,2027-07-23,7198.69,1
2483,383,4,2023-05-23,2024-05-23,4301.32,2
2484,163,4,2012-04-24,2013-04-24,371228.64,2
2485,89,2,2024-06-28,2025-06-28,244321.23,2
2486,14,5,2026-03-09,2027-03-09,1838.02,1
2487,312,5,2005-06-14,2006-06-14,1605.5,2
2488,547,2,2024-03-19,2025-03-19,482490.97,3
2489,338,1,2020-08-11,2021-08-11,6620.01,3
2490,334,6,2006-02-25,2006-08-25,1585.67,2
2491,670,3,2006-10-11,2007-10-11,29809.83,2
2492,769,3,2026-04-17,2027-04-17,37987.3,1
2493,341,6,2024-04-26,2025-04-26,37018.22,2
2494,802,6,2026-08-12,2027-08-12,21794.72,1
2495,991,3,2023-11-11,2024-11-11,36386.92,3
2496,368,1,2026-01-21,2027-01-21,16474.14,1
2497,170,5,2021-02-09,2022-02-09,2087.05,2
2498,90,1,2025-10-08,2026-10-08,7538.6,1
2499,799,4,2026-02-01,2027-02-01,8956.26,3
2500,501,6,2025-07-28,2026-07-28,20843.0,2
