policy_id,client_id,region,policy_type,premium,total_payments,claim_count,total_claims,loss_ratio,loss_ratio_type
1,277,Los Angeles,6,3009.16,3009.16,0,0,0,Low
2,337,San Diego,2,63806.3,63806.3,0,0,0,Low
3,620,Dallas,3,9558.08,9558.08,0,0,0,Low
4,704,Dallas,3,11802.24,11802.24,1,2006.15,0.17,Low
5,548,Phoenix,3,31031.62,31031.62,0,0,0,Low
6,936,Houston,3,83788.3,83788.29999999999,0,0,0,Low
7,442,Phoenix,2,203550.94,203550.94,0,0,0,Low
8,144,Houston,4,3018.19,3018.19,1,17552.55,5.82,High
9,30,San Antonio,1,18737.16,18737.16,1,9704.63,0.52,Medium
10,839,Houston,5,1967.67,1967.67,0,0,0,Low
11,748,Los Angeles,5,1773.28,1773.28,1,534.59,0.3,Low
12,977,Houston,6,4747.1,4747.1,1,10608.19,2.23,High
13,959,Philadelphia,6,10491.3,10491.3,1,19543.38,1.86,High
14,819,Phoenix,1,6541.56,6541.56,0,0,0,Low
15,217,Houston,6,20042.31,20042.31,0,0,0,Low
16,567,Los Angeles,3,31056.22,31056.22,0,0,0,Low
17,934,Chicago,6,2209.84,2209.84,1,7973.81,3.61,High
18,59,Philadelphia,6,6964.28,6964.28,0,0,0,Low
19,51,San Diego,1,6871.97,6871.97,0,0,0,Low
20,466,Dallas,1,9708.6,9708.6,0,0,0,Low
21,27,Los Angeles,1,6107.81,6107.8099999999995,0,0,0,Low
22,538,San Jose,4,6516.55,6516.549999999999,1,20467.36,3.14,High
23,98,San Jose,5,2073.83,2073.83,0,0,0,Low
24,136,New York,5,1885,1885,0,0,0,Low
25,79,New York,3,63813.2,63813.2,1,23209.48,0.36,Low
26,213,Dallas,4,3508.93,3508.9300000000003,0,0,0,Low
27,226,Philadelphia,3,7381.94,7381.9400000000005,0,0,0,Low
28,710,Dallas,3,81528.41,81528.41,0,0,0,Low
29,925,San Jose,6,38968.68,38968.68,0,0,0,Low
30,366,Los Angeles,2,116549.25,116549.25,0,0,0,Low
31,382,Dallas,5,2264.71,2264.71,0,0,0,Low
32,340,Philadelphia,2,375790.88,375790.88,0,0,0,Low
33,952,Los Angeles,6,19235.88,19235.88,0,0,0,Low
34,591,San Jose,2,343542.96,343542.96,0,0,0,Low
35,555,San Antonio,1,7557.5,0,0,0,0,Low
36,524,Dallas,3,25105.48,25105.48,0,0,0,Low
37,850,Dallas,1,8468.78,8468.78,0,0,0,Low
38,352,Phoenix,3,61477.16,61477.16,0,0,0,Low
39,461,San Diego,4,4721.43,4721.43,0,0,0,Low
40,697,Dallas,6,6914.5,6914.5,0,0,0,Low
41,875,Phoenix,2,83733.68,83733.68,1,220103.52,2.63,High
42,122,Chicago,5,2297.76,2297.7599999999998,0,0,0,Low
43,320,New York,3,97142.79,97142.79000000001,0,0,0,Low
44,347,San Diego,6,11461.79,11461.789999999999,0,0,0,Low
45,59,Philadelphia,2,265540.68,265540.68,0,0,0,Low
46,551,Los Angeles,5,1819.05,1819.05,0,0,0,Low
47,193,New York,2,297666.33,297666.33,0,0,0,Low
48,809,San Antonio,1,10563.67,10563.67,0,0,0,Low
49,258,Chicago,1,21324.58,21324.58,0,0,0,Low
50,649,San Antonio,5,42276.4,42276.4,0,0,0,Low
51,628,Philadelphia,1,6033.17,6033.17,1,23707.02,3.93,High
52,476,Chicago,5,1950.53,1950.53,0,0,0,Low
53,844,Los Angeles,4,4809.7,4809.7,0,0,0,Low
54,986,San Antonio,2,165601.26,165601.26,0,0,0,Low
55,21,San Diego,6,3621.97,3621.9700000000003,1,8243.63,2.28,High
56,627,Chicago,3,58623.02,58623.02,0,0,0,Low
57,911,San Jose,2,217127.79,217127.78999999998,0,0,0,Low
58,538,San Jose,3,11900.22,11900.22,1,1576.61,0.13,Low
59,563,Dallas,5,2079.86,2079.86,0,0,0,Low
60,838,New York,2,105962.27,105962.26999999999,0,0,0,Low
61,844,Los Angeles,5,1643.81,1643.81,0,0,0,Low
62,373,Philadelphia,1,6605.77,6605.77,1,19627.83,2.97,High
63,943,San Diego,2,110936,110936,0,0,0,Low
64,544,Los Angeles,1,76653.51,76653.51,0,0,0,Low
65,779,Philadelphia,4,3419.39,3419.39,0,0,0,Low
66,462,Philadelphia,5,1760.01,1760.01,0,0,0,Low
67,310,Phoenix,5,2657.9,2657.9,0,0,0,Low
68,934,Chicago,1,6855,6855,1,29103.74,4.25,High
69,96,Phoenix,4,207447.2,207447.19999999998,0,0,0,Low
70,165,Philadelphia,2,65982.65,65982.65,0,0,0,Low
71,977,Houston,2,142484.56,142484.56,0,0,0,Low
72,207,Dallas,5,2082.78,2082.7799999999997,0,0,0,Low
73,18,Dallas,5,2167.81,2167.81,0,0,0,Low
74,780,Chicago,6,12869.68,12869.68,0,0,0,Low
75,467,San Diego,6,5116.18,5116.18,0,0,0,Low
76,631,San Antonio,5,2594.96,0,1,4109.26,1.58,High
77,942,Philadelphia,2,28059.14,28059.14,1,41078.46,1.46,High
78,261,San Diego,6,8805.86,8805.86,0,0,0,Low
79,536,San Antonio,2,459889.17,459889.17,1,1650323.04,3.59,High
80,811,San Antonio,1,8866.09,8866.09,0,0,0,Low
81,609,San Diego,4,9719.84,9719.84,1,18166.88,1.87,High
82,789,Houston,5,1684.8,1684.8,0,0,0,Low
83,439,Philadelphia,3,185816.72,185816.72,0,0,0,Low
84,224,Philadelphia,2,28318.97,28318.97,1,403465.51,14.25,High
85,802,Phoenix,6,3739.86,3739.86,1,10988.74,2.94,High
86,674,Philadelphia,6,7556.93,7556.93,1,21988.65,2.91,High
87,292,Los Angeles,3,12469.28,12469.279999999999,0,0,0,Low
88,155,Dallas,6,15007.65,15007.65,3,122349.83,8.15,High
89,524,Dallas,1,12600.97,12600.97,3,114162.39,9.06,High
90,327,Houston,4,2815.55,2815.55,1,19703.72,7,High
91,321,Phoenix,3,25094.94,25094.940000000002,1,3627.91,0.14,Low
92,2,San Antonio,3,28670.03,28670.03,0,0,0,Low
93,425,Houston,2,118513.57,118513.57,0,0,0,Low
94,419,Phoenix,2,231236.43,231236.43,0,0,0,Low
95,442,Phoenix,5,1500,1500,1,4268.64,2.85,High
96,110,San Diego,3,10900.33,10900.33,0,0,0,Low
97,782,Houston,4,4268.88,4268.88,0,0,0,Low
98,968,Los Angeles,3,36878.66,36878.66,2,8733.869999999999,0.24,Low
99,948,New York,4,8985.93,8985.93,0,0,0,Low
100,727,Philadelphia,3,35772.55,35772.55,0,0,0,Low
101,290,San Diego,6,22352.08,22352.08,1,56314.37,2.52,High
102,676,New York,3,17723.95,17723.95,0,0,0,Low
103,120,Phoenix,6,5357.59,5357.59,0,0,0,Low
104,241,New York,6,22893.21,22893.21,0,0,0,Low
105,328,Chicago,5,1500,1500,0,0,0,Low
106,48,San Antonio,6,8743.2,8743.2,0,0,0,Low
107,878,Phoenix,6,23036.88,23036.879999999997,1,11756.78,0.51,Medium
108,234,New York,2,452565.08,452565.08,0,0,0,Low
109,583,Dallas,3,37397.45,37397.45,0,0,0,Low
110,801,Phoenix,4,7978.08,7978.08,0,0,0,Low
111,365,Phoenix,6,26301.98,26301.98,0,0,0,Low
112,990,New York,2,184991.47,184991.47,0,0,0,Low
113,155,Dallas,6,7805.27,7805.27,0,0,0,Low
114,699,Phoenix,6,15226.15,15226.15,0,0,0,Low
115,189,Philadelphia,1,15348.7,15348.7,1,15660.38,1.02,High
116,566,Philadelphia,2,416109.64,416109.64,1,984000.68,2.36,High
117,404,San Diego,2,192798.03,192798.03,0,0,0,Low
118,406,Dallas,5,2415.91,2415.91,0,0,0,Low
119,712,San Antonio,6,12723.82,12723.82,0,0,0,Low
120,342,San Jose,2,119987.5,119987.5,0,0,0,Low
121,231,San Antonio,1,9889.21,9889.210000000001,0,0,0,Low
122,526,Dallas,6,30110.36,30110.36,1,84722.75,2.81,High
123,50,Dallas,2,249192.93,249192.93,1,807670.26,3.24,High
124,524,Dallas,2,400877.64,400877.64,1,1102333.54,2.75,High
125,546,New York,1,7142.72,7142.72,0,0,0,Low
126,863,Phoenix,4,2248.33,2248.33,0,0,0,Low
127,636,San Jose,2,70969.49,70969.49,1,217915.56,3.07,High
128,771,Phoenix,1,12451.19,12451.19,0,0,0,Low
129,145,Philadelphia,2,136190.08,136190.08,0,0,0,Low
130,592,Phoenix,2,322861.12,322861.12,0,0,0,Low
131,279,San Diego,2,314269.2,314269.2,0,0,0,Low
132,452,Dallas,4,311944.59,311944.58999999997,0,0,0,Low
133,289,Dallas,2,178416.3,178416.30000000002,0,0,0,Low
134,640,San Diego,4,8299.71,8299.710000000001,0,0,0,Low
135,571,Los Angeles,5,2593.44,2593.44,0,0,0,Low
136,863,Phoenix,3,30462.27,30462.27,0,0,0,Low
137,713,Philadelphia,1,16285.1,16285.1,1,21148.84,1.3,High
138,371,Chicago,2,197448.29,197448.29,0,0,0,Low
139,131,Dallas,2,41278.56,41278.56,1,101452.21,2.46,High
140,663,Dallas,5,3195.96,3195.96,0,0,0,Low
141,813,New York,2,183944.06,183944.06,1,758120.59,4.12,High
142,236,Los Angeles,2,383930.34,383930.33999999997,1,928844.89,2.42,High
143,381,San Jose,3,31911.48,31911.480000000003,0,0,0,Low
144,510,San Jose,3,5800.32,5800.32,0,0,0,Low
145,69,Houston,4,3353.85,3353.85,1,26754.15,7.98,High
146,15,San Jose,1,12369.92,12369.92,0,0,0,Low
147,60,New York,1,15164.7,15164.7,0,0,0,Low
148,813,New York,3,87417.05,87417.05,1,36317.21,0.42,Low
149,114,San Diego,2,238108.9,238108.9,0,0,0,Low
150,953,Chicago,6,20677.14,20677.14,1,9016.94,0.44,Low
151,498,Philadelphia,1,9246.51,9246.51,0,0,0,Low
152,610,Chicago,1,4420.56,4420.56,1,8364.92,1.89,High
153,336,Los Angeles,3,30210.71,30210.71,0,0,0,Low
154,461,San Diego,1,4701.17,4701.17,1,20599.17,4.38,High
155,995,Los Angeles,6,3641.78,3641.7799999999997,0,0,0,Low
156,668,New York,3,4563.83,4563.83,0,0,0,Low
157,814,Dallas,1,11039.55,11039.55,0,0,0,Low
158,188,San Diego,2,408639.4,408639.4,0,0,0,Low
159,565,San Antonio,5,1689.42,1689.42,0,0,0,Low
160,530,Houston,3,22465.1,22465.1,0,0,0,Low
161,618,Chicago,2,410797.4,410797.4,0,0,0,Low
162,787,San Diego,2,232841.28,232841.28,0,0,0,Low
163,925,San Jose,2,133914.12,133914.12,0,0,0,Low
164,453,San Jose,5,1808.44,1808.44,1,11413.39,6.31,High
165,183,Los Angeles,4,5664.16,5664.16,0,0,0,Low
166,634,Philadelphia,3,9158.74,9158.74,0,0,0,Low
167,892,Phoenix,2,400000.11,400000.11,0,0,0,Low
168,971,San Jose,6,6227.6,0,0,0,0,Low
169,30,San Antonio,6,14077.21,14077.210000000001,0,0,0,Low
170,210,San Diego,5,2198.11,2198.1099999999997,0,0,0,Low
171,589,Dallas,3,38441.07,38441.07,0,0,0,Low
172,482,Philadelphia,4,3077.27,3077.27,0,0,0,Low
173,941,Philadelphia,4,3532.46,3532.46,0,0,0,Low
174,697,Dallas,1,9485.81,9485.81,0,0,0,Low
175,925,San Jose,5,1082.92,1082.92,1,2411.44,2.23,High
176,674,Philadelphia,5,2015.42,0,0,0,0,Low
177,48,San Antonio,4,7230.09,7230.09,0,0,0,Low
178,431,Houston,6,2751.34,2751.34,0,0,0,Low
179,921,San Antonio,5,2228.3,2228.3,1,1455.62,0.65,Medium
180,771,Phoenix,3,38406.06,38406.06,1,3195.18,0.08,Low
181,360,Chicago,6,35074.77,35074.770000000004,1,81532.5,2.32,High
182,529,Phoenix,5,1801.88,1801.8799999999999,0,0,0,Low
183,942,Philadelphia,4,6600.28,6600.28,0,0,0,Low
184,859,San Diego,5,2264.34,2264.34,0,0,0,Low
185,831,Los Angeles,4,11371.01,11371.01,0,0,0,Low
186,616,Phoenix,2,179403.68,179403.68,0,0,0,Low
187,280,Dallas,1,9039.11,9039.11,1,8064.77,0.89,Medium
188,77,New York,4,1846.61,1846.61,0,0,0,Low
189,469,Phoenix,5,1088.34,1088.3400000000001,2,5599.13,5.14,High
190,912,San Jose,3,130753.99,130753.98999999999,0,0,0,Low
191,423,San Jose,4,1930.4,1930.4,0,0,0,Low
192,650,Los Angeles,2,354543.13,354543.13,1,853449.5,2.41,High
193,64,New York,5,1500,1500,0,0,0,Low
194,464,Dallas,3,6776.69,6776.69,1,935.5,0.14,Low
195,801,Phoenix,2,16627.4,16627.4,0,0,0,Low
196,161,Phoenix,1,9752,9752,1,5673.29,0.58,Medium
197,726,Philadelphia,1,6790.82,6790.82,0,0,0,Low
198,179,San Jose,5,2088.84,2088.84,0,0,0,Low
199,451,Philadelphia,5,1922.86,1922.86,0,0,0,Low
200,710,Dallas,5,2749.55,2749.55,0,0,0,Low
201,705,Chicago,5,2479.46,2479.46,0,0,0,Low
202,936,Houston,1,4639.52,4639.52,0,0,0,Low
203,11,Philadelphia,6,2967.23,2967.23,0,0,0,Low
204,80,San Jose,5,2196.25,0,0,0,0,Low
205,543,Houston,3,37272.7,37272.7,0,0,0,Low
206,979,San Jose,3,4687.75,4687.75,2,3244.7000000000003,0.69,Medium
207,73,San Jose,4,3130.62,3130.62,0,0,0,Low
208,864,San Jose,3,76390.35,76390.35,0,0,0,Low
209,594,New York,5,1509.88,1509.88,0,0,0,Low
210,992,Dallas,3,70039.23,70039.23,1,26310.45,0.38,Low
211,304,Philadelphia,4,3257.78,3257.7799999999997,1,24105.75,7.4,High
212,295,San Antonio,2,203224.14,203224.13999999998,0,0,0,Low
213,248,Phoenix,4,3551.41,3551.4100000000003,1,33841.31,9.53,High
214,240,Chicago,5,1500,1500,0,0,0,Low
215,744,Chicago,5,2134.78,2134.78,0,0,0,Low
216,633,Houston,2,2139516.7,2139516.7,0,0,0,Low
217,212,Los Angeles,5,1866.05,1866.05,0,0,0,Low
218,475,San Jose,4,7155.26,7155.26,0,0,0,Low
219,614,New York,6,26492.43,0,0,0,0,Low
220,89,Dallas,4,4647.18,4647.18,0,0,0,Low
221,829,Houston,1,8904.04,8904.04,1,18592.91,2.09,High
222,37,Los Angeles,6,4692.9,4692.9,1,16297.09,3.47,High
223,361,New York,5,2146.62,2146.62,0,0,0,Low
224,845,Los Angeles,4,9632.06,9632.06,0,0,0,Low
225,850,Dallas,3,71409.29,71409.29000000001,0,0,0,Low
226,398,Phoenix,3,55786.72,55786.72,1,7831.97,0.14,Low
227,144,Houston,6,12224.79,12224.79,0,0,0,Low
228,342,San Jose,6,29886.34,29886.34,0,0,0,Low
229,281,Phoenix,4,9928.38,9928.380000000001,0,0,0,Low
230,604,New York,5,2180.99,2180.99,0,0,0,Low
231,958,San Jose,4,204485.97,204485.97,0,0,0,Low
232,758,Philadelphia,5,2228.39,2228.39,0,0,0,Low
233,580,Dallas,4,6116.19,6116.1900000000005,2,39133.81,6.4,High
234,560,San Diego,4,3816.72,3816.7200000000003,0,0,0,Low
235,522,Houston,6,8044.69,8044.6900000000005,0,0,0,Low
236,249,San Diego,4,7931.23,7931.23,0,0,0,Low
237,917,Houston,5,2421.38,2421.38,0,0,0,Low
238,919,Los Angeles,4,3496.64,3496.64,0,0,0,Low
239,5,Dallas,5,2059.88,0,0,0,0,Low
240,449,Houston,3,25314.38,25314.379999999997,0,0,0,Low
241,205,San Diego,1,7751.53,7751.530000000001,0,0,0,Low
242,531,San Diego,4,2355.81,2355.81,0,0,0,Low
243,305,Los Angeles,4,7789.35,7789.349999999999,0,0,0,Low
244,584,Los Angeles,6,15372.23,15372.23,2,56107.2,3.65,High
245,664,Philadelphia,1,7352,7352,0,0,0,Low
246,992,Dallas,2,19547.09,19547.09,0,0,0,Low
247,765,Chicago,6,21355.4,21355.4,1,40632.18,1.9,High
248,479,Chicago,5,2216.12,2216.12,1,800.58,0.36,Low
249,158,New York,3,65662.62,65662.62,0,0,0,Low
250,905,Chicago,5,1894.35,1894.35,0,0,0,Low
251,516,Philadelphia,2,188464.46,188464.46,0,0,0,Low
252,986,San Antonio,5,2443.5,2443.5,0,0,0,Low
253,183,Los Angeles,4,9846.16,9846.16,0,0,0,Low
254,237,Phoenix,4,2190.68,2190.68,0,0,0,Low
255,334,Philadelphia,5,2232.43,2232.4300000000003,0,0,0,Low
256,561,San Antonio,2,135663.44,135663.44,0,0,0,Low
257,664,Philadelphia,4,5179.1,0,0,0,0,Low
258,616,Phoenix,5,2128.03,2128.0299999999997,0,0,0,Low
259,136,New York,3,12289.06,12289.06,0,0,0,Low
260,442,Phoenix,2,43471.43,43471.43,0,0,0,Low
261,427,Houston,5,2453.79,2453.79,0,0,0,Low
262,22,Los Angeles,6,29242.85,29242.85,0,0,0,Low
263,75,San Antonio,4,5642.44,5642.4400000000005,1,70674.81,12.53,High
264,869,Houston,5,1612.88,1612.88,0,0,0,Low
265,723,Philadelphia,4,7986.25,7986.25,0,0,0,Low
266,571,Los Angeles,4,1884.75,1884.75,0,0,0,Low
267,51,San Diego,2,117154.28,117154.28,0,0,0,Low
268,478,New York,2,112397.27,112397.27,0,0,0,Low
269,224,Philadelphia,4,7028.37,7028.37,0,0,0,Low
270,797,Chicago,6,10705.99,10705.99,0,0,0,Low
271,94,San Jose,1,7468.42,7468.42,0,0,0,Low
272,490,Phoenix,3,6663.05,6663.049999999999,0,0,0,Low
273,90,San Antonio,4,5193.46,5193.46,2,41808.72,8.05,High
274,625,Phoenix,4,4659.64,4659.64,0,0,0,Low
275,672,Houston,3,7634.98,7634.9800000000005,0,0,0,Low
276,694,San Jose,6,21882.62,21882.62,0,0,0,Low
277,493,Chicago,6,2000,2000,1,10567.21,5.28,High
278,523,Los Angeles,3,32349.87,32349.87,0,0,0,Low
279,212,Los Angeles,5,2562.38,2562.38,0,0,0,Low
280,575,San Diego,4,6661.31,6661.3099999999995,0,0,0,Low
281,462,Philadelphia,4,8409.36,8409.36,0,0,0,Low
282,56,Chicago,3,20253.86,20253.86,1,1482.72,0.07,Low
283,703,Chicago,4,347637.42,347637.42,0,0,0,Low
284,459,Houston,6,3760.68,3760.6800000000003,0,0,0,Low
285,970,San Antonio,1,6075.78,6075.78,2,21664.77,3.57,High
286,543,Houston,5,1903.87,1903.87,1,3334.75,1.75,High
287,466,Dallas,3,16207.49,16207.49,2,9151.17,0.56,Medium
288,26,San Antonio,5,2606.45,2606.45,0,0,0,Low
289,278,Phoenix,4,7383.6,7383.599999999999,0,0,0,Low
290,297,Los Angeles,5,1671.25,1671.25,1,6350.48,3.8,High
291,272,San Antonio,6,3957.37,3957.37,2,17299.489999999998,4.37,High
292,923,San Antonio,2,47582.49,47582.49,0,0,0,Low
293,114,San Diego,6,8566.89,8566.89,1,12386.65,1.45,High
294,322,Phoenix,6,16005.05,16005.05,0,0,0,Low
295,918,Philadelphia,2,54613.1,54613.1,0,0,0,Low
296,391,Phoenix,6,40820.56,0,0,0,0,Low
297,301,New York,3,4043.61,4043.61,0,0,0,Low
298,403,San Diego,4,3046.13,3046.1299999999997,0,0,0,Low
299,276,Philadelphia,5,2108.83,2108.83,0,0,0,Low
300,235,Philadelphia,2,189600.11,189600.11,1,467292.67,2.46,High
301,982,San Diego,6,5414.33,5414.33,0,0,0,Low
302,47,Dallas,1,7624.57,7624.570000000001,1,11602.55,1.52,High
303,116,San Antonio,3,47679.66,47679.66,0,0,0,Low
304,521,San Jose,2,341054,341054,0,0,0,Low
305,506,Dallas,6,14874.61,14874.61,1,47197.1,3.17,High
306,551,Los Angeles,6,18969.81,18969.81,0,0,0,Low
307,301,New York,3,185834.34,185834.34,0,0,0,Low
308,955,Chicago,1,6802.76,6802.76,1,11267.78,1.66,High
309,374,Philadelphia,4,4225.43,4225.43,0,0,0,Low
310,350,Dallas,3,34476.02,0,2,38266.78,1.11,High
311,260,New York,1,7622.01,7622.01,1,18369.57,2.41,High
312,835,New York,5,2099.75,2099.75,0,0,0,Low
313,872,San Jose,1,9846.62,9846.62,0,0,0,Low
314,79,New York,5,1675.15,1675.15,0,0,0,Low
315,957,Philadelphia,3,6551.77,6551.77,0,0,0,Low
316,125,Houston,4,6718.27,6718.27,0,0,0,Low
317,930,San Jose,1,8735.05,8735.05,0,0,0,Low
318,818,Houston,4,9440.02,9440.02,0,0,0,Low
319,16,San Antonio,3,64992.79,0,0,0,0,Low
320,726,Philadelphia,3,37646.14,37646.14,0,0,0,Low
321,175,San Diego,4,2059.24,2059.24,0,0,0,Low
322,253,San Diego,4,3121.74,3121.7400000000002,0,0,0,Low
323,234,New York,2,477982,477982,0,0,0,Low
324,127,Philadelphia,5,2064.96,2064.96,1,8298.08,4.02,High
325,720,New York,5,1500,0,0,0,0,Low
326,256,Philadelphia,2,74970.64,74970.64,0,0,0,Low
327,899,Philadelphia,5,1500,1500,1,944.83,0.63,Medium
328,418,Los Angeles,2,480963.63,480963.63,1,323270.54,0.67,Medium
329,789,Houston,1,7994.07,0,0,0,0,Low
330,436,San Antonio,5,2636.83,2636.83,0,0,0,Low
331,348,Los Angeles,6,7807.62,7807.62,0,0,0,Low
332,883,San Diego,5,1914.28,1914.2800000000002,0,0,0,Low
333,89,Dallas,4,6979.15,6979.15,0,0,0,Low
334,336,Los Angeles,5,2209.15,2209.15,1,3264.88,1.48,High
335,406,Dallas,1,6539.07,6539.07,1,6280.94,0.96,Medium
336,868,San Diego,4,3771.9,3771.9,0,0,0,Low
337,305,Los Angeles,1,15074.24,15074.24,0,0,0,Low
338,234,New York,2,126625.49,126625.48999999999,2,996285.6599999999,7.87,High
339,342,San Jose,4,2524.26,0,0,0,0,Low
340,663,Dallas,4,2952.14,2952.14,0,0,0,Low
341,797,Chicago,2,277123.38,277123.38,1,1377120.68,4.97,High
342,24,Los Angeles,2,276012.69,276012.69,0,0,0,Low
343,734,Chicago,1,11388.93,11388.93,1,22850.64,2.01,High
344,900,Dallas,6,60552.24,60552.24,1,35339.21,0.58,Medium
345,544,Los Angeles,3,167931.78,167931.78,0,0,0,Low
346,739,Philadelphia,1,6608.16,6608.16,0,0,0,Low
347,313,San Jose,5,2398.43,2398.43,0,0,0,Low
348,158,New York,4,5920.99,5920.99,0,0,0,Low
349,939,Philadelphia,6,12703.98,12703.98,0,0,0,Low
350,710,Dallas,4,8317.25,8317.25,0,0,0,Low
351,999,New York,5,749.99,749.99,0,0,0,Low
352,713,Philadelphia,3,22453.51,22453.510000000002,1,3854.2,0.17,Low
353,582,Houston,6,2923,2923,0,0,0,Low
354,853,Chicago,4,8911.45,8911.449999999999,0,0,0,Low
355,244,Dallas,5,1671.07,1671.07,1,11477.02,6.87,High
356,252,Houston,4,8147.16,8147.16,0,0,0,Low
357,598,Los Angeles,2,34438.79,34438.79,0,0,0,Low
358,340,Philadelphia,5,1603.06,1603.06,0,0,0,Low
359,593,San Antonio,1,9325.1,9325.1,0,0,0,Low
360,71,San Diego,4,6992.46,6992.46,1,137941.93,19.73,High
361,709,San Antonio,6,12110.86,12110.86,0,0,0,Low
362,411,Philadelphia,6,6858.88,6858.88,0,0,0,Low
363,107,Phoenix,1,14973.81,14973.81,0,0,0,Low
364,537,New York,6,20772.43,20772.43,1,6423.11,0.31,Low
365,867,Houston,6,6849.48,6849.4800000000005,0,0,0,Low
366,398,Phoenix,6,9226.12,9226.119999999999,1,27273.96,2.96,High
367,143,Los Angeles,1,9167.32,9167.32,0,0,0,Low
368,749,Chicago,3,44228.31,44228.31,0,0,0,Low
369,894,Chicago,1,3026.52,3026.52,0,0,0,Low
370,762,San Jose,1,9435.72,9435.72,0,0,0,Low
371,267,Dallas,2,416238.17,416238.17,0,0,0,Low
372,334,Philadelphia,6,27597.42,27597.42,0,0,0,Low
373,233,Houston,4,2884.86,2884.8599999999997,0,0,0,Low
374,7,Los Angeles,2,26455.01,26455.01,1,259966.59,9.83,High
375,263,Los Angeles,1,8370.48,8370.48,0,0,0,Low
376,192,Phoenix,5,1503.4,1503.4,1,459.47,0.31,Low
377,957,Philadelphia,4,5955.65,5955.65,0,0,0,Low
378,340,Philadelphia,4,7514.06,7514.06,0,0,0,Low
379,893,San Jose,1,11323.95,11323.95,0,0,0,Low
380,101,San Diego,3,26909.98,26909.98,0,0,0,Low
381,509,New York,1,9754.36,9754.36,0,0,0,Low
382,674,Philadelphia,2,115746.36,115746.36,0,0,0,Low
383,882,Phoenix,2,341091.44,341091.44,0,0,0,Low
384,770,Los Angeles,3,4079.93,4079.93,0,0,0,Low
385,188,San Diego,4,11562.62,11562.619999999999,0,0,0,Low
386,650,Los Angeles,2,192088.47,192088.47,1,896220.16,4.67,High
387,82,San Antonio,6,70324.89,70324.89,0,0,0,Low
388,333,San Diego,3,7840.63,7840.63,0,0,0,Low
389,377,Houston,2,417705.29,417705.29,0,0,0,Low
390,943,San Diego,5,2173.39,2173.39,0,0,0,Low
391,593,San Antonio,3,8989.06,8989.06,1,3789.48,0.42,Low
392,221,Houston,3,20874.85,20874.850000000002,1,2748.81,0.13,Low
393,206,Dallas,2,51448.88,51448.880000000005,0,0,0,Low
394,321,Phoenix,6,201504.6,201504.6,0,0,0,Low
395,298,Houston,2,133484.29,133484.29,1,179312.69,1.34,High
396,182,Chicago,3,7203.08,7203.08,0,0,0,Low
397,860,Los Angeles,1,6372.5,6372.5,0,0,0,Low
398,582,Houston,4,2363.09,0,0,0,0,Low
399,412,San Diego,3,33308.01,33308.01,0,0,0,Low
400,840,Phoenix,6,11474.84,11474.84,0,0,0,Low
401,520,San Antonio,4,1985.68,1985.68,1,24477.37,12.33,High
402,762,San Jose,3,6869.4,6869.4,0,0,0,Low
403,128,Phoenix,3,27625.02,27625.02,0,0,0,Low
404,226,Philadelphia,3,138597.95,138597.95,1,8017.93,0.06,Low
405,898,San Antonio,2,123001.01,123001.01,0,0,0,Low
406,881,San Diego,5,1823.01,0,1,3000.89,1.65,High
407,257,Dallas,4,3287.23,3287.23,0,0,0,Low
408,458,Houston,5,1814.25,1814.25,0,0,0,Low
409,136,New York,6,8663.95,8663.95,1,21380.64,2.47,High
410,892,Phoenix,4,3108.11,0,1,50859.68,16.36,High
411,713,Philadelphia,5,1500,1500,0,0,0,Low
412,414,Dallas,4,6823.16,6823.16,0,0,0,Low
413,796,San Antonio,6,8038.92,8038.92,0,0,0,Low
414,797,Chicago,6,10013.62,10013.62,0,0,0,Low
415,289,Dallas,4,6649.94,6649.9400000000005,0,0,0,Low
416,470,Philadelphia,2,307978.69,307978.69,0,0,0,Low
417,195,Philadelphia,1,7376.66,7376.66,0,0,0,Low
418,886,Phoenix,2,80958.81,80958.81,0,0,0,Low
419,878,Phoenix,5,1500,1500,0,0,0,Low
420,550,San Diego,5,2170.84,2170.84,0,0,0,Low
421,684,New York,1,7883.18,7883.18,1,8576.08,1.09,High
422,838,New York,4,4410.67,4410.67,0,0,0,Low
423,470,Philadelphia,5,1972.39,1972.39,0,0,0,Low
424,116,San Antonio,5,1638.7,1638.7,0,0,0,Low
425,961,Houston,4,9337.58,9337.58,0,0,0,Low
426,616,Phoenix,2,84594.1,84594.1,0,0,0,Low
427,413,Houston,1,7673.52,7673.52,0,0,0,Low
428,32,Chicago,1,7222.57,0,1,12307.46,1.7,High
429,690,Houston,3,32387.71,32387.71,0,0,0,Low
430,385,Philadelphia,3,11363.91,11363.91,0,0,0,Low
431,684,New York,2,199014.04,199014.03999999998,1,171454.48,0.86,Medium
432,86,San Jose,5,1499.99,1499.99,0,0,0,Low
433,167,San Jose,3,25984.6,25984.600000000002,0,0,0,Low
434,153,Philadelphia,6,18784.96,18784.96,2,58480.29,3.11,High
435,610,Chicago,4,280321.26,280321.26,1,4788874.32,17.08,High
436,519,San Jose,4,1809.22,1809.2200000000003,0,0,0,Low
437,835,New York,3,9492.23,9492.23,0,0,0,Low
438,921,San Antonio,5,2239.71,2239.71,0,0,0,Low
439,489,Philadelphia,3,59070.96,59070.96000000001,0,0,0,Low
440,459,Houston,2,276110.14,276110.14,0,0,0,Low
441,242,San Diego,3,59741.46,59741.46,0,0,0,Low
442,9,San Jose,3,31390.61,31390.61,0,0,0,Low
443,428,San Antonio,2,210343.86,210343.86,1,448572.76,2.13,High
444,798,Philadelphia,2,143835.47,143835.47,0,0,0,Low
445,736,San Diego,2,204236.74,204236.74,0,0,0,Low
446,577,Los Angeles,5,2186.6,2186.6,1,4292.9,1.96,High
447,250,New York,4,4177.51,4177.51,0,0,0,Low
448,454,Phoenix,2,127755.22,127755.22,0,0,0,Low
449,324,Chicago,3,156606.01,156606.01,0,0,0,Low
450,474,San Antonio,1,5069.73,5069.73,1,46090.84,9.09,High
451,357,New York,3,29134.74,29134.74,0,0,0,Low
452,277,Los Angeles,6,3379.18,3379.1800000000003,0,0,0,Low
453,414,Dallas,6,5638.28,5638.28,0,0,0,Low
454,466,Dallas,1,9536.56,9536.56,0,0,0,Low
455,480,New York,4,2052.87,2052.87,0,0,0,Low
456,433,Dallas,6,4314.13,4314.13,0,0,0,Low
457,437,San Antonio,6,3285.49,3285.49,0,0,0,Low
458,450,Chicago,3,144485.51,144485.51,0,0,0,Low
459,434,Dallas,2,319998.75,319998.75,0,0,0,Low
460,533,New York,2,293749.34,293749.33999999997,0,0,0,Low
461,110,San Diego,5,1505.58,0,1,2664.67,1.77,High
462,487,Houston,6,22639.9,22639.9,1,87268.26,3.85,High
463,160,Houston,3,47576.24,47576.24,0,0,0,Low
464,85,Dallas,5,1564.19,1564.19,0,0,0,Low
465,599,San Jose,4,2942.57,2942.57,0,0,0,Low
466,823,San Antonio,3,10303.49,10303.49,0,0,0,Low
467,66,Chicago,1,7811.25,7811.25,0,0,0,Low
468,35,Chicago,1,6061.05,6061.05,1,24813.54,4.09,High
469,144,Houston,4,8473.75,8473.75,0,0,0,Low
470,275,San Antonio,4,3553.81,3553.81,1,34668.01,9.76,High
471,543,Houston,5,2022.33,2022.33,0,0,0,Low
472,264,Houston,6,7548.31,7548.31,0,0,0,Low
473,415,Los Angeles,5,1500,1500,0,0,0,Low
474,624,San Diego,4,6138.71,6138.71,1,108188.16,17.62,High
475,482,Philadelphia,4,4617.79,4617.79,1,44332.44,9.6,High
476,366,Los Angeles,5,1952.29,1952.29,0,0,0,Low
477,582,Houston,2,155469.14,155469.13999999998,0,0,0,Low
478,612,Dallas,2,72573.57,72573.57,1,150027.33,2.07,High
479,352,Phoenix,1,6952.92,6952.92,1,27781.76,4,High
480,99,Philadelphia,2,57547.24,57547.24,1,137493.7,2.39,High
481,522,Houston,1,11468.82,11468.82,1,23087.13,2.01,High
482,619,Philadelphia,2,194126.71,194126.71000000002,1,1252468.68,6.45,High
483,469,Phoenix,2,642912.33,642912.3300000001,2,950170.31,1.48,High
484,787,San Diego,2,191777.07,191777.07,1,182986.73,0.95,Medium
485,464,Dallas,1,6955.13,6955.13,0,0,0,Low
486,475,San Jose,6,15284.68,15284.68,0,0,0,Low
487,691,Houston,6,6189.95,6189.95,0,0,0,Low
488,810,San Jose,2,491378.39,0,1,537030.25,1.09,High
489,538,San Jose,3,280342.24,280342.24,0,0,0,Low
490,607,Philadelphia,2,35239.65,35239.65,0,0,0,Low
491,964,Chicago,5,2543.24,0,0,0,0,Low
492,489,Philadelphia,1,13712.42,13712.42,0,0,0,Low
493,892,Phoenix,6,7944.52,7944.52,0,0,0,Low
494,925,San Jose,1,7926.74,7926.74,0,0,0,Low
495,273,Chicago,6,8583.29,8583.29,1,25042.68,2.92,High
496,705,Chicago,5,2089.76,2089.76,0,0,0,Low
497,797,Chicago,2,88614.21,88614.20999999999,2,938038.62,10.59,High
498,694,San Jose,4,7693.61,7693.610000000001,0,0,0,Low
499,37,Los Angeles,6,7263.19,7263.19,1,18783.91,2.59,High
500,235,Philadelphia,2,193707.78,193707.78,0,0,0,Low
501,25,San Diego,2,219801.9,219801.9,0,0,0,Low
502,988,Phoenix,2,143580.58,143580.58,0,0,0,Low
503,267,Dallas,1,9428.76,9428.76,0,0,0,Low
504,40,San Jose,1,9098.55,9098.55,1,14970.93,1.65,High
505,127,Philadelphia,4,7944.94,7944.9400000000005,0,0,0,Low
506,479,Chicago,2,99725.73,99725.73,0,0,0,Low
507,921,San Antonio,1,10507.72,10507.720000000001,1,29670.1,2.82,High
508,338,Phoenix,2,70686.02,70686.01999999999,0,0,0,Low
509,289,Dallas,5,1996.99,1996.99,1,5070.14,2.54,High
510,607,Philadelphia,5,1500,1500,0,0,0,Low
511,743,Chicago,2,176448.19,176448.19,0,0,0,Low
512,25,San Diego,6,5892.6,5892.6,1,20493.2,3.48,High
513,205,San Diego,6,163937.8,163937.8,0,0,0,Low
514,850,Dallas,3,21406.54,21406.54,0,0,0,Low
515,348,Los Angeles,2,143871,143871,0,0,0,Low
516,507,New York,5,1543.56,0,2,3553.2,2.3,High
517,799,Houston,1,7937.02,7937.0199999999995,1,8428.31,1.06,High
518,589,Dallas,3,35683.73,35683.729999999996,1,4362.7,0.12,Low
519,933,San Diego,4,66542.6,66542.6,1,6314.08,0.09,Low
520,579,Phoenix,5,2492.01,2492.01,0,0,0,Low
521,451,Philadelphia,4,7322.72,7322.72,0,0,0,Low
522,143,Los Angeles,4,4103.94,4103.9400000000005,0,0,0,Low
523,676,New York,4,1274.84,1274.8400000000001,0,0,0,Low
524,107,Phoenix,1,6238.15,6238.15,0,0,0,Low
525,421,Houston,1,8491.23,8491.23,0,0,0,Low
526,896,Dallas,2,252955.3,252955.30000000002,0,0,0,Low
527,41,Dallas,6,2434.89,2434.89,1,2777.73,1.14,High
528,92,Houston,4,9036.04,0,0,0,0,Low
529,56,Chicago,1,70306.1,70306.1,1,15513.87,0.22,Low
530,452,Dallas,2,329650.53,329650.53,0,0,0,Low
531,379,San Diego,2,518180.53,0,2,1961549.9300000002,3.79,High
532,465,San Diego,3,157008.54,157008.54,0,0,0,Low
533,228,San Jose,2,105057.31,0,0,0,0,Low
534,546,New York,6,20051.28,20051.28,1,44064.43,2.2,High
535,90,San Antonio,5,2182.37,0,0,0,0,Low
536,521,San Jose,1,9034.12,9034.12,0,0,0,Low
537,13,Philadelphia,6,18174.3,18174.3,0,0,0,Low
538,542,San Antonio,2,25598.02,25598.02,0,0,0,Low
539,157,New York,3,7767.62,7767.62,0,0,0,Low
540,417,Houston,5,2249.14,2249.14,0,0,0,Low
541,818,Houston,2,114737.93,114737.93,1,105591.29,0.92,Medium
542,135,San Diego,4,7134.04,0,0,0,0,Low
543,753,Los Angeles,1,14354.7,14354.7,0,0,0,Low
544,560,San Diego,6,26478.36,26478.36,0,0,0,Low
545,979,San Jose,2,205903.97,205903.97,2,1203148.91,5.84,High
546,105,San Diego,3,83235.83,83235.83,0,0,0,Low
547,52,Chicago,5,2285.03,2285.0299999999997,2,23738.309999999998,10.39,High
548,541,San Antonio,1,9001,9001,0,0,0,Low
549,262,Chicago,4,8048.66,8048.66,0,0,0,Low
550,736,San Diego,3,21805.51,21805.510000000002,0,0,0,Low
551,470,Philadelphia,4,5359.74,5359.74,1,10080.54,1.88,High
552,587,Houston,3,29490.85,29490.85,0,0,0,Low
553,468,Philadelphia,5,1702.32,1702.32,0,0,0,Low
554,900,Dallas,3,54427.33,54427.33,1,9928.3,0.18,Low
555,21,San Diego,3,21909.41,21909.41,0,0,0,Low
556,359,New York,2,244563.64,244563.64,1,430366.82,1.76,High
557,439,Philadelphia,1,6971.74,6971.74,1,13281.29,1.91,High
558,839,Houston,5,2419.46,2419.46,0,0,0,Low
559,4,New York,6,5045.84,5045.84,0,0,0,Low
560,107,Phoenix,5,1500,0,0,0,0,Low
561,463,New York,2,402563,402563,1,1253196.64,3.11,High
562,543,Houston,1,15004.41,15004.41,0,0,0,Low
563,789,Houston,5,2191.85,2191.85,2,17955.85,8.19,High
564,368,Phoenix,5,1690.92,1690.92,1,896.11,0.53,Medium
565,604,New York,6,8981.85,8981.85,2,33512.61,3.73,High
566,382,Dallas,6,22970.16,22970.16,0,0,0,Low
567,643,Los Angeles,2,494267.21,494267.21,0,0,0,Low
568,52,Chicago,5,1643.84,1643.84,0,0,0,Low
569,435,San Jose,2,95615.49,95615.48999999999,1,225687.29,2.36,High
570,164,Chicago,4,4183.44,4183.4400000000005,1,4549.15,1.09,High
571,319,Los Angeles,6,2000,2000,0,0,0,Low
572,130,Philadelphia,4,7103.96,7103.96,0,0,0,Low
573,835,New York,4,5024.55,5024.55,0,0,0,Low
574,764,Dallas,6,13380.27,0,0,0,0,Low
575,487,Houston,1,4950.77,4950.77,0,0,0,Low
576,908,Dallas,2,90026.37,90026.37,0,0,0,Low
577,117,Philadelphia,6,42120.33,42120.33,0,0,0,Low
578,371,Chicago,1,13732.4,13732.4,1,11214.49,0.82,Medium
579,497,Chicago,2,158360.56,158360.56,0,0,0,Low
580,171,Philadelphia,2,512197.02,512197.02,0,0,0,Low
581,143,Los Angeles,1,10357.33,10357.33,0,0,0,Low
582,770,Los Angeles,6,7115.79,7115.79,0,0,0,Low
583,731,Dallas,6,4824.4,4824.4,0,0,0,Low
584,659,Philadelphia,2,152824.23,0,0,0,0,Low
585,504,Dallas,4,12747.4,12747.4,0,0,0,Low
586,510,San Jose,5,44669.4,0,0,0,0,Low
587,679,Philadelphia,1,9897.61,9897.61,0,0,0,Low
588,562,Los Angeles,6,177551.3,177551.3,0,0,0,Low
589,651,Philadelphia,4,4567.64,4567.64,0,0,0,Low
590,277,Los Angeles,3,10958.29,0,0,0,0,Low
591,739,Philadelphia,2,267140.16,267140.16,1,1534196.52,5.74,High
592,110,San Diego,4,2312.88,2312.88,0,0,0,Low
593,686,San Jose,6,2000,2000,0,0,0,Low
594,926,San Antonio,3,33007.79,33007.79,0,0,0,Low
595,716,San Antonio,1,9020.94,9020.94,2,33508.84,3.71,High
596,557,Los Angeles,6,22619.17,22619.17,0,0,0,Low
597,8,San Antonio,2,153066.37,0,0,0,0,Low
598,787,San Diego,5,4403.39,4403.389999999999,0,0,0,Low
599,527,San Antonio,6,4609.8,4609.8,0,0,0,Low
600,116,San Antonio,5,1500,1500,0,0,0,Low
601,219,Chicago,4,4655.19,4655.19,0,0,0,Low
602,144,Houston,5,1732.63,1732.63,1,2724.81,1.57,High
603,691,Houston,6,6949.48,0,0,0,0,Low
604,353,Houston,6,47197.06,47197.06,0,0,0,Low
605,934,Chicago,5,2242.49,2242.49,0,0,0,Low
606,576,Philadelphia,5,1640.89,1640.8899999999999,1,2343.27,1.43,High
607,880,San Diego,1,11729.32,11729.32,1,21940.31,1.87,High
608,601,Houston,4,7302.11,7302.11,1,19517.01,2.67,High
609,580,Dallas,5,2369.59,2369.59,0,0,0,Low
610,240,Chicago,3,29494.21,29494.21,0,0,0,Low
611,194,Houston,1,9050.92,9050.92,0,0,0,Low
612,13,Philadelphia,6,2000,2000,0,0,0,Low
613,382,Dallas,3,7521.06,7521.0599999999995,0,0,0,Low
614,415,Los Angeles,4,9048.02,9048.02,0,0,0,Low
615,590,San Jose,1,7294.89,7294.89,0,0,0,Low
616,410,Houston,1,11030.88,11030.880000000001,0,0,0,Low
617,32,Chicago,5,2288.06,2288.06,1,3505.1,1.53,High
618,476,Chicago,2,36709.96,36709.96,0,0,0,Low
619,745,San Antonio,6,5267.16,5267.16,0,0,0,Low
620,23,Dallas,2,282838.9,282838.9,1,1117340.81,3.95,High
621,221,Houston,2,294912.66,294912.66,3,2651645.84,8.99,High
622,446,San Diego,6,15835.73,15835.73,0,0,0,Low
623,198,Chicago,4,10390.54,10390.54,1,64087.85,6.17,High
624,509,New York,4,9064.2,9064.2,1,38988.03,4.3,High
625,909,New York,3,56571.16,56571.16,1,13332.2,0.24,Low
626,571,Los Angeles,4,154814.69,154814.69,0,0,0,Low
627,161,Phoenix,4,7505.8,7505.8,0,0,0,Low
628,617,New York,6,3347.83,3347.83,1,19430.12,5.8,High
629,915,San Diego,3,29652.02,29652.02,0,0,0,Low
630,987,Chicago,3,22376.82,22376.82,0,0,0,Low
631,811,San Antonio,6,6362.81,0,0,0,0,Low
632,936,Houston,5,2069.18,2069.1800000000003,0,0,0,Low
633,334,Philadelphia,4,2111.29,2111.29,1,26849.04,12.72,High
634,253,San Diego,4,8296.54,8296.54,0,0,0,Low
635,370,San Jose,6,13211.94,13211.94,0,0,0,Low
636,178,Dallas,4,6621.33,6621.33,0,0,0,Low
637,857,Dallas,3,6963.19,6963.19,0,0,0,Low
638,697,Dallas,4,5605.22,5605.219999999999,0,0,0,Low
639,643,Los Angeles,2,423198.55,423198.55,0,0,0,Low
640,833,Philadelphia,4,5535.2,5535.200000000001,0,0,0,Low
641,717,San Antonio,2,30725.9,30725.9,1,141325.71,4.6,High
642,468,Philadelphia,2,289220.72,289220.72,1,460925.48,1.59,High
643,798,Philadelphia,1,9098.96,9098.96,0,0,0,Low
644,367,San Antonio,2,175466.29,175466.29,0,0,0,Low
645,675,Los Angeles,1,6249.4,6249.4,0,0,0,Low
646,992,Dallas,4,4364.99,4364.99,0,0,0,Low
647,999,New York,2,78012.68,78012.68000000001,0,0,0,Low
648,342,San Jose,6,4759.09,4759.09,0,0,0,Low
649,36,Dallas,1,9962.57,9962.57,0,0,0,Low
650,594,New York,5,2173.34,2173.34,0,0,0,Low
651,389,San Antonio,4,6719.11,6719.11,0,0,0,Low
652,123,San Antonio,1,113848.9,113848.9,1,18518.75,0.16,Low
653,854,Phoenix,6,5541.77,5541.77,0,0,0,Low
654,421,Houston,5,2190.89,2190.89,1,1824.31,0.83,Medium
655,987,Chicago,5,2372.39,2372.3900000000003,0,0,0,Low
656,343,Phoenix,6,4289.23,4289.23,2,11181.99,2.61,High
657,993,New York,6,9685.66,9685.66,0,0,0,Low
658,904,Dallas,3,38844.4,38844.4,0,0,0,Low
659,314,Houston,4,2364.66,2364.66,0,0,0,Low
660,35,Chicago,5,3133.07,3133.07,1,8569.25,2.74,High
661,232,San Antonio,5,2163.67,2163.67,1,10138.29,4.69,High
662,215,New York,2,217068.13,217068.13,1,812923.91,3.75,High
663,895,San Antonio,6,14469.21,14469.21,2,58594.04,4.05,High
664,522,Houston,2,155095.1,155095.09999999998,1,391254.46,2.52,High
665,323,Houston,5,2465.19,2465.19,0,0,0,Low
666,950,Chicago,6,4887.94,4887.94,1,24854.95,5.08,High
667,702,Los Angeles,1,14367.77,14367.77,0,0,0,Low
668,624,San Diego,3,7164.99,7164.99,0,0,0,Low
669,412,San Diego,4,8226.98,8226.98,1,17231.02,2.09,High
670,746,Philadelphia,3,35583.87,35583.87,1,6774.29,0.19,Low
671,408,San Jose,1,16381.04,16381.04,1,6162.46,0.38,Low
672,359,New York,4,2271.52,2271.52,1,33690.11,14.83,High
673,159,Dallas,3,44137.72,0,1,14683.1,0.33,Low
674,319,Los Angeles,6,4023.39,4023.39,1,18006.67,4.48,High
675,839,Houston,1,90608,90608,1,1939.31,0.02,Low
676,171,Philadelphia,3,146789.42,146789.42,0,0,0,Low
677,65,San Antonio,1,7762.47,7762.47,0,0,0,Low
678,364,Phoenix,6,7147.47,7147.47,0,0,0,Low
679,387,Houston,1,8963.01,8963.01,0,0,0,Low
680,176,Philadelphia,6,16588.18,0,0,0,0,Low
681,688,Phoenix,6,23136.03,23136.03,0,0,0,Low
682,521,San Jose,4,5794.06,5794.0599999999995,1,27709.63,4.78,High
683,143,Los Angeles,1,8503.61,8503.61,0,0,0,Low
684,83,San Jose,5,1499.99,1499.99,0,0,0,Low
685,733,Los Angeles,4,6906.27,6906.27,1,20040.21,2.9,High
686,633,Houston,4,10640.83,10640.83,0,0,0,Low
687,774,Los Angeles,5,2551.25,2551.25,1,4879.67,1.91,High
688,879,Philadelphia,3,11920.54,11920.54,0,0,0,Low
689,170,San Diego,2,259281.9,259281.90000000002,0,0,0,Low
690,263,Los Angeles,4,7536.26,7536.26,2,71918.76000000001,9.54,High
691,242,San Diego,5,2305.27,2305.27,0,0,0,Low
692,450,Chicago,5,2282.63,2282.63,0,0,0,Low
693,570,San Diego,6,5859.67,5859.67,0,0,0,Low
694,708,Chicago,3,30474.24,30474.24,0,0,0,Low
695,951,Philadelphia,5,3000,3000,0,0,0,Low
696,962,New York,2,96604.96,96604.95999999999,1,138814.57,1.44,High
697,340,Philadelphia,5,1884.77,1884.77,2,13203.289999999999,7.01,High
698,502,Houston,1,8042.9,8042.9,0,0,0,Low
699,834,Philadelphia,3,91454.13,91454.13,0,0,0,Low
700,300,San Antonio,3,28180.57,28180.57,1,3323.89,0.12,Low
701,878,Phoenix,6,20327.4,20327.4,1,75570.46,3.72,High
702,472,New York,3,31472.11,31472.11,0,0,0,Low
703,554,Dallas,5,2252.47,2252.4700000000003,1,1859.89,0.83,Medium
704,386,Chicago,5,1955.87,1955.87,1,2340.1,1.2,High
705,60,New York,2,380802.76,380802.76,0,0,0,Low
706,703,Chicago,6,3866.07,3866.0699999999997,0,0,0,Low
707,847,New York,4,6198.31,6198.3099999999995,0,0,0,Low
708,173,New York,1,8389.99,8389.99,0,0,0,Low
709,733,Los Angeles,4,1524.76,1524.76,1,49220.38,32.28,High
710,209,Philadelphia,2,349152.62,349152.62,0,0,0,Low
711,229,Dallas,2,189435.61,189435.61,0,0,0,Low
712,910,San Diego,6,4186.92,4186.92,0,0,0,Low
713,750,New York,1,6124.93,6124.93,1,22071.23,3.6,High
714,655,Phoenix,1,7740.54,7740.54,0,0,0,Low
715,552,San Antonio,2,153134.19,153134.19,1,332044.9,2.17,High
716,233,Houston,6,9845.09,9845.09,0,0,0,Low
717,339,Los Angeles,5,2549.7,2549.7,0,0,0,Low
718,659,Philadelphia,4,8467.48,8467.48,0,0,0,Low
719,177,Los Angeles,5,3530.48,3530.48,1,11302.91,3.2,High
720,184,San Jose,2,445911.91,445911.91000000003,0,0,0,Low
721,657,Los Angeles,4,3106.75,3106.75,1,15411.89,4.96,High
722,243,Philadelphia,3,24588.81,24588.81,0,0,0,Low
723,565,San Antonio,1,8094.1,0,0,0,0,Low
724,901,San Diego,6,5318.27,5318.27,0,0,0,Low
725,183,Los Angeles,4,6394.49,6394.49,0,0,0,Low
726,406,Dallas,1,7141.43,7141.43,1,12235.19,1.71,High
727,537,New York,1,6395.2,6395.2,0,0,0,Low
728,643,Los Angeles,2,49641.43,49641.43,0,0,0,Low
729,526,Dallas,5,2083.22,2083.2200000000003,0,0,0,Low
730,693,New York,4,3151.11,3151.11,0,0,0,Low
731,683,Phoenix,2,325969.95,325969.95,1,891222.68,2.73,High
732,251,New York,5,1561.97,1561.97,0,0,0,Low
733,716,San Antonio,3,70734.34,70734.34,0,0,0,Low
734,168,San Diego,2,129105.86,129105.86,0,0,0,Low
735,892,Phoenix,3,41353.31,0,0,0,0,Low
736,97,San Diego,6,17997.61,17997.61,0,0,0,Low
737,412,San Diego,4,3247.57,3247.57,0,0,0,Low
738,588,San Diego,5,2731.43,2731.43,0,0,0,Low
739,413,Houston,1,13137.05,13137.050000000001,0,0,0,Low
740,559,San Diego,5,1757.28,1757.28,0,0,0,Low
741,784,Phoenix,4,5458.91,5458.91,1,6298.72,1.15,High
742,938,San Diego,2,406106.11,406106.11,1,1778008.73,4.38,High
743,956,New York,4,3635.14,3635.1400000000003,0,0,0,Low
744,773,New York,2,197011.89,197011.89,0,0,0,Low
745,845,Los Angeles,6,9730.54,9730.539999999999,0,0,0,Low
746,847,New York,3,18227.71,18227.71,2,27182.6,1.49,High
747,177,Los Angeles,1,7880.85,7880.849999999999,2,46146.29,5.86,High
748,796,San Antonio,5,2166.24,2166.2400000000002,0,0,0,Low
749,767,Chicago,3,124472.73,124472.73000000001,0,0,0,Low
750,414,Dallas,2,292477.5,292477.5,0,0,0,Low
751,202,San Jose,1,11336.39,11336.39,2,57153.53,5.04,High
752,204,Los Angeles,1,26385.64,26385.64,1,29393.58,1.11,High
753,213,Dallas,2,376796.38,376796.38,0,0,0,Low
754,489,Philadelphia,6,3860.26,0,0,0,0,Low
755,850,Dallas,5,2237.02,2237.02,1,14117.94,6.31,High
756,442,Phoenix,1,9187.18,0,0,0,0,Low
757,484,San Jose,5,1780.65,1780.65,0,0,0,Low
758,988,Phoenix,3,4940.64,4940.639999999999,0,0,0,Low
759,931,Phoenix,4,8874.12,8874.12,0,0,0,Low
760,370,San Jose,2,440533.7,440533.69999999995,0,0,0,Low
761,454,Phoenix,6,16925.69,16925.690000000002,0,0,0,Low
762,768,Philadelphia,5,2901.44,2901.44,0,0,0,Low
763,49,Dallas,2,213670.96,213670.96,1,983114.55,4.6,High
764,735,Los Angeles,5,1743.53,1743.53,0,0,0,Low
765,627,Chicago,2,116455.5,116455.5,0,0,0,Low
766,5,Dallas,6,14677.93,14677.93,0,0,0,Low
767,740,San Antonio,3,132823.77,132823.77,0,0,0,Low
768,789,Houston,6,9070.45,9070.45,0,0,0,Low
769,830,Chicago,1,7103.24,7103.24,1,24944.6,3.51,High
770,546,New York,4,3407.24,3407.2400000000002,0,0,0,Low
771,518,Los Angeles,2,88069.81,88069.81,0,0,0,Low
772,485,Philadelphia,4,5788.63,5788.629999999999,0,0,0,Low
773,631,San Antonio,1,14588.98,14588.98,0,0,0,Low
774,665,San Diego,2,499752.05,0,0,0,0,Low
775,871,San Antonio,4,8669.47,8669.47,0,0,0,Low
776,968,Los Angeles,6,31220.08,31220.079999999998,0,0,0,Low
777,128,Phoenix,4,11500.94,11500.94,0,0,0,Low
778,130,Philadelphia,1,10647.45,10647.45,0,0,0,Low
779,509,New York,5,2153.33,2153.33,0,0,0,Low
780,886,Phoenix,6,7508.92,7508.92,0,0,0,Low
781,59,Philadelphia,2,265529.07,265529.07,1,415074.67,1.56,High
782,875,Phoenix,6,7403.71,7403.71,0,0,0,Low
783,863,Phoenix,6,40080.18,40080.18,0,0,0,Low
784,379,San Diego,4,2194.19,2194.19,0,0,0,Low
785,523,Los Angeles,1,6547.79,6547.79,0,0,0,Low
786,166,Phoenix,2,170159.71,170159.71000000002,0,0,0,Low
787,151,Los Angeles,6,11071.69,11071.69,0,0,0,Low
788,717,San Antonio,6,15949.08,0,1,19012.06,1.19,High
789,264,Houston,6,19884.19,19884.19,2,28936.379999999997,1.46,High
790,913,San Diego,1,6435.59,6435.59,0,0,0,Low
791,866,San Diego,4,4792.49,4792.49,1,86726.12,18.1,High
792,306,Los Angeles,6,8816.1,8816.1,1,35128.37,3.98,High
793,574,Los Angeles,6,5993.03,5993.03,0,0,0,Low
794,82,San Antonio,4,40455.4,40455.4,1,35800.05,0.88,Medium
795,284,Houston,3,34539.67,34539.67,0,0,0,Low
796,672,Houston,6,8418.08,8418.08,0,0,0,Low
797,603,Philadelphia,4,7405.86,7405.860000000001,0,0,0,Low
798,80,San Jose,6,2079.38,2079.38,0,0,0,Low
799,414,Dallas,2,3598448.9,3598448.9,0,0,0,Low
800,540,Philadelphia,2,320576.87,320576.87,0,0,0,Low
801,69,Houston,1,6186.79,6186.79,0,0,0,Low
802,181,Los Angeles,6,2058.07,2058.07,0,0,0,Low
803,440,Dallas,1,79923.7,79923.7,0,0,0,Low
804,834,Philadelphia,6,5883.54,5883.540000000001,0,0,0,Low
805,629,Phoenix,4,7932.33,7932.33,0,0,0,Low
806,989,Houston,1,6292.43,6292.43,0,0,0,Low
807,325,San Jose,5,1899.03,1899.03,0,0,0,Low
808,949,Chicago,1,4457.71,4457.71,1,7534.99,1.69,High
809,521,San Jose,5,2248.54,2248.54,0,0,0,Low
810,375,San Antonio,1,3855.43,3855.43,0,0,0,Low
811,765,Chicago,4,6229.72,0,0,0,0,Low
812,649,San Antonio,5,1653.5,1653.5,1,6587.17,3.98,High
813,780,Chicago,4,29761.6,29761.6,0,0,0,Low
814,716,San Antonio,2,431386.13,431386.13,0,0,0,Low
815,235,Philadelphia,5,919.77,919.77,0,0,0,Low
816,965,Dallas,2,48046.61,48046.61,0,0,0,Low
817,637,San Jose,6,2355.92,2355.92,0,0,0,Low
818,403,San Diego,4,3547.55,3547.5499999999997,0,0,0,Low
819,447,New York,3,16856.5,16856.5,0,0,0,Low
820,153,Philadelphia,4,2912.67,2912.67,2,20501.36,7.04,High
821,124,San Antonio,2,99778.05,99778.04999999999,0,0,0,Low
822,620,Dallas,3,56378.52,56378.52,0,0,0,Low
823,558,New York,6,13441.3,13441.300000000001,0,0,0,Low
824,870,Chicago,6,3067.07,3067.0699999999997,0,0,0,Low
825,127,Philadelphia,3,24951.94,24951.94,0,0,0,Low
826,806,New York,2,352850.9,352850.9,0,0,0,Low
827,439,Philadelphia,3,11143.66,11143.66,0,0,0,Low
828,860,Los Angeles,5,2214.94,2214.94,0,0,0,Low
829,673,Los Angeles,1,7602.71,7602.71,0,0,0,Low
830,528,San Jose,3,32572.25,32572.25,0,0,0,Low
831,815,Los Angeles,3,36001.12,36001.12,0,0,0,Low
832,845,Los Angeles,4,8431.23,8431.23,0,0,0,Low
833,8,San Antonio,6,16917.9,16917.9,2,97262.8,5.75,High
834,399,Chicago,2,294759.61,294759.61,1,991878.7,3.37,High
835,539,San Diego,1,6592.99,6592.99,1,5449,0.83,Medium
836,889,Los Angeles,2,178032.81,178032.81,0,0,0,Low
837,987,Chicago,4,5487.29,5487.29,0,0,0,Low
838,500,San Diego,3,132979.5,132979.5,0,0,0,Low
839,928,San Jose,4,3508.42,3508.42,0,0,0,Low
840,949,Chicago,2,283781.96,283781.96,0,0,0,Low
841,468,Philadelphia,6,14605.29,0,1,12791.3,0.88,Medium
842,108,Houston,2,383367.38,383367.38,0,0,0,Low
843,886,Phoenix,1,15977.37,15977.37,0,0,0,Low
844,80,San Jose,3,20122.08,20122.079999999998,1,2318.18,0.12,Low
845,254,Phoenix,5,1728.43,1728.43,0,0,0,Low
846,378,Dallas,1,6798.79,0,1,13546.58,1.99,High
847,722,Chicago,3,35545.03,35545.03,0,0,0,Low
848,327,Houston,3,14412.54,14412.54,0,0,0,Low
849,726,Philadelphia,6,22328.04,22328.04,0,0,0,Low
850,163,New York,6,6604.48,6604.48,0,0,0,Low
851,909,New York,2,328201.92,328201.92,1,1455931.09,4.44,High
852,744,Chicago,4,3040.93,3040.9300000000003,1,22327.22,7.34,High
853,28,Dallas,3,26559,26559,1,1145.52,0.04,Low
854,920,Dallas,2,211008.19,0,1,268383.73,1.27,High
855,781,Los Angeles,2,113244.75,113244.75,1,459944.69,4.06,High
856,718,Philadelphia,3,175400.31,175400.31,0,0,0,Low
857,392,Phoenix,4,3834.86,3834.86,1,22141.18,5.77,High
858,83,San Jose,3,52275.31,52275.31,0,0,0,Low
859,266,Dallas,4,6117.5,6117.5,0,0,0,Low
860,563,Dallas,4,2903.98,2903.98,1,10184.21,3.51,High
861,215,New York,4,2571.24,2571.24,0,0,0,Low
862,100,San Diego,6,28928.02,28928.019999999997,1,28598.7,0.99,Medium
863,518,Los Angeles,4,8259.5,0,0,0,0,Low
864,23,Dallas,3,131342.66,131342.66,0,0,0,Low
865,846,Dallas,3,27951.29,27951.29,1,26111.32,0.93,Medium
866,422,Philadelphia,3,31451.47,31451.469999999998,0,0,0,Low
867,572,Houston,4,10613.44,10613.44,0,0,0,Low
868,692,Los Angeles,3,25368.54,25368.54,0,0,0,Low
869,256,Philadelphia,2,385598.6,385598.6,1,868315.61,2.25,High
870,805,Philadelphia,3,16200.46,16200.460000000001,0,0,0,Low
871,416,Houston,3,31913.42,31913.42,0,0,0,Low
872,775,San Diego,1,14557.31,14557.31,0,0,0,Low
873,370,San Jose,6,8506.91,8506.91,1,49191.05,5.78,High
874,958,San Jose,3,31281.72,31281.72,0,0,0,Low
875,724,Phoenix,4,8627.58,8627.58,0,0,0,Low
876,249,San Diego,6,49158.51,49158.51,0,0,0,Low
877,270,Chicago,1,8785.98,8785.98,0,0,0,Low
878,853,Chicago,6,5194.2,5194.2,0,0,0,Low
879,637,San Jose,2,443564.1,443564.10000000003,0,0,0,Low
880,343,Phoenix,1,7650.95,7650.95,0,0,0,Low
881,501,Philadelphia,2,539818.02,539818.02,0,0,0,Low
882,908,Dallas,1,9865.63,9865.63,0,0,0,Low
883,439,Philadelphia,6,17721.03,17721.03,0,0,0,Low
884,942,Philadelphia,6,13656.85,13656.85,1,40500.53,2.97,High
885,208,San Jose,4,15408.83,15408.83,0,0,0,Low
886,865,San Diego,1,12577.41,12577.41,0,0,0,Low
887,469,Phoenix,4,10937.86,10937.86,0,0,0,Low
888,633,Houston,4,2986.37,2986.37,0,0,0,Low
889,866,San Diego,5,1336.67,1336.67,0,0,0,Low
890,991,Dallas,3,20754.66,20754.66,0,0,0,Low
891,596,San Antonio,3,31275.32,31275.32,1,4786.07,0.15,Low
892,103,Philadelphia,4,4313.33,4313.33,0,0,0,Low
893,709,San Antonio,4,215728.81,215728.81,0,0,0,Low
894,620,Dallas,4,1564.04,1564.04,0,0,0,Low
895,216,New York,3,74258.36,74258.36,0,0,0,Low
896,57,New York,3,55869.91,55869.91,0,0,0,Low
897,953,Chicago,1,6839.94,6839.94,0,0,0,Low
898,156,Phoenix,1,11349.36,11349.36,1,53679.95,4.73,High
899,295,San Antonio,2,69163.53,69163.53,0,0,0,Low
900,804,Los Angeles,2,109419.55,0,1,683941.49,6.25,High
901,67,Chicago,2,69271.45,69271.45,0,0,0,Low
902,289,Dallas,6,5986.57,5986.57,0,0,0,Low
903,937,San Jose,5,2148.31,2148.31,0,0,0,Low
904,64,New York,1,3009.99,3009.99,2,14909.960000000001,4.95,High
905,134,Houston,1,7461.12,7461.12,0,0,0,Low
906,802,Phoenix,3,4556.77,4556.77,0,0,0,Low
907,179,San Jose,3,34093.91,34093.91,0,0,0,Low
908,831,Los Angeles,4,5903.04,5903.04,0,0,0,Low
909,12,Dallas,4,3887.34,3887.34,0,0,0,Low
910,578,Philadelphia,2,498531.91,498531.91000000003,0,0,0,Low
911,257,Dallas,1,7066.44,7066.4400000000005,0,0,0,Low
912,336,Los Angeles,2,332347.06,332347.06,1,1574699.77,4.74,High
913,910,San Diego,5,2123.19,2123.19,0,0,0,Low
914,760,San Diego,6,16747.99,16747.989999999998,0,0,0,Low
915,943,San Diego,4,3859.83,3859.83,0,0,0,Low
916,476,Chicago,4,4505.78,4505.78,0,0,0,Low
917,744,Chicago,3,39234.48,39234.479999999996,0,0,0,Low
918,412,San Diego,2,120770.69,120770.69,0,0,0,Low
919,273,Chicago,6,16427.42,16427.42,0,0,0,Low
920,758,Philadelphia,6,2547.32,2547.3199999999997,3,9324.22,3.66,High
921,37,Los Angeles,1,6177.66,6177.66,2,16175.98,2.62,High
922,118,Chicago,6,34810.63,34810.63,0,0,0,Low
923,307,Houston,3,69797.03,69797.03,0,0,0,Low
924,115,Dallas,5,2494.11,2494.1099999999997,1,8908.12,3.57,High
925,692,Los Angeles,6,50727.27,50727.27,1,132293.7,2.61,High
926,286,Los Angeles,2,375942.71,375942.71,0,0,0,Low
927,361,New York,4,8449.28,8449.28,0,0,0,Low
928,586,San Jose,1,6399.38,0,0,0,0,Low
929,270,Chicago,5,1500,1500,1,911.38,0.61,Medium
930,858,New York,2,225835.81,225835.81,0,0,0,Low
931,266,Dallas,1,10841.87,10841.87,0,0,0,Low
932,633,Houston,4,3937.14,3937.14,1,66220.69,16.82,High
933,912,San Jose,1,7925.66,7925.66,0,0,0,Low
934,430,New York,4,318185.58,318185.58,0,0,0,Low
935,811,San Antonio,6,7043.2,7043.2,0,0,0,Low
936,899,Philadelphia,1,7654.98,7654.98,1,14989.6,1.96,High
937,554,Dallas,2,55821.31,0,0,0,0,Low
938,415,Los Angeles,2,187131.98,187131.98,0,0,0,Low
939,363,New York,2,4094770.4,4094770.4,0,0,0,Low
940,894,Chicago,4,5732.73,5732.73,0,0,0,Low
941,450,Chicago,2,53290.98,53290.979999999996,0,0,0,Low
942,882,Phoenix,1,8802.3,8802.3,0,0,0,Low
943,238,Dallas,5,2386.16,2386.16,0,0,0,Low
944,637,San Jose,1,6478.23,6478.23,0,0,0,Low
945,727,Philadelphia,4,2408.25,2408.25,0,0,0,Low
946,361,New York,6,2520.98,2520.98,0,0,0,Low
947,111,San Jose,1,7346.67,7346.67,0,0,0,Low
948,773,New York,4,10101.85,10101.85,0,0,0,Low
949,235,Philadelphia,5,2513.32,2513.3199999999997,0,0,0,Low
950,244,Dallas,4,5275.9,5275.9,0,0,0,Low
951,724,Phoenix,6,2378.36,2378.36,0,0,0,Low
952,73,San Jose,6,33744.13,33744.13,0,0,0,Low
953,907,Philadelphia,3,26466.66,26466.66,0,0,0,Low
954,28,Dallas,3,4447.51,4447.51,1,1180.91,0.27,Low
955,180,Phoenix,4,6235.87,6235.87,0,0,0,Low
956,859,San Diego,1,6305.66,6305.66,0,0,0,Low
957,50,Dallas,4,3371.88,3371.88,0,0,0,Low
958,813,New York,4,9275.53,9275.53,0,0,0,Low
959,118,Chicago,6,2274.15,2274.15,0,0,0,Low
960,704,Dallas,2,187737.45,187737.45,1,1335904.48,7.12,High
961,244,Dallas,3,8230.85,8230.85,0,0,0,Low
962,641,Houston,4,4770.56,4770.56,1,15842.19,3.32,High
963,554,Dallas,4,3727.06,3727.06,1,54784.5,14.7,High
964,205,San Diego,5,2058.01,2058.01,0,0,0,Low
965,256,Philadelphia,3,32515.55,32515.55,0,0,0,Low
966,916,Los Angeles,6,5825.33,5825.33,0,0,0,Low
967,946,Houston,1,7232.21,7232.21,0,0,0,Low
968,143,Los Angeles,1,10060.02,10060.02,0,0,0,Low
969,422,Philadelphia,5,2674.72,2674.72,1,4210.88,1.57,High
970,768,Philadelphia,6,8321.12,8321.12,0,0,0,Low
971,569,San Jose,6,30978.94,30978.940000000002,0,0,0,Low
972,885,Chicago,6,5907.66,0,0,0,0,Low
973,138,Dallas,6,4453.66,4453.66,0,0,0,Low
974,301,New York,5,2120.69,2120.69,0,0,0,Low
975,211,Phoenix,3,69670.89,0,1,13450.84,0.19,Low
976,390,Philadelphia,6,9704.44,9704.44,0,0,0,Low
977,526,Dallas,6,3431.99,3431.9900000000002,0,0,0,Low
978,82,San Antonio,3,106736.31,106736.31,0,0,0,Low
979,483,Phoenix,1,7778.58,7778.58,0,0,0,Low
980,623,New York,3,25649.17,25649.170000000002,0,0,0,Low
981,346,Phoenix,3,38851.05,38851.05,0,0,0,Low
982,734,Chicago,3,120832.04,120832.04,1,22300.15,0.18,Low
983,217,Houston,2,325135.54,325135.54,0,0,0,Low
984,321,Phoenix,5,1604.84,1604.84,1,7261.39,4.52,High
985,793,San Diego,3,63864.9,0,0,0,0,Low
986,103,Philadelphia,4,2957.97,2957.97,0,0,0,Low
987,512,San Jose,3,32711.33,32711.33,1,8677.64,0.27,Low
988,171,Philadelphia,2,61767.95,61767.95,0,0,0,Low
989,199,San Antonio,1,11075.97,11075.97,1,9855.29,0.89,Medium
990,284,Houston,3,26959.32,26959.32,0,0,0,Low
991,840,Phoenix,6,22186.45,22186.449999999997,0,0,0,Low
992,37,Los Angeles,4,3975.93,3975.93,0,0,0,Low
993,121,Chicago,5,23813.6,23813.6,0,0,0,Low
994,738,Houston,4,9996.41,9996.41,0,0,0,Low
995,386,Chicago,3,643622.4,643622.4,0,0,0,Low
996,342,San Jose,3,30117.72,30117.72,0,0,0,Low
997,264,Houston,3,36724.67,36724.67,0,0,0,Low
998,709,San Antonio,3,36186.09,36186.09,2,40789.07,1.13,High
999,549,Philadelphia,2,52246.66,52246.659999999996,0,0,0,Low
1000,680,Philadelphia,6,11100.36,11100.36,0,0,0,Low
1001,820,Chicago,6,10612.36,10612.36,0,0,0,Low
1002,493,Chicago,6,2156.28,2156.2799999999997,0,0,0,Low
1003,70,San Antonio,5,2537.4,2537.4,1,3489.55,1.38,High
1004,869,Houston,1,9055.45,9055.449999999999,0,0,0,Low
1005,778,Philadelphia,3,47930.3,47930.3,0,0,0,Low
1006,399,Chicago,4,19629.2,19629.2,2,66726.45,3.4,High
1007,571,Los Angeles,2,326070.42,326070.42,0,0,0,Low
1008,511,San Jose,5,2627.6,2627.6,0,0,0,Low
1009,301,New York,1,12304.4,12304.4,0,0,0,Low
1010,938,San Diego,1,8265.38,8265.380000000001,0,0,0,Low
1011,491,Phoenix,3,4664.78,4664.78,0,0,0,Low
1012,768,Philadelphia,6,10811.21,10811.21,0,0,0,Low
1013,284,Houston,4,3322.86,3322.8599999999997,0,0,0,Low
1014,523,Los Angeles,1,9937.51,9937.51,0,0,0,Low
1015,720,New York,5,896.75,896.75,0,0,0,Low
1016,540,Philadelphia,6,12664.55,12664.55,0,0,0,Low
1017,382,Dallas,5,1884.24,1884.24,0,0,0,Low
1018,120,Phoenix,3,35224.82,35224.82,0,0,0,Low
1019,403,San Diego,4,2540.12,2540.12,1,31383.21,12.36,High
1020,138,Dallas,5,1584.96,1584.96,0,0,0,Low
1021,360,Chicago,1,7405.02,7405.02,1,13975.11,1.89,High
1022,951,Philadelphia,6,12519.05,12519.050000000001,0,0,0,Low
1023,903,New York,1,9743.58,9743.58,0,0,0,Low
1024,345,Los Angeles,5,2423.99,2423.99,0,0,0,Low
1025,629,Phoenix,1,7904.24,7904.24,0,0,0,Low
1026,935,San Diego,3,28347.91,28347.91,0,0,0,Low
1027,467,San Diego,4,230558.92,230558.92,0,0,0,Low
1028,982,San Diego,5,1642.17,1642.1699999999998,1,3295.33,2.01,High
1029,35,Chicago,2,195595.51,195595.51,1,1416233.01,7.24,High
1030,267,Dallas,4,8930.3,8930.3,0,0,0,Low
1031,405,Phoenix,1,7792.99,7792.99,0,0,0,Low
1032,484,San Jose,2,242640.61,242640.61,0,0,0,Low
1033,865,San Diego,4,3023.36,3023.36,0,0,0,Low
1034,722,Chicago,3,55819.29,55819.29,1,16302.03,0.29,Low
1035,155,Dallas,6,13166.35,13166.349999999999,1,33157.77,2.52,High
1036,296,Chicago,3,32068.32,32068.32,1,3999.49,0.12,Low
1037,368,Phoenix,3,24577.7,24577.7,0,0,0,Low
1038,4,New York,3,55272.82,55272.82000000001,0,0,0,Low
1039,559,San Diego,3,34687.82,34687.82,2,14859.95,0.43,Low
1040,745,San Antonio,6,2861.14,2861.14,0,0,0,Low
1041,106,Dallas,6,10981.48,10981.48,0,0,0,Low
1042,629,Phoenix,1,6108.69,0,0,0,0,Low
1043,600,Houston,4,7606.29,7606.29,0,0,0,Low
1044,66,Chicago,2,65112.15,65112.15,0,0,0,Low
1045,294,Dallas,5,2327.02,2327.02,0,0,0,Low
1046,457,Los Angeles,3,1578103,0,0,0,0,Low
1047,737,San Antonio,2,177501.27,0,0,0,0,Low
1048,733,Los Angeles,2,34061.79,34061.79,0,0,0,Low
1049,875,Phoenix,4,163854.8,163854.8,0,0,0,Low
1050,600,Houston,3,77478.57,77478.56999999999,0,0,0,Low
1051,49,Dallas,3,161132.93,161132.93,0,0,0,Low
1052,516,Philadelphia,3,19473.75,19473.75,0,0,0,Low
1053,600,Houston,6,12318.5,12318.5,0,0,0,Low
1054,816,San Antonio,4,5848.58,5848.580000000001,0,0,0,Low
1055,424,San Jose,1,7649.39,7649.39,0,0,0,Low
1056,356,Phoenix,1,15508,15508,1,33573.12,2.16,High
1057,192,Phoenix,3,8374.2,8374.2,0,0,0,Low
1058,177,Los Angeles,5,2337.48,2337.48,0,0,0,Low
1059,528,San Jose,4,6954.78,6954.780000000001,1,126096.66,18.13,High
1060,860,Los Angeles,6,2218.56,2218.56,0,0,0,Low
1061,894,Chicago,5,2066.81,2066.81,0,0,0,Low
1062,905,Chicago,6,7692.42,7692.42,0,0,0,Low
1063,438,San Antonio,4,3187.05,3187.05,0,0,0,Low
1064,456,Chicago,1,11677.44,11677.44,1,10899.63,0.93,Medium
1065,863,Phoenix,4,2600.12,2600.12,0,0,0,Low
1066,405,Phoenix,5,2225.67,2225.67,0,0,0,Low
1067,69,Houston,4,3623.58,3623.58,0,0,0,Low
1068,170,San Diego,6,33818.35,33818.35,0,0,0,Low
1069,76,San Diego,5,2152.89,2152.8900000000003,0,0,0,Low
1070,933,San Diego,3,32736.05,32736.05,0,0,0,Low
1071,392,Phoenix,3,52994.68,52994.68,0,0,0,Low
1072,662,Los Angeles,5,1880.43,1880.43,1,1646.21,0.88,Medium
1073,87,Chicago,5,2056.02,2056.02,1,3601.25,1.75,High
1074,663,Dallas,4,2516.81,2516.81,1,10679.26,4.24,High
1075,359,New York,6,8445.42,0,0,0,0,Low
1076,861,Houston,4,7781.41,7781.41,0,0,0,Low
1077,258,Chicago,6,26356.07,26356.07,0,0,0,Low
1078,600,Houston,5,2353.37,2353.37,1,1253.16,0.53,Medium
1079,530,Houston,1,16534.72,16534.72,0,0,0,Low
1080,611,Phoenix,3,34920.44,34920.44,0,0,0,Low
1081,823,San Antonio,4,1889.26,1889.26,0,0,0,Low
1082,323,Houston,5,2047.53,2047.53,0,0,0,Low
1083,556,Los Angeles,2,48660.5,48660.5,1,208854.11,4.29,High
1084,51,San Diego,2,321864.34,321864.34,0,0,0,Low
1085,291,Philadelphia,2,120113.86,120113.86,0,0,0,Low
1086,844,Los Angeles,3,5050.95,5050.95,1,1319.81,0.26,Low
1087,258,Chicago,1,14013.69,14013.69,0,0,0,Low
1088,593,San Antonio,6,7102.06,7102.0599999999995,0,0,0,Low
1089,322,Phoenix,3,7478.17,7478.17,0,0,0,Low
1090,59,Philadelphia,3,12682.27,12682.27,0,0,0,Low
1091,455,Houston,6,4892.06,4892.0599999999995,0,0,0,Low
1092,221,Houston,4,8989.46,8989.460000000001,1,103412.83,11.5,High
1093,981,Houston,6,19756.04,19756.04,0,0,0,Low
1094,807,Dallas,3,75041.16,75041.16,1,7527.31,0.1,Low
1095,58,San Antonio,1,13049.52,13049.52,0,0,0,Low
1096,931,Phoenix,3,26498.84,26498.84,1,26204.39,0.99,Medium
1097,813,New York,3,42397.93,42397.93,1,20690.51,0.49,Low
1098,379,San Diego,2,188114.2,188114.2,0,0,0,Low
1099,566,Philadelphia,5,2424.83,2424.83,1,6741.96,2.78,High
1100,609,San Diego,4,2033.74,2033.74,0,0,0,Low
1101,644,Phoenix,2,238207.9,238207.9,0,0,0,Low
1102,104,San Antonio,1,16053.31,16053.310000000001,0,0,0,Low
1103,492,Los Angeles,2,43105.49,43105.49,1,300637.54,6.97,High
1104,365,Phoenix,3,29333.35,29333.350000000002,0,0,0,Low
1105,584,Los Angeles,5,2819.92,2819.92,0,0,0,Low
1106,824,San Jose,1,11717.53,11717.529999999999,0,0,0,Low
1107,795,Philadelphia,6,4071.16,4071.16,0,0,0,Low
1108,753,Los Angeles,4,4314.01,4314.01,0,0,0,Low
1109,127,Philadelphia,1,9275.93,9275.93,0,0,0,Low
1110,131,Dallas,5,1920.48,1920.48,0,0,0,Low
1111,720,New York,1,8254.44,8254.44,0,0,0,Low
1112,425,Houston,4,4048.99,4048.99,0,0,0,Low
1113,35,Chicago,5,2119.4,2119.3999999999996,0,0,0,Low
1114,893,San Jose,3,83005.08,83005.08,0,0,0,Low
1115,230,San Diego,5,1656.54,1656.54,0,0,0,Low
1116,627,Chicago,2,84445.4,84445.4,0,0,0,Low
1117,947,Philadelphia,4,2452.07,2452.07,0,0,0,Low
1118,461,San Diego,2,121962.63,121962.62999999999,1,304233.28,2.49,High
1119,295,San Antonio,2,142484.8,142484.80000000002,0,0,0,Low
1120,684,New York,2,111378.3,111378.3,1,84569.31,0.76,Medium
1121,540,Philadelphia,4,3204.79,3204.79,1,120059.03,37.46,High
1122,958,San Jose,6,24934.24,24934.239999999998,1,100011.44,4.01,High
1123,159,Dallas,5,2444.99,2444.99,0,0,0,Low
1124,158,New York,2,139421.24,139421.24,1,224566.84,1.61,High
1125,539,San Diego,3,8894.52,8894.52,0,0,0,Low
1126,28,Dallas,3,35267.54,35267.54,0,0,0,Low
1127,990,New York,5,1533.92,1533.92,0,0,0,Low
1128,952,Los Angeles,4,6512.15,6512.15,0,0,0,Low
1129,496,New York,4,6782.19,6782.1900000000005,0,0,0,Low
1130,33,Los Angeles,1,6061.78,6061.78,0,0,0,Low
1131,87,Chicago,6,16533.89,16533.89,0,0,0,Low
1132,234,New York,3,32033.19,32033.190000000002,0,0,0,Low
1133,495,Dallas,6,6885.29,6885.29,1,6210.75,0.9,Medium
1134,108,Houston,3,62805.54,62805.54,0,0,0,Low
1135,98,San Jose,2,4407308.59,4407308.59,2,373702.15,0.08,Low
1136,740,San Antonio,2,243087.56,243087.56,1,214026.8,0.88,Medium
1137,916,Los Angeles,1,30211.9,30211.9,0,0,0,Low
1138,721,Dallas,4,7233.1,7233.1,0,0,0,Low
1139,181,Los Angeles,6,6786.81,0,0,0,0,Low
1140,180,Phoenix,2,62988.93,62988.93,1,281031.51,4.46,High
1141,394,Houston,6,32358.24,32358.239999999998,0,0,0,Low
1142,545,San Antonio,5,936.18,936.18,0,0,0,Low
1143,130,Philadelphia,3,10553.31,10553.31,0,0,0,Low
1144,896,Dallas,6,7602.37,7602.37,0,0,0,Low
1145,284,Houston,6,10196.2,10196.199999999999,1,14619,1.43,High
1146,481,San Diego,5,2918,2918,0,0,0,Low
1147,96,Phoenix,3,31323.47,31323.47,0,0,0,Low
1148,825,Houston,4,4230.23,4230.23,1,53528.96,12.65,High
1149,686,San Jose,1,9873.71,9873.710000000001,0,0,0,Low
1150,770,Los Angeles,2,13550.69,13550.69,0,0,0,Low
1151,513,Chicago,6,6591.28,6591.28,0,0,0,Low
1152,374,Philadelphia,4,3827.52,3827.52,1,19049.78,4.98,High
1153,676,New York,6,35087.36,35087.36,0,0,0,Low
1154,111,San Jose,3,92682.14,92682.14,0,0,0,Low
1155,584,Los Angeles,6,63720.41,63720.41,0,0,0,Low
1156,901,San Diego,4,3229.84,3229.84,1,4595.74,1.42,High
1157,178,Dallas,5,2326.88,2326.88,0,0,0,Low
1158,422,Philadelphia,2,3351022.79,3351022.79,0,0,0,Low
1159,610,Chicago,5,2730.49,2730.4900000000002,0,0,0,Low
1160,162,San Jose,3,11739.4,11739.4,0,0,0,Low
1161,807,Dallas,2,166499.84,166499.84,0,0,0,Low
1162,169,Dallas,5,1638.98,1638.98,1,2514.67,1.53,High
1163,552,San Antonio,4,3046.77,3046.77,0,0,0,Low
1164,584,Los Angeles,3,31444.68,31444.68,0,0,0,Low
1165,573,Chicago,6,2817.19,2817.19,1,1256.81,0.45,Low
1166,582,Houston,4,8683.61,8683.61,1,38421.8,4.42,High
1167,61,San Jose,3,4436.05,4436.05,3,1537.96,0.35,Low
1168,248,Phoenix,1,10632.85,10632.85,0,0,0,Low
1169,80,San Jose,6,6075.73,6075.73,0,0,0,Low
1170,238,Dallas,5,987.17,987.17,0,0,0,Low
1171,939,Philadelphia,5,2202.62,2202.62,0,0,0,Low
1172,517,San Antonio,5,2169.1,2169.1,0,0,0,Low
1173,438,San Antonio,6,5966.98,5966.98,0,0,0,Low
1174,906,San Diego,3,8346.31,8346.31,0,0,0,Low
1175,27,Los Angeles,2,238843.79,238843.79,1,1117094.23,4.68,High
1176,957,Philadelphia,6,30871.89,30871.89,0,0,0,Low
1177,697,Dallas,1,9814.89,9814.89,0,0,0,Low
1178,430,New York,5,1500,1500,0,0,0,Low
1179,661,Los Angeles,6,6623.5,6623.5,2,30435.13,4.6,High
1180,610,Chicago,6,2826.88,2826.88,1,23927.22,8.46,High
1181,307,Houston,3,29249.69,29249.69,0,0,0,Low
1182,809,San Antonio,1,3150.41,3150.41,1,14758.87,4.68,High
1183,129,Phoenix,5,2073.84,2073.8399999999997,1,13619.75,6.57,High
1184,797,Chicago,6,184557.5,184557.5,0,0,0,Low
1185,249,San Diego,3,21620.67,21620.67,0,0,0,Low
1186,862,Dallas,5,2187.29,2187.29,0,0,0,Low
1187,716,San Antonio,5,1722.28,0,0,0,0,Low
1188,417,Houston,4,3532.99,3532.99,0,0,0,Low
1189,59,Philadelphia,5,812.78,812.78,0,0,0,Low
1190,627,Chicago,2,411894.39,411894.39,1,1008445.65,2.45,High
1191,699,Phoenix,3,41665.99,41665.99,0,0,0,Low
1192,86,San Jose,1,13885.14,0,1,13066.2,0.94,Medium
1193,69,Houston,1,6423.1,6423.099999999999,0,0,0,Low
1194,975,Philadelphia,5,2530.89,2530.89,0,0,0,Low
1195,123,San Antonio,6,3667.34,3667.34,1,3371.8,0.92,Medium
1196,472,New York,2,342347.76,342347.76,0,0,0,Low
1197,318,Chicago,4,2268.13,2268.13,0,0,0,Low
1198,118,Chicago,3,96022.48,96022.48,0,0,0,Low
1199,446,San Diego,1,8905.52,8905.52,0,0,0,Low
1200,614,New York,3,28571.02,28571.02,0,0,0,Low
1201,89,Dallas,1,6370.41,6370.41,1,18683.56,2.93,High
1202,796,San Antonio,1,7063.36,7063.360000000001,1,15430.32,2.18,High
1203,25,San Diego,2,148762.92,148762.91999999998,1,344073.19,2.31,High
1204,672,Houston,6,5922.61,0,1,9632.2,1.63,High
1205,865,San Diego,6,5963.24,5963.24,1,18800.28,3.15,High
1206,82,San Antonio,6,3977.25,3977.25,0,0,0,Low
1207,688,Phoenix,6,6711.92,6711.92,0,0,0,Low
1208,312,New York,2,103548.66,103548.66,0,0,0,Low
1209,654,Los Angeles,3,31125.84,31125.84,0,0,0,Low
1210,744,Chicago,3,11613.93,11613.93,0,0,0,Low
1211,142,Houston,6,19379.55,19379.55,0,0,0,Low
1212,213,Dallas,2,80595.76,80595.76,0,0,0,Low
1213,455,Houston,4,6924.68,6924.68,0,0,0,Low
1214,234,New York,2,176111.96,176111.96,0,0,0,Low
1215,604,New York,2,1449111.3,0,0,0,0,Low
1216,567,Los Angeles,4,7267.12,7267.120000000001,0,0,0,Low
1217,824,San Jose,2,366191.76,366191.76,0,0,0,Low
1218,516,Philadelphia,6,7274.16,7274.16,0,0,0,Low
1219,979,San Jose,3,6913.08,6913.08,0,0,0,Low
1220,753,Los Angeles,1,5625.96,5625.96,0,0,0,Low
1221,703,Chicago,1,8109.45,8109.45,1,13395.11,1.65,High
1222,89,Dallas,3,153975.57,153975.57,0,0,0,Low
1223,921,San Antonio,2,43576.83,43576.83,1,106595.81,2.45,High
1224,176,Philadelphia,2,801125.4,801125.4,0,0,0,Low
1225,632,Los Angeles,1,6768.61,6768.610000000001,0,0,0,Low
1226,34,Dallas,6,11392.78,11392.779999999999,0,0,0,Low
1227,17,Chicago,5,2522.67,2522.67,0,0,0,Low
1228,707,San Diego,3,32413.02,32413.02,0,0,0,Low
1229,534,Phoenix,3,30158.08,30158.08,0,0,0,Low
1230,793,San Diego,4,309289.99,309289.99,0,0,0,Low
1231,397,Phoenix,5,3765.38,3765.38,0,0,0,Low
1232,555,San Antonio,5,1657.68,1657.68,0,0,0,Low
1233,11,Philadelphia,6,12268.27,12268.27,1,25279.85,2.06,High
1234,202,San Jose,6,15214.44,15214.44,0,0,0,Low
1235,510,San Jose,2,394358.37,394358.37,0,0,0,Low
1236,482,Philadelphia,4,6533.92,6533.92,1,20165.27,3.09,High
1237,944,San Antonio,2,180254.96,180254.96,0,0,0,Low
1238,955,Chicago,5,2207.95,2207.95,0,0,0,Low
1239,750,New York,1,19728.4,19728.4,0,0,0,Low
1240,353,Houston,4,362072.81,362072.81,0,0,0,Low
1241,477,Chicago,1,31830.54,31830.54,0,0,0,Low
1242,211,Phoenix,4,6213.44,6213.44,0,0,0,Low
1243,835,New York,1,11472.57,11472.57,1,9590.59,0.84,Medium
1244,68,Houston,2,91221.6,91221.6,0,0,0,Low
1245,151,Los Angeles,3,11580.3,11580.3,0,0,0,Low
1246,306,Los Angeles,6,3464.72,3464.72,1,17226.65,4.97,High
1247,368,Phoenix,4,5538.84,5538.84,0,0,0,Low
1248,469,Phoenix,2,130458.99,130458.99,0,0,0,Low
1249,1000,Houston,2,197497.87,197497.87,0,0,0,Low
1250,955,Chicago,5,1500,1500,0,0,0,Low
1251,26,San Antonio,5,2445.16,2445.16,0,0,0,Low
1252,668,New York,1,7427.36,7427.36,0,0,0,Low
1253,497,Chicago,4,1730.06,1730.06,0,0,0,Low
1254,844,Los Angeles,2,18351.67,18351.67,0,0,0,Low
1255,11,Philadelphia,4,8883.07,8883.07,1,50211.44,5.65,High
1256,593,San Antonio,4,9272.59,9272.59,0,0,0,Low
1257,529,Phoenix,6,16837.09,16837.09,1,49997.48,2.97,High
1258,494,San Diego,4,2699.03,2699.0299999999997,1,8820.67,3.27,High
1259,511,San Jose,4,3343.8,3343.8,0,0,0,Low
1260,545,San Antonio,5,2621.2,2621.2,1,1631.5,0.62,Medium
1261,979,San Jose,4,2643.88,2643.88,0,0,0,Low
1262,433,Dallas,4,1352.82,1352.82,0,0,0,Low
1263,321,Phoenix,4,45152.2,45152.2,0,0,0,Low
1264,595,Dallas,4,2577.67,2577.67,1,18737.61,7.27,High
1265,679,Philadelphia,5,1930.14,1930.14,0,0,0,Low
1266,551,Los Angeles,4,2822.58,2822.58,0,0,0,Low
1267,177,Los Angeles,1,7656.65,7656.650000000001,1,7839.42,1.02,High
1268,996,San Diego,3,38693.07,38693.07,0,0,0,Low
1269,961,Houston,2,52275.43,52275.43,0,0,0,Low
1270,555,San Antonio,5,1840.84,1840.8400000000001,0,0,0,Low
1271,763,San Diego,4,5373.41,5373.41,0,0,0,Low
1272,681,Phoenix,6,4094.22,4094.22,0,0,0,Low
1273,703,Chicago,4,1382.08,1382.08,0,0,0,Low
1274,400,Phoenix,5,1502.04,1502.04,0,0,0,Low
1275,60,New York,4,2724.27,2724.2700000000004,0,0,0,Low
1276,676,New York,6,23337.46,23337.46,1,92708.41,3.97,High
1277,356,Phoenix,3,82555.87,82555.87,1,11662.86,0.14,Low
1278,919,Los Angeles,4,7381.71,7381.71,1,75902.79,10.28,High
1279,734,Chicago,4,2229.42,2229.42,0,0,0,Low
1280,416,Houston,2,131845,131845,2,477385.25,3.62,High
1281,935,San Diego,4,8843.42,8843.42,1,20183.83,2.28,High
1282,905,Chicago,6,5688.56,0,0,0,0,Low
1283,577,Los Angeles,4,5057.3,5057.3,0,0,0,Low
1284,811,San Antonio,2,393115.37,393115.37,0,0,0,Low
1285,586,San Jose,6,5408.59,5408.59,0,0,0,Low
1286,766,San Antonio,1,6051.57,6051.57,0,0,0,Low
1287,479,Chicago,2,140042.16,140042.16,0,0,0,Low
1288,267,Dallas,1,9869.92,9869.92,0,0,0,Low
1289,624,San Diego,6,8960.26,8960.26,0,0,0,Low
1290,281,Phoenix,4,2593.82,2593.8199999999997,0,0,0,Low
1291,142,Houston,1,8375.86,8375.86,0,0,0,Low
1292,225,Chicago,2,337507.58,337507.58,1,900529.87,2.67,High
1293,919,Los Angeles,3,181244.18,181244.18,0,0,0,Low
1294,570,San Diego,4,4289.68,4289.679999999999,0,0,0,Low
1295,819,Phoenix,4,6124.06,6124.0599999999995,0,0,0,Low
1296,416,Houston,1,7300.96,7300.96,0,0,0,Low
1297,38,Houston,3,139771.44,139771.44,0,0,0,Low
1298,72,San Antonio,1,2999.2,2999.2,0,0,0,Low
1299,582,Houston,5,1997.45,0,0,0,0,Low
1300,768,Philadelphia,1,11606,0,0,0,0,Low
1301,321,Phoenix,5,2155.49,2155.49,1,5694.35,2.64,High
1302,658,Phoenix,5,2507.29,2507.29,1,6793.44,2.71,High
1303,806,New York,1,15813.06,15813.060000000001,0,0,0,Low
1304,435,San Jose,4,5421.63,5421.63,0,0,0,Low
1305,876,Phoenix,5,2404.89,2404.8900000000003,0,0,0,Low
1306,311,Dallas,4,8156.46,8156.46,0,0,0,Low
1307,135,San Diego,1,7666.13,7666.129999999999,0,0,0,Low
1308,813,New York,2,334956.47,334956.47,0,0,0,Low
1309,853,Chicago,4,6962.07,0,0,0,0,Low
1310,793,San Diego,4,3031.23,3031.23,0,0,0,Low
1311,846,Dallas,2,483197.04,483197.04,0,0,0,Low
1312,337,San Diego,5,1997.1,1997.1,0,0,0,Low
1313,173,New York,1,6768.07,6768.07,0,0,0,Low
1314,683,Phoenix,2,407789.81,407789.81000000006,0,0,0,Low
1315,602,San Antonio,5,2276.81,2276.81,1,6301.65,2.77,High
1316,508,New York,2,362596.89,362596.89,2,1347984.92,3.72,High
1317,952,Los Angeles,4,5531.25,5531.25,0,0,0,Low
1318,187,Phoenix,4,2756.89,2756.89,0,0,0,Low
1319,248,Phoenix,4,8416.22,0,0,0,0,Low
1320,844,Los Angeles,5,2442.56,2442.56,0,0,0,Low
1321,360,Chicago,4,6400.39,6400.39,0,0,0,Low
1322,428,San Antonio,2,445535.99,445535.99,0,0,0,Low
1323,333,San Diego,3,49015.88,49015.88,0,0,0,Low
1324,117,Philadelphia,6,25197.02,25197.02,1,3189.87,0.13,Low
1325,748,Los Angeles,1,27623.49,27623.489999999998,2,52075.340000000004,1.89,High
1326,673,Los Angeles,2,327367.27,327367.27,0,0,0,Low
1327,316,San Antonio,3,79596.16,79596.16,1,33721.88,0.42,Low
1328,730,Houston,6,11727.46,11727.46,0,0,0,Low
1329,788,San Antonio,4,8731.17,8731.17,0,0,0,Low
1330,723,Philadelphia,2,220814.77,220814.77000000002,0,0,0,Low
1331,35,Chicago,6,2605.38,2605.38,0,0,0,Low
1332,678,Dallas,6,43791.26,43791.26,1,96617.31,2.21,High
1333,894,Chicago,5,4754.18,4754.18,0,0,0,Low
1334,947,Philadelphia,3,36398.09,36398.09,0,0,0,Low
1335,456,Chicago,1,9290.87,9290.87,0,0,0,Low
1336,368,Phoenix,1,6504.97,6504.97,0,0,0,Low
1337,534,Phoenix,3,5850,5850,1,1291.05,0.22,Low
1338,371,Chicago,3,83607.59,83607.59,0,0,0,Low
1339,351,Dallas,5,1499.99,1499.99,0,0,0,Low
1340,446,San Diego,2,124520.41,124520.41,0,0,0,Low
1341,922,Phoenix,6,11628.01,11628.01,0,0,0,Low
1342,665,San Diego,3,156126.14,156126.14,0,0,0,Low
1343,545,San Antonio,4,2254.86,2254.86,1,12840.74,5.69,High
1344,216,New York,3,19909.92,0,0,0,0,Low
1345,816,San Antonio,6,51988.1,51988.1,1,140568.09,2.7,High
1346,49,Dallas,1,7588.55,7588.55,1,36877.7,4.86,High
1347,290,San Diego,6,7543.27,7543.2699999999995,1,22805.12,3.02,High
1348,170,San Diego,5,15000,15000,1,1799.51,0.12,Low
1349,529,Phoenix,6,40638.91,40638.91,0,0,0,Low
1350,6,Chicago,2,494755.74,494755.74,1,715772.05,1.45,High
1351,927,Dallas,3,31037.65,31037.65,1,7628.91,0.25,Low
1352,236,Los Angeles,4,2927.6,2927.6,1,32226.55,11.01,High
1353,559,San Diego,6,14820.17,14820.17,0,0,0,Low
1354,581,Phoenix,5,1759.55,1759.55,1,3301.74,1.88,High
1355,342,San Jose,1,7649.65,7649.650000000001,0,0,0,Low
1356,829,Houston,5,2055.06,2055.06,0,0,0,Low
1357,178,Dallas,1,7725.17,7725.17,0,0,0,Low
1358,51,San Diego,5,1781.76,1781.76,0,0,0,Low
1359,960,New York,5,1623.39,1623.39,1,757.22,0.47,Low
1360,387,Houston,3,92142.11,92142.11,0,0,0,Low
1361,377,Houston,4,7005.59,7005.59,1,63777.76,9.1,High
1362,806,New York,6,12339.36,12339.36,1,26525.74,2.15,High
1363,60,New York,3,130057.07,130057.07,1,21405.95,0.16,Low
1364,666,Philadelphia,1,5972.46,5972.46,0,0,0,Low
1365,779,Philadelphia,5,2522.67,2522.67,0,0,0,Low
1366,118,Chicago,1,13784.26,13784.26,0,0,0,Low
1367,14,Houston,1,11265.72,11265.72,0,0,0,Low
1368,319,Los Angeles,3,85021.88,85021.87999999999,1,10517.05,0.12,Low
1369,282,Phoenix,1,10032.64,10032.64,0,0,0,Low
1370,414,Dallas,6,41046.19,41046.19,1,161054.48,3.92,High
1371,500,San Diego,1,6243.74,6243.74,0,0,0,Low
1372,317,Chicago,2,7302721.6,7302721.6,0,0,0,Low
1373,817,San Diego,6,6368.32,6368.32,0,0,0,Low
1374,467,San Diego,4,3203.17,3203.17,2,82849.05,25.86,High
1375,25,San Diego,4,8663.52,8663.52,0,0,0,Low
1376,916,Los Angeles,2,259689.92,259689.92,0,0,0,Low
1377,869,Houston,1,6130.1,6130.1,0,0,0,Low
1378,514,San Diego,6,6980.61,6980.61,0,0,0,Low
1379,104,San Antonio,4,6742.77,6742.77,0,0,0,Low
1380,921,San Antonio,4,8933.2,8933.2,0,0,0,Low
1381,901,San Diego,6,4775.73,4775.73,0,0,0,Low
1382,639,San Jose,3,26768.15,26768.15,1,4653.62,0.17,Low
1383,62,San Antonio,1,7103.23,7103.23,0,0,0,Low
1384,127,Philadelphia,3,25955.38,25955.38,0,0,0,Low
1385,639,San Jose,4,2385.1,2385.1,0,0,0,Low
1386,822,New York,2,244999.53,0,0,0,0,Low
1387,22,Los Angeles,2,153913.19,153913.19,0,0,0,Low
1388,962,New York,1,9861.82,9861.82,0,0,0,Low
1389,192,Phoenix,3,171416.95,171416.95,0,0,0,Low
1390,575,San Diego,3,33858.41,33858.409999999996,0,0,0,Low
1391,535,Philadelphia,2,51758.54,51758.54,0,0,0,Low
1392,840,Phoenix,6,5989.19,0,1,16075.95,2.68,High
1393,215,New York,4,4395.24,4395.24,1,45134.29,10.27,High
1394,316,San Antonio,2,319891.89,319891.89,1,1014597.58,3.17,High
1395,864,San Jose,4,9317.52,9317.52,0,0,0,Low
1396,222,New York,1,7317.75,7317.75,1,14674.81,2.01,High
1397,13,Philadelphia,6,12862.88,12862.88,0,0,0,Low
1398,822,New York,1,10569.71,10569.710000000001,1,6668.82,0.63,Medium
1399,278,Phoenix,2,89566.78,89566.78,0,0,0,Low
1400,271,Chicago,1,8822.79,8822.79,0,0,0,Low
1401,979,San Jose,5,2419.3,2419.2999999999997,0,0,0,Low
1402,277,Los Angeles,4,4346.7,4346.7,0,0,0,Low
1403,137,Houston,1,7429.79,7429.79,0,0,0,Low
1404,797,Chicago,5,2150.45,2150.45,0,0,0,Low
1405,180,Phoenix,3,30903.54,30903.54,0,0,0,Low
1406,355,Dallas,6,9009.04,9009.04,0,0,0,Low
1407,832,Dallas,2,135595.2,135595.2,0,0,0,Low
1408,566,Philadelphia,5,1790.39,1790.3899999999999,2,6227.82,3.48,High
1409,193,New York,3,72901.42,72901.42,2,16040.67,0.22,Low
1410,495,Dallas,2,102493.32,102493.32,0,0,0,Low
1411,938,San Diego,6,23564.09,23564.09,0,0,0,Low
1412,628,Philadelphia,6,9675.37,9675.37,0,0,0,Low
1413,911,San Jose,4,10491,10491,0,0,0,Low
1414,429,San Antonio,2,307556.57,307556.57,0,0,0,Low
1415,849,San Antonio,1,8003.01,8003.01,0,0,0,Low
1416,676,New York,3,29083.25,29083.25,1,1066.37,0.04,Low
1417,357,New York,3,25699.44,25699.440000000002,1,4392.22,0.17,Low
1418,853,Chicago,3,39680.9,39680.9,0,0,0,Low
1419,436,San Antonio,3,5840.97,5840.97,0,0,0,Low
1420,345,Los Angeles,6,70000,70000,0,0,0,Low
1421,480,New York,4,8655.75,8655.75,1,52627.74,6.08,High
1422,182,Chicago,5,2154.56,2154.56,2,10382.26,4.82,High
1423,989,Houston,5,2132.39,2132.39,0,0,0,Low
1424,669,Philadelphia,2,442623.57,442623.57,1,564038.42,1.27,High
1425,2,San Antonio,1,8795.77,8795.77,0,0,0,Low
1426,116,San Antonio,4,2362.28,2362.2799999999997,0,0,0,Low
1427,922,Phoenix,5,1500,0,0,0,0,Low
1428,591,San Jose,4,3275.75,3275.75,0,0,0,Low
1429,77,New York,6,5563.77,5563.77,0,0,0,Low
1430,285,Chicago,4,2802.71,2802.71,0,0,0,Low
1431,329,Chicago,5,1980.09,1980.09,1,4022.43,2.03,High
1432,360,Chicago,4,5817.98,5817.98,0,0,0,Low
1433,383,Chicago,3,32009.76,0,0,0,0,Low
1434,311,Dallas,4,6323.64,6323.639999999999,0,0,0,Low
1435,311,Dallas,1,7348.81,7348.81,0,0,0,Low
1436,52,Chicago,6,3544.42,3544.42,1,5357.7,1.51,High
1437,126,Philadelphia,2,106342.66,106342.66,1,202206.32,1.9,High
1438,323,Houston,4,2005.24,2005.24,1,6488.24,3.24,High
1439,762,San Jose,4,3172.84,3172.84,0,0,0,Low
1440,330,San Antonio,2,182756.81,182756.81,0,0,0,Low
1441,231,San Antonio,4,6058.94,6058.9400000000005,1,67088.67,11.07,High
1442,964,Chicago,4,10670.39,10670.39,0,0,0,Low
1443,358,New York,6,4591.67,4591.67,0,0,0,Low
1444,114,San Diego,2,96152.08,96152.08,0,0,0,Low
1445,963,Phoenix,4,7609.69,7609.6900000000005,1,18937.95,2.49,High
1446,673,Los Angeles,6,4850.72,4850.72,0,0,0,Low
1447,87,Chicago,4,6770.03,6770.03,0,0,0,Low
1448,689,San Diego,3,174560.63,174560.63,0,0,0,Low
1449,986,San Antonio,3,26721.11,26721.11,0,0,0,Low
1450,94,San Jose,4,7905.41,7905.41,0,0,0,Low
1451,129,Phoenix,6,9351.63,9351.63,0,0,0,Low
1452,856,Houston,2,89174.08,89174.07999999999,0,0,0,Low
1453,344,Dallas,6,70000,70000,1,125895.52,1.8,High
1454,881,San Diego,5,2392.06,2392.06,0,0,0,Low
1455,582,Houston,5,4018.6,4018.6,0,0,0,Low
1456,198,Chicago,2,286055.77,286055.77,1,900130.62,3.15,High
1457,88,New York,4,395202.48,395202.48,0,0,0,Low
1458,941,Philadelphia,5,2244.92,2244.92,0,0,0,Low
1459,795,Philadelphia,3,26716.95,26716.95,0,0,0,Low
1460,513,Chicago,3,179466.14,179466.14,0,0,0,Low
1461,616,Phoenix,5,2477.01,0,2,15331.67,6.19,High
1462,594,New York,6,2892.99,2892.99,0,0,0,Low
1463,972,Phoenix,1,6820.64,6820.64,0,0,0,Low
1464,669,Philadelphia,3,70859.88,70859.88,0,0,0,Low
1465,669,Philadelphia,2,6036000,6036000,0,0,0,Low
1466,670,Chicago,6,2052.39,2052.39,1,768.68,0.37,Low
1467,375,San Antonio,2,82736.14,82736.14,0,0,0,Low
1468,249,San Diego,6,7545.63,7545.63,0,0,0,Low
1469,960,New York,4,3883,3883,1,13031.54,3.36,High
1470,758,Philadelphia,6,18988.68,18988.68,0,0,0,Low
1471,111,San Jose,6,7131.56,7131.5599999999995,0,0,0,Low
1472,988,Phoenix,2,172127.14,172127.14,0,0,0,Low
1473,200,San Antonio,4,2245.11,2245.11,1,8403.41,3.74,High
1474,429,San Antonio,5,1976.84,1976.8400000000001,0,0,0,Low
1475,368,Phoenix,5,3558.02,3558.02,0,0,0,Low
1476,540,Philadelphia,3,31178.17,31178.17,1,5369.2,0.17,Low
1477,426,San Antonio,2,304419.75,304419.75,0,0,0,Low
1478,843,Philadelphia,3,11032.32,11032.32,0,0,0,Low
1479,159,Dallas,6,12512.95,12512.95,1,7052.87,0.56,Medium
1480,995,Los Angeles,4,8096.51,8096.51,0,0,0,Low
1481,120,Phoenix,4,1942.06,1942.06,0,0,0,Low
1482,309,Phoenix,3,193444.72,193444.72,0,0,0,Low
1483,868,San Diego,5,1529.14,1529.1399999999999,1,4472.75,2.93,High
1484,819,Phoenix,5,2202.89,2202.89,0,0,0,Low
1485,543,Houston,3,39852.19,39852.19,0,0,0,Low
1486,978,Houston,5,1815.95,1815.95,1,5321.59,2.93,High
1487,780,Chicago,2,58280.31,58280.31,0,0,0,Low
1488,901,San Diego,1,9362.28,9362.279999999999,0,0,0,Low
1489,945,San Jose,3,77929.52,0,0,0,0,Low
1490,507,New York,5,2111.91,2111.91,1,1006.44,0.48,Low
1491,506,Dallas,5,1686.01,1686.0100000000002,0,0,0,Low
1492,717,San Antonio,3,29195.7,29195.7,0,0,0,Low
1493,879,Philadelphia,2,280427.14,280427.14,1,421463.55,1.5,High
1494,61,San Jose,2,106612.65,106612.65,0,0,0,Low
1495,984,Houston,6,8699.25,8699.25,1,14247.22,1.64,High
1496,755,Philadelphia,1,18950.7,18950.7,2,63532.619999999995,3.35,High
1497,396,San Jose,1,6929.87,6929.87,0,0,0,Low
1498,633,Houston,3,29732.47,29732.47,0,0,0,Low
1499,169,Dallas,3,5341.84,5341.84,0,0,0,Low
1500,999,New York,4,67619.83,67619.83,0,0,0,Low
1501,205,San Diego,1,14673.78,14673.78,0,0,0,Low
1502,107,Phoenix,5,2170.37,2170.37,2,19113.17,8.81,High
1503,755,Philadelphia,4,8092.91,8092.91,0,0,0,Low
1504,777,Chicago,2,348227.44,348227.44,1,743094.9,2.13,High
1505,174,New York,1,8640.94,8640.94,0,0,0,Low
1506,751,New York,3,9221.17,9221.17,0,0,0,Low
1507,466,Dallas,1,9431.29,9431.29,1,10107.67,1.07,High
1508,728,New York,5,1944.66,1944.66,0,0,0,Low
1509,109,San Diego,5,2036.05,2036.05,1,2687.7,1.32,High
1510,585,Philadelphia,6,8197.03,8197.03,0,0,0,Low
1511,570,San Diego,2,233554.53,233554.53,0,0,0,Low
1512,555,San Antonio,3,80582.22,80582.22,0,0,0,Low
1513,230,San Diego,5,1623.43,1623.43,0,0,0,Low
1514,86,San Jose,1,9180.38,9180.380000000001,1,12200.33,1.33,High
1515,39,Dallas,3,17650.51,17650.51,0,0,0,Low
1516,24,Los Angeles,3,31386.95,31386.95,0,0,0,Low
1517,408,San Jose,5,2054.26,2054.26,0,0,0,Low
1518,399,Chicago,2,68999.47,68999.47,0,0,0,Low
1519,866,San Diego,6,14099.87,14099.87,0,0,0,Low
1520,197,Chicago,5,2494.96,2494.96,0,0,0,Low
1521,771,Phoenix,5,2734.13,2734.13,0,0,0,Low
1522,278,Phoenix,1,11387.48,11387.48,0,0,0,Low
1523,365,Phoenix,2,493783.28,493783.28,0,0,0,Low
1524,564,Chicago,2,187602.09,187602.09,0,0,0,Low
1525,703,Chicago,2,37077.88,37077.88,1,22392.98,0.6,Medium
1526,816,San Antonio,4,9475.26,9475.26,0,0,0,Low
1527,708,Chicago,4,10764.72,10764.72,0,0,0,Low
1528,391,Phoenix,4,3724.72,3724.7200000000003,0,0,0,Low
1529,137,Houston,6,7335.43,7335.43,0,0,0,Low
1530,134,Houston,3,77771.59,77771.59,0,0,0,Low
1531,601,Houston,4,3318.51,3318.5099999999998,1,9701.65,2.92,High
1532,471,San Jose,4,3305.06,3305.06,2,43658.3,13.21,High
1533,695,New York,1,4898.09,4898.09,1,10516.31,2.15,High
1534,34,Dallas,1,6670.87,0,0,0,0,Low
1535,639,San Jose,4,10699.97,10699.97,0,0,0,Low
1536,277,Los Angeles,5,2184.05,2184.05,1,1772.81,0.81,Medium
1537,844,Los Angeles,5,2404.61,2404.61,0,0,0,Low
1538,984,Houston,2,169641.59,169641.59,0,0,0,Low
1539,814,Dallas,2,42449.5,0,0,0,0,Low
1540,48,San Antonio,6,57563.26,57563.26,0,0,0,Low
1541,212,Los Angeles,3,156267.66,156267.66,0,0,0,Low
1542,854,Phoenix,2,28846.87,28846.87,2,291548.54,10.11,High
1543,488,San Antonio,6,6709.85,6709.85,1,14897.66,2.22,High
1544,752,New York,4,250773.69,250773.69,0,0,0,Low
1545,754,Houston,4,2778.11,2778.11,0,0,0,Low
1546,807,Dallas,6,7163.35,7163.35,1,17397.54,2.43,High
1547,839,Houston,2,346142.06,346142.06,0,0,0,Low
1548,952,Los Angeles,5,1500,0,0,0,0,Low
1549,912,San Jose,2,305542.58,305542.58,1,1369049.82,4.48,High
1550,920,Dallas,1,9435.09,9435.09,2,28427.989999999998,3.01,High
1551,876,Phoenix,5,2567.52,2567.52,0,0,0,Low
1552,31,Los Angeles,3,71963.21,71963.21,0,0,0,Low
1553,158,New York,2,262529.26,262529.26,0,0,0,Low
1554,319,Los Angeles,5,1771.5,1771.5,0,0,0,Low
1555,247,Philadelphia,5,1201.91,1201.91,0,0,0,Low
1556,608,New York,3,10959.51,10959.51,0,0,0,Low
1557,456,Chicago,3,33663.45,33663.45,0,0,0,Low
1558,958,San Jose,3,884530,884530,0,0,0,Low
1559,647,San Antonio,4,3222.32,3222.3199999999997,1,10889.74,3.38,High
1560,97,San Diego,5,2100.72,2100.72,0,0,0,Low
1561,927,Dallas,3,9283.22,9283.220000000001,0,0,0,Low
1562,340,Philadelphia,4,16683.87,16683.87,0,0,0,Low
1563,652,San Antonio,5,2155.73,2155.73,0,0,0,Low
1564,236,Los Angeles,2,290250.05,290250.05,0,0,0,Low
1565,177,Los Angeles,3,76252.77,76252.77,1,18664.6,0.24,Low
1566,742,Phoenix,4,237133.86,237133.86,1,603819.79,2.55,High
1567,459,Houston,3,115980.08,115980.08,0,0,0,Low
1568,608,New York,5,2455,0,0,0,0,Low
1569,862,Dallas,4,6562.4,6562.4,1,29984.62,4.57,High
1570,411,Philadelphia,6,7542.55,7542.549999999999,0,0,0,Low
1571,916,Los Angeles,4,5308.39,5308.39,1,11753.69,2.21,High
1572,642,New York,1,6957.27,6957.27,0,0,0,Low
1573,613,Phoenix,2,257482.44,257482.44,0,0,0,Low
1574,480,New York,6,7745.99,7745.99,2,27599.73,3.56,High
1575,984,Houston,3,28312.51,28312.510000000002,2,8906,0.31,Low
1576,384,San Antonio,2,176675.54,176675.54,2,308904.03,1.75,High
1577,1000,Houston,1,10202.88,10202.880000000001,1,14786.93,1.45,High
1578,614,New York,1,15359.08,15359.08,0,0,0,Low
1579,490,Phoenix,5,1993.2,1993.2,0,0,0,Low
1580,343,Phoenix,3,76688.55,0,0,0,0,Low
1581,422,Philadelphia,2,576334.35,576334.35,1,3178727.66,5.52,High
1582,482,Philadelphia,1,6434.28,6434.280000000001,0,0,0,Low
1583,734,Chicago,4,7794.08,7794.08,0,0,0,Low
1584,648,San Jose,6,5698.82,5698.82,1,28659.94,5.03,High
1585,537,New York,3,5666.63,5666.63,0,0,0,Low
1586,662,Los Angeles,6,8047.01,8047.01,0,0,0,Low
1587,483,Phoenix,5,1688.53,1688.53,0,0,0,Low
1588,459,Houston,2,377324.51,377324.51,0,0,0,Low
1589,826,Dallas,3,13029.54,13029.539999999999,1,1786.56,0.14,Low
1590,741,Chicago,6,5272.45,0,0,0,0,Low
1591,80,San Jose,6,29466.78,29466.78,0,0,0,Low
1592,452,Dallas,6,1999.99,1999.99,0,0,0,Low
1593,435,San Jose,6,17177.62,17177.62,0,0,0,Low
1594,770,Los Angeles,5,1901.79,1901.79,0,0,0,Low
1595,703,Chicago,5,2160.47,2160.4700000000003,1,4034.34,1.87,High
1596,661,Los Angeles,2,454698.6,454698.6,0,0,0,Low
1597,748,Los Angeles,3,28642.19,28642.190000000002,2,20678.47,0.72,Medium
1598,741,Chicago,2,159859.05,159859.05,0,0,0,Low
1599,141,Chicago,3,19486.14,19486.14,0,0,0,Low
1600,894,Chicago,3,152470.62,152470.62,0,0,0,Low
1601,556,Los Angeles,5,1207.35,1207.35,1,3625.05,3,High
1602,261,San Diego,3,12428.27,12428.27,1,2132.02,0.17,Low
1603,683,Phoenix,1,9562.1,0,0,0,0,Low
1604,257,Dallas,2,482266.67,482266.67000000004,0,0,0,Low
1605,1000,Houston,5,1606.26,1606.26,0,0,0,Low
1606,775,San Diego,5,1840.79,1840.79,0,0,0,Low
1607,510,San Jose,4,8036.4,8036.4,0,0,0,Low
1608,488,San Antonio,4,7304.71,7304.71,0,0,0,Low
1609,420,San Jose,2,106225.76,106225.76,0,0,0,Low
1610,651,Philadelphia,6,21725.08,21725.079999999998,0,0,0,Low
1611,63,San Jose,3,25467.67,25467.670000000002,1,5566.27,0.22,Low
1612,407,New York,1,12518.47,12518.47,1,37018.07,2.96,High
1613,532,Chicago,3,30452.48,30452.480000000003,0,0,0,Low
1614,701,New York,4,6359.4,6359.4,0,0,0,Low
1615,331,Dallas,6,12181.46,12181.46,0,0,0,Low
1616,491,Phoenix,1,6726.01,6726.01,1,7981.18,1.19,High
1617,549,Philadelphia,2,503647.36,503647.36,0,0,0,Low
1618,717,San Antonio,4,320400.31,320400.31,0,0,0,Low
1619,347,San Diego,2,40300.1,40300.1,1,23747,0.59,Medium
1620,845,Los Angeles,6,8845.21,8845.21,0,0,0,Low
1621,124,San Antonio,6,11013.11,11013.109999999999,0,0,0,Low
1622,628,Philadelphia,2,136446.2,136446.2,0,0,0,Low
1623,425,Houston,1,7881.06,7881.0599999999995,0,0,0,Low
1624,217,Houston,6,4541.62,4541.62,0,0,0,Low
1625,823,San Antonio,2,262134.74,0,0,0,0,Low
1626,355,Dallas,6,9579.59,9579.59,0,0,0,Low
1627,740,San Antonio,3,37261.99,37261.99,0,0,0,Low
1628,149,San Diego,5,1659.83,1659.83,0,0,0,Low
1629,117,Philadelphia,2,289264.31,289264.31,1,1698703.61,5.87,High
1630,23,Dallas,2,38198.12,38198.12,0,0,0,Low
1631,746,Philadelphia,4,2454.48,2454.48,0,0,0,Low
1632,156,Phoenix,3,32013.82,0,0,0,0,Low
1633,155,Dallas,5,1722.56,1722.56,1,1916.57,1.11,High
1634,130,Philadelphia,3,56606.17,56606.17,0,0,0,Low
1635,783,Houston,3,11635.89,11635.89,0,0,0,Low
1636,487,Houston,3,68423.11,68423.11,1,5940.21,0.09,Low
1637,920,Dallas,2,226193.54,226193.54,0,0,0,Low
1638,4,New York,6,11576.75,11576.75,0,0,0,Low
1639,197,Chicago,6,29781.9,0,0,0,0,Low
1640,832,Dallas,6,10767.11,10767.11,0,0,0,Low
1641,574,Los Angeles,6,29614.45,29614.45,0,0,0,Low
1642,735,Los Angeles,2,199231.43,199231.43,0,0,0,Low
1643,583,Dallas,4,2994.65,2994.6499999999996,0,0,0,Low
1644,849,San Antonio,6,4080.16,4080.16,1,15323.12,3.76,High
1645,83,San Jose,1,13520.74,13520.740000000002,0,0,0,Low
1646,826,Dallas,5,1964.1,1964.1,0,0,0,Low
1647,639,San Jose,6,2000,2000,0,0,0,Low
1648,996,San Diego,4,4670.04,4670.04,0,0,0,Low
1649,731,Dallas,4,251216.04,251216.04,1,2085731.03,8.3,High
1650,228,San Jose,6,3059.27,3059.2700000000004,0,0,0,Low
1651,524,Dallas,2,384558.06,384558.06,1,2090347.77,5.44,High
1652,924,Houston,1,11126.9,11126.9,0,0,0,Low
1653,488,San Antonio,4,8751.48,8751.48,0,0,0,Low
1654,57,New York,6,17800.42,17800.42,1,5618.38,0.32,Low
1655,108,Houston,4,3927.71,3927.71,0,0,0,Low
1656,595,Dallas,4,3081.71,3081.71,0,0,0,Low
1657,501,Philadelphia,3,37547.5,37547.5,0,0,0,Low
1658,249,San Diego,1,18374.78,18374.78,0,0,0,Low
1659,987,Chicago,1,11150.29,11150.29,0,0,0,Low
1660,931,Phoenix,3,34640.52,34640.520000000004,0,0,0,Low
1661,954,Los Angeles,6,6770.23,6770.2300000000005,0,0,0,Low
1662,475,San Jose,1,9636.95,9636.95,1,20722.08,2.15,High
1663,746,Philadelphia,5,1579.05,1579.05,0,0,0,Low
1664,158,New York,4,9111.9,9111.9,0,0,0,Low
1665,878,Phoenix,3,31085.72,31085.72,1,3961.59,0.13,Low
1666,604,New York,5,1500,1500,0,0,0,Low
1667,945,San Jose,6,4698.94,4698.94,0,0,0,Low
1668,871,San Antonio,1,228772.6,0,0,0,0,Low
1669,265,San Jose,4,211710.21,211710.21,0,0,0,Low
1670,793,San Diego,2,17403.07,17403.07,0,0,0,Low
1671,992,Dallas,5,2427.91,2427.91,1,2699.61,1.11,High
1672,633,Houston,3,26416.53,26416.53,0,0,0,Low
1673,702,Los Angeles,6,9128.67,9128.67,0,0,0,Low
1674,525,Dallas,1,108353.7,108353.70000000001,0,0,0,Low
1675,798,Philadelphia,3,78239.65,78239.65,1,10181.58,0.13,Low
1676,285,Chicago,4,9100.45,9100.45,0,0,0,Low
1677,412,San Diego,5,2016.92,2016.92,0,0,0,Low
1678,131,Dallas,6,213895.01,213895.01,0,0,0,Low
1679,311,Dallas,3,10215.54,10215.54,0,0,0,Low
1680,526,Dallas,2,140380.07,140380.07,0,0,0,Low
1681,586,San Jose,2,150308.37,150308.37,0,0,0,Low
1682,208,San Jose,3,60381.09,60381.090000000004,0,0,0,Low
1683,761,Phoenix,5,2113.12,2113.12,0,0,0,Low
1684,793,San Diego,2,41552.24,41552.24,0,0,0,Low
1685,615,San Antonio,5,1519.31,1519.31,0,0,0,Low
1686,310,Phoenix,5,2238.8,2238.8,1,2425.47,1.08,High
1687,33,Los Angeles,3,21403.88,21403.88,0,0,0,Low
1688,497,Chicago,5,1791.28,1791.2800000000002,1,4323.56,2.41,High
1689,39,Dallas,2,70696.32,70696.32,0,0,0,Low
1690,49,Dallas,2,106646.99,106646.99,0,0,0,Low
1691,288,Los Angeles,2,199208.81,199208.81,0,0,0,Low
1692,953,Chicago,6,7048.36,7048.36,0,0,0,Low
1693,17,Chicago,3,8220.31,8220.31,0,0,0,Low
1694,80,San Jose,3,17401.78,17401.78,0,0,0,Low
1695,156,Phoenix,3,26668.36,0,1,17470.81,0.66,Medium
1696,721,Dallas,5,1991.6,1991.6000000000001,0,0,0,Low
1697,238,Dallas,2,73311.93,73311.93,1,76325.31,1.04,High
1698,601,Houston,4,3686.24,3686.24,0,0,0,Low
1699,885,Chicago,3,29487.59,29487.59,0,0,0,Low
1700,895,San Antonio,3,40662.78,40662.78,0,0,0,Low
1701,682,Chicago,6,6544.27,6544.27,0,0,0,Low
1702,192,Phoenix,6,9033.49,9033.49,0,0,0,Low
1703,770,Los Angeles,3,23117.43,23117.43,1,16129.22,0.7,Medium
1704,940,Phoenix,3,38949.31,38949.31,1,6010.89,0.15,Low
1705,388,Chicago,6,26642.4,26642.399999999998,0,0,0,Low
1706,245,Dallas,3,26437.28,26437.28,0,0,0,Low
1707,463,New York,6,7328.96,7328.959999999999,1,28394.27,3.87,High
1708,807,Dallas,3,20727.52,20727.52,1,1761.25,0.08,Low
1709,874,Los Angeles,3,50406.5,50406.5,0,0,0,Low
1710,862,Dallas,3,29623.91,29623.91,1,9503.99,0.32,Low
1711,271,Chicago,2,349764.77,349764.77,0,0,0,Low
1712,19,Philadelphia,2,214140.44,214140.44,0,0,0,Low
1713,618,Chicago,1,6756.68,6756.68,0,0,0,Low
1714,306,Los Angeles,3,119164.06,0,0,0,0,Low
1715,750,New York,4,7200.72,7200.72,0,0,0,Low
1716,272,San Antonio,2,280676.55,280676.55,0,0,0,Low
1717,927,Dallas,6,2633.79,2633.79,0,0,0,Low
1718,983,San Diego,1,12565.12,0,0,0,0,Low
1719,73,San Jose,5,2392.98,2392.98,0,0,0,Low
1720,238,Dallas,3,28360.67,28360.67,0,0,0,Low
1721,768,Philadelphia,5,1845.47,1845.47,0,0,0,Low
1722,742,Phoenix,3,25609.05,25609.050000000003,1,3848.04,0.15,Low
1723,116,San Antonio,4,6419.46,6419.46,0,0,0,Low
1724,858,New York,3,7721.64,7721.639999999999,0,0,0,Low
1725,811,San Antonio,4,2670.71,2670.71,0,0,0,Low
1726,640,San Diego,3,171042.93,171042.93,0,0,0,Low
1727,199,San Antonio,4,307151.93,307151.93,0,0,0,Low
1728,624,San Diego,1,6804.61,6804.61,0,0,0,Low
1729,773,New York,5,1914,1914,0,0,0,Low
1730,599,San Jose,6,4396.02,4396.02,0,0,0,Low
1731,720,New York,3,39378.48,39378.48,0,0,0,Low
1732,118,Chicago,4,8641.71,8641.71,0,0,0,Low
1733,576,Philadelphia,6,5539.95,5539.95,0,0,0,Low
1734,924,Houston,1,8705.7,8705.7,1,18320.5,2.1,High
1735,416,Houston,3,68028.05,68028.05,1,12789.97,0.19,Low
1736,304,Philadelphia,4,8823.32,8823.32,1,70572.06,8,High
1737,585,Philadelphia,6,15698.68,15698.68,2,89298.24,5.69,High
1738,504,Dallas,3,22974.85,22974.85,1,3657.94,0.16,Low
1739,941,Philadelphia,6,16439.85,16439.85,0,0,0,Low
1740,224,Philadelphia,1,10174.12,10174.119999999999,0,0,0,Low
1741,90,San Antonio,4,9846.79,9846.79,0,0,0,Low
1742,166,Phoenix,5,2260.46,2260.46,2,6589.37,2.92,High
1743,893,San Jose,4,2562.7,2562.7,0,0,0,Low
1744,280,Dallas,6,28371.41,28371.41,0,0,0,Low
1745,699,Phoenix,1,9915.15,9915.15,0,0,0,Low
1746,86,San Jose,3,9518.78,9518.779999999999,2,5369.0599999999995,0.56,Medium
1747,942,Philadelphia,6,3321.15,3321.15,1,15940.97,4.8,High
1748,445,Phoenix,1,16480.45,16480.45,1,52713.39,3.2,High
1749,948,New York,1,15204.53,15204.53,0,0,0,Low
1750,601,Houston,6,42912.11,42912.11,0,0,0,Low
1751,717,San Antonio,3,17121.45,17121.45,0,0,0,Low
1752,874,Los Angeles,1,9947.57,9947.57,0,0,0,Low
1753,685,San Antonio,3,374069.5,374069.5,0,0,0,Low
1754,841,Houston,4,8311.75,8311.75,0,0,0,Low
1755,666,Philadelphia,3,77265.85,77265.85,0,0,0,Low
1756,273,Chicago,1,6909.92,0,2,17968.22,2.6,High
1757,310,Phoenix,6,70000,70000,0,0,0,Low
1758,65,San Antonio,3,147340.74,147340.74,0,0,0,Low
1759,1000,Houston,5,19324.7,19324.699999999997,0,0,0,Low
1760,655,Phoenix,4,4513.06,4513.0599999999995,0,0,0,Low
1761,544,Los Angeles,6,29418.88,29418.879999999997,1,16149.89,0.55,Medium
1762,655,Phoenix,6,7986,7986,1,17246.81,2.16,High
1763,5,Dallas,5,2344.72,2344.72,0,0,0,Low
1764,415,Los Angeles,5,1914.6,1914.6,1,748.99,0.39,Low
1765,839,Houston,2,200808.64,200808.64,0,0,0,Low
1766,938,San Diego,3,29671.85,29671.85,0,0,0,Low
1767,329,Chicago,3,16177.4,16177.4,0,0,0,Low
1768,379,San Diego,4,5211.22,5211.219999999999,0,0,0,Low
1769,987,Chicago,5,2318.9,2318.9,0,0,0,Low
1770,128,Phoenix,4,8151.8,8151.799999999999,0,0,0,Low
1771,211,Phoenix,1,6247.95,6247.95,0,0,0,Low
1772,860,Los Angeles,5,1585.53,1585.53,0,0,0,Low
1773,527,San Antonio,1,8574.44,8574.44,0,0,0,Low
1774,525,Dallas,3,2963.9,2963.9,0,0,0,Low
1775,252,Houston,4,6393.5,6393.5,0,0,0,Low
1776,917,Houston,5,1677.47,1677.47,1,4676.74,2.79,High
1777,1000,Houston,1,8644.43,8644.43,0,0,0,Low
1778,430,New York,4,10919.46,10919.46,0,0,0,Low
1779,520,San Antonio,2,57462.86,57462.86,2,170442.96000000002,2.97,High
1780,126,Philadelphia,4,3341.03,3341.03,0,0,0,Low
1781,205,San Diego,1,6685.08,6685.08,1,10290.01,1.54,High
1782,459,Houston,1,16311.33,16311.33,0,0,0,Low
1783,88,New York,4,8549.6,8549.6,0,0,0,Low
1784,152,Phoenix,6,9048.85,9048.85,0,0,0,Low
1785,510,San Jose,2,317105.61,317105.61,0,0,0,Low
1786,723,Philadelphia,5,1598.47,1598.47,0,0,0,Low
1787,332,Los Angeles,6,14597.41,14597.41,1,8592.64,0.59,Medium
1788,777,Chicago,5,1500,0,0,0,0,Low
1789,848,Dallas,4,3109.84,3109.84,0,0,0,Low
1790,270,Chicago,5,2174.33,2174.33,1,264.34,0.12,Low
1791,190,Chicago,6,17396.96,17396.96,0,0,0,Low
1792,74,San Diego,2,201747.93,201747.93,0,0,0,Low
1793,3,San Jose,3,58045.58,58045.58,1,18407.94,0.32,Low
1794,646,San Antonio,6,11272.47,11272.47,0,0,0,Low
1795,578,Philadelphia,5,2409.66,2409.66,0,0,0,Low
1796,61,San Jose,1,7696.29,7696.29,0,0,0,Low
1797,913,San Diego,4,7365.78,7365.780000000001,0,0,0,Low
1798,698,Philadelphia,2,337395.14,337395.14,0,0,0,Low
1799,426,San Antonio,3,26884.04,26884.04,0,0,0,Low
1800,136,New York,4,7603.5,7603.5,0,0,0,Low
1801,311,Dallas,5,2235.63,2235.63,0,0,0,Low
1802,242,San Diego,1,6575.19,6575.1900000000005,0,0,0,Low
1803,649,San Antonio,5,1766.46,1766.46,1,9953.42,5.63,High
1804,886,Phoenix,3,38720.51,38720.51,1,10385.54,0.27,Low
1805,5,Dallas,3,121644.13,121644.12999999999,0,0,0,Low
1806,765,Chicago,4,7373.32,7373.32,0,0,0,Low
1807,652,San Antonio,1,8750.55,8750.55,0,0,0,Low
1808,939,Philadelphia,2,31206.8,31206.8,1,17628.07,0.56,Medium
1809,921,San Antonio,4,8238.99,0,0,0,0,Low
1810,644,Phoenix,4,4337.16,4337.16,0,0,0,Low
1811,910,San Diego,3,11263.78,11263.78,1,2002.15,0.18,Low
1812,784,Phoenix,3,7781.28,7781.28,0,0,0,Low
1813,26,San Antonio,1,6549.78,6549.780000000001,1,11471.58,1.75,High
1814,631,San Antonio,4,13485.88,13485.88,1,101217.56,7.51,High
1815,613,Phoenix,5,1911.01,1911.01,0,0,0,Low
1816,195,Philadelphia,2,135352.27,135352.27000000002,0,0,0,Low
1817,81,San Antonio,1,12793.3,12793.3,0,0,0,Low
1818,570,San Diego,3,37436.1,37436.1,0,0,0,Low
1819,540,Philadelphia,2,110669.68,110669.68,0,0,0,Low
1820,12,Dallas,1,8196.1,8196.1,0,0,0,Low
1821,72,San Antonio,1,12285.68,12285.68,0,0,0,Low
1822,301,New York,3,70931.06,70931.06,0,0,0,Low
1823,690,Houston,6,6781.43,6781.43,0,0,0,Low
1824,49,Dallas,5,2800.62,0,0,0,0,Low
1825,197,Chicago,3,24695.4,24695.4,0,0,0,Low
1826,716,San Antonio,6,10487.34,10487.34,1,2673.13,0.25,Low
1827,794,Phoenix,4,30298.2,30298.2,0,0,0,Low
1828,843,Philadelphia,4,4459.1,4459.1,0,0,0,Low
1829,516,Philadelphia,3,9055.87,9055.869999999999,0,0,0,Low
1830,126,Philadelphia,2,25442.17,25442.17,1,63128.04,2.48,High
1831,719,Phoenix,3,8338.8,8338.8,0,0,0,Low
1832,333,San Diego,1,14657.62,14657.62,1,50552.15,3.45,High
1833,371,Chicago,5,2418.35,2418.35,0,0,0,Low
1834,34,Dallas,4,8302.11,0,0,0,0,Low
1835,785,Houston,5,2231.19,2231.19,0,0,0,Low
1836,438,San Antonio,4,5930.65,5930.65,0,0,0,Low
1837,332,Los Angeles,1,14105.86,14105.86,0,0,0,Low
1838,349,San Diego,6,8303.14,8303.14,0,0,0,Low
1839,409,Houston,5,1621.85,1621.85,0,0,0,Low
1840,304,Philadelphia,1,8082.2,8082.2,2,41618.7,5.15,High
1841,852,Philadelphia,5,2266.04,2266.04,0,0,0,Low
1842,752,New York,5,1500,1500,0,0,0,Low
1843,635,Houston,3,66843.39,66843.39,0,0,0,Low
1844,320,New York,1,6702.78,0,0,0,0,Low
1845,391,Phoenix,1,5590.78,5590.78,1,12722.78,2.28,High
1846,641,Houston,4,4121.32,4121.32,0,0,0,Low
1847,966,Philadelphia,1,11325.3,11325.3,0,0,0,Low
1848,619,Philadelphia,1,11714.43,11714.43,0,0,0,Low
1849,860,Los Angeles,2,212853,212853,0,0,0,Low
1850,319,Los Angeles,5,2365.96,2365.96,0,0,0,Low
1851,893,San Jose,6,70000,70000,1,122151.72,1.75,High
1852,919,Los Angeles,5,2147.95,2147.95,0,0,0,Low
1853,141,Chicago,1,8190.23,8190.2300000000005,0,0,0,Low
1854,725,Philadelphia,2,94745.07,94745.06999999999,0,0,0,Low
1855,542,San Antonio,6,10301.37,10301.369999999999,0,0,0,Low
1856,215,New York,5,2151.9,2151.9,0,0,0,Low
1857,240,Chicago,3,27078.02,27078.02,0,0,0,Low
1858,924,Houston,3,26315.3,26315.3,0,0,0,Low
1859,705,Chicago,3,28499.82,28499.82,0,0,0,Low
1860,662,Los Angeles,2,399166.66,399166.66,1,869264.42,2.18,High
1861,475,San Jose,1,9480.71,9480.71,0,0,0,Low
1862,219,Chicago,2,366135.88,366135.88,0,0,0,Low
1863,669,Philadelphia,6,21845.01,21845.01,1,98604.54,4.51,High
1864,703,Chicago,2,318227.58,318227.58,0,0,0,Low
1865,784,Phoenix,1,8014.07,8014.07,1,13462.24,1.68,High
1866,823,San Antonio,1,15002.7,15002.7,0,0,0,Low
1867,625,Phoenix,3,24800.1,24800.100000000002,0,0,0,Low
1868,595,Dallas,6,5119.83,5119.83,0,0,0,Low
1869,900,Dallas,2,468455.99,0,0,0,0,Low
1870,896,Dallas,4,7300.32,7300.32,1,70239.76,9.62,High
1871,705,Chicago,3,8818.18,0,0,0,0,Low
1872,152,Phoenix,4,6833.91,6833.91,0,0,0,Low
1873,946,Houston,3,70980.78,70980.78,0,0,0,Low
1874,252,Houston,1,7608.88,7608.88,1,14292.48,1.88,High
1875,470,Philadelphia,5,4443.91,4443.91,0,0,0,Low
1876,445,Phoenix,3,29988.79,29988.79,0,0,0,Low
1877,17,Chicago,6,12678.72,12678.720000000001,0,0,0,Low
1878,928,San Jose,5,2610.37,2610.37,1,4874.66,1.87,High
1879,977,Houston,3,31094.38,31094.38,2,25020.440000000002,0.8,Medium
1880,954,Los Angeles,2,348472.99,348472.99,0,0,0,Low
1881,655,Phoenix,6,118433.7,118433.7,0,0,0,Low
1882,233,Houston,5,1738.63,1738.63,1,12143.61,6.98,High
1883,889,Los Angeles,5,2043.58,2043.58,2,5812.1900000000005,2.84,High
1884,991,Dallas,2,56436.13,56436.13,1,211965.81,3.76,High
1885,64,New York,1,19469.16,19469.16,0,0,0,Low
1886,150,New York,1,6982.79,6982.79,1,12508.74,1.79,High
1887,414,Dallas,5,1735.06,1735.06,0,0,0,Low
1888,465,San Diego,3,6670.56,6670.5599999999995,0,0,0,Low
1889,607,Philadelphia,2,63288.08,63288.08,0,0,0,Low
1890,457,Los Angeles,1,8013.21,8013.21,0,0,0,Low
1891,694,San Jose,2,80090.93,80090.93,1,313403.03,3.91,High
1892,878,Phoenix,3,11245.48,11245.48,1,2950.58,0.26,Low
1893,251,New York,1,7973.6,7973.6,0,0,0,Low
1894,968,Los Angeles,1,9139.83,9139.83,0,0,0,Low
1895,581,Phoenix,5,1724.91,1724.9099999999999,0,0,0,Low
1896,570,San Diego,1,8719.68,8719.68,0,0,0,Low
1897,465,San Diego,1,7953.99,0,0,0,0,Low
1898,581,Phoenix,1,6327.22,6327.219999999999,0,0,0,Low
1899,901,San Diego,6,67609.1,0,0,0,0,Low
1900,883,San Diego,6,14997.67,14997.67,0,0,0,Low
1901,764,Dallas,5,2166.11,2166.11,1,1962.39,0.91,Medium
1902,968,Los Angeles,1,14340.26,14340.26,0,0,0,Low
1903,331,Dallas,5,3910.42,3910.42,0,0,0,Low
1904,519,San Jose,2,196222.75,196222.75,0,0,0,Low
1905,135,San Diego,3,21436.72,21436.719999999998,0,0,0,Low
1906,427,Houston,2,35022.73,35022.729999999996,0,0,0,Low
1907,948,New York,2,80151.52,80151.52,0,0,0,Low
1908,293,Chicago,2,122002.58,122002.58,0,0,0,Low
1909,212,Los Angeles,6,3011.26,3011.26,0,0,0,Low
1910,342,San Jose,6,5232.27,5232.27,0,0,0,Low
1911,246,Chicago,6,34382.35,34382.35,0,0,0,Low
1912,466,Dallas,6,2899.56,2899.56,0,0,0,Low
1913,758,Philadelphia,4,5424.05,5424.05,0,0,0,Low
1914,859,San Diego,5,2141.11,2141.11,0,0,0,Low
1915,619,Philadelphia,5,2136.18,2136.18,0,0,0,Low
1916,479,Chicago,5,5277.36,5277.36,0,0,0,Low
1917,839,Houston,6,3992.91,3992.91,0,0,0,Low
1918,469,Phoenix,6,7492.34,7492.34,0,0,0,Low
1919,849,San Antonio,3,91838.79,91838.79000000001,0,0,0,Low
1920,556,Los Angeles,2,72346.73,72346.73000000001,0,0,0,Low
1921,381,San Jose,6,9173.74,9173.74,0,0,0,Low
1922,422,Philadelphia,4,140400.38,140400.38,0,0,0,Low
1923,127,Philadelphia,5,1722.92,1722.92,0,0,0,Low
1924,400,Phoenix,5,2182.24,0,0,0,0,Low
1925,640,San Diego,5,2048.68,2048.6800000000003,0,0,0,Low
1926,389,San Antonio,6,36607.13,36607.130000000005,0,0,0,Low
1927,550,San Diego,6,4997.74,4997.74,2,37219.99,7.45,High
1928,804,Los Angeles,6,3707.25,3707.25,0,0,0,Low
1929,583,Dallas,4,6648.26,6648.26,0,0,0,Low
1930,848,Dallas,4,6336.79,6336.79,0,0,0,Low
1931,651,Philadelphia,2,65856.63,65856.63,0,0,0,Low
1932,14,Houston,2,97450.9,0,0,0,0,Low
1933,86,San Jose,2,57613.97,57613.97,0,0,0,Low
1934,797,Chicago,4,312941.61,312941.61,0,0,0,Low
1935,311,Dallas,2,570271.56,570271.56,0,0,0,Low
1936,560,San Diego,4,8468.64,8468.64,0,0,0,Low
1937,433,Dallas,5,1962.4,0,0,0,0,Low
1938,769,Philadelphia,4,7153.57,7153.57,0,0,0,Low
1939,941,Philadelphia,1,6643.46,6643.46,0,0,0,Low
1940,62,San Antonio,3,18715.96,18715.96,0,0,0,Low
1941,674,Philadelphia,6,1139442.2,1139442.2,0,0,0,Low
1942,245,Dallas,4,2538.19,2538.19,0,0,0,Low
1943,650,Los Angeles,2,192788.98,192788.98,0,0,0,Low
1944,539,San Diego,4,7078.33,7078.33,3,190735.37,26.95,High
1945,317,Chicago,1,12554.64,12554.64,0,0,0,Low
1946,365,Phoenix,6,22808.93,22808.93,0,0,0,Low
1947,580,Dallas,4,5748.84,5748.84,1,57005.9,9.92,High
1948,179,San Jose,3,38818.08,38818.08,0,0,0,Low
1949,48,San Antonio,1,153134.4,153134.4,0,0,0,Low
1950,149,San Diego,6,18111.32,18111.32,1,63699.7,3.52,High
1951,347,San Diego,1,9964.03,9964.03,0,0,0,Low
1952,604,New York,4,4135.4,4135.4,0,0,0,Low
1953,75,San Antonio,5,2021.29,2021.29,0,0,0,Low
1954,607,Philadelphia,5,2067.89,2067.89,0,0,0,Low
1955,175,San Diego,4,6955.92,6955.92,0,0,0,Low
1956,547,San Diego,5,2310.83,2310.83,1,3567.57,1.54,High
1957,990,New York,3,33929.54,33929.54,0,0,0,Low
1958,681,Phoenix,1,14763.13,14763.130000000001,0,0,0,Low
1959,477,Chicago,5,2281.83,2281.83,0,0,0,Low
1960,399,Chicago,4,4837.37,4837.37,0,0,0,Low
1961,281,Phoenix,5,1934.44,1934.44,0,0,0,Low
1962,430,New York,1,9256.44,9256.44,1,17209.08,1.86,High
1963,484,San Jose,2,229898.72,229898.72,0,0,0,Low
1964,545,San Antonio,6,13425.09,13425.09,1,27001.91,2.01,High
1965,678,Dallas,5,2417.55,2417.55,1,2730.54,1.13,High
1966,922,Phoenix,1,8782.8,8782.8,0,0,0,Low
1967,531,San Diego,2,206638.39,206638.39,0,0,0,Low
1968,277,Los Angeles,1,10802.9,10802.9,0,0,0,Low
1969,90,San Antonio,4,2971.05,2971.05,0,0,0,Low
1970,690,Houston,4,5590.98,5590.98,1,74715.81,13.36,High
1971,284,Houston,1,6479.15,6479.15,1,13142.42,2.03,High
1972,236,Los Angeles,3,27737.08,27737.08,1,2288.05,0.08,Low
1973,108,Houston,4,2527.37,2527.37,0,0,0,Low
1974,680,Philadelphia,5,1500,1500,0,0,0,Low
1975,949,Chicago,4,10674.62,10674.62,0,0,0,Low
1976,202,San Jose,4,161456.2,161456.2,0,0,0,Low
1977,466,Dallas,1,6072.91,6072.91,1,7625.76,1.26,High
1978,362,Philadelphia,6,4413.82,4413.82,0,0,0,Low
1979,730,Houston,4,2861.89,2861.89,1,22545.21,7.88,High
1980,560,San Diego,1,12993.74,12993.74,0,0,0,Low
1981,840,Phoenix,5,1941.31,1941.31,1,3711.98,1.91,High
1982,352,Phoenix,2,153500.98,153500.98,0,0,0,Low
1983,661,Los Angeles,5,1932.6,1932.6,1,5432.78,2.81,High
1984,516,Philadelphia,5,20329.49,20329.49,0,0,0,Low
1985,1,San Diego,1,13812.66,13812.66,1,38866.41,2.81,High
1986,555,San Antonio,6,8299.49,8299.49,0,0,0,Low
1987,700,San Diego,3,11877,11877,0,0,0,Low
1988,440,Dallas,5,1999.64,1999.64,1,13517.45,6.76,High
1989,916,Los Angeles,2,135631.09,135631.09,0,0,0,Low
1990,251,New York,5,5183.94,5183.94,0,0,0,Low
1991,950,Chicago,4,4045.99,4045.9900000000002,0,0,0,Low
1992,733,Los Angeles,6,53965.06,53965.06,0,0,0,Low
1993,253,San Diego,4,6067.01,6067.01,0,0,0,Low
1994,604,New York,2,169672.29,169672.29,0,0,0,Low
1995,945,San Jose,3,10606.45,10606.449999999999,0,0,0,Low
1996,438,San Antonio,5,1500.01,1500.01,0,0,0,Low
1997,932,Phoenix,2,461208.86,461208.86,1,221663.03,0.48,Low
1998,711,New York,1,7974.68,7974.68,0,0,0,Low
1999,788,San Antonio,5,1500,1500,1,435,0.29,Low
2000,453,San Jose,4,7557.86,7557.86,1,59399.39,7.86,High
2001,318,Chicago,1,15317.22,15317.22,0,0,0,Low
2002,289,Dallas,3,180057.92,0,2,40018.14,0.22,Low
2003,404,San Diego,5,2436.07,2436.07,0,0,0,Low
2004,942,Philadelphia,3,25564.62,0,0,0,0,Low
2005,160,Houston,2,154417.49,154417.49,0,0,0,Low
2006,247,Philadelphia,6,6239.28,6239.28,0,0,0,Low
2007,202,San Jose,5,1791.91,1791.9099999999999,0,0,0,Low
2008,167,San Jose,1,15506.54,15506.54,0,0,0,Low
2009,82,San Antonio,6,7609.19,7609.1900000000005,0,0,0,Low
2010,130,Philadelphia,5,2146.84,2146.84,1,3831.54,1.78,High
2011,865,San Diego,3,63128,63128,0,0,0,Low
2012,100,San Diego,2,312346.92,312346.92,0,0,0,Low
2013,149,San Diego,4,2063.07,2063.07,0,0,0,Low
2014,815,Los Angeles,6,5286.34,5286.339999999999,0,0,0,Low
2015,618,Chicago,6,6884.05,6884.05,1,8441.75,1.23,High
2016,209,Philadelphia,1,11503.35,11503.349999999999,0,0,0,Low
2017,776,Dallas,6,10873.74,10873.74,0,0,0,Low
2018,535,Philadelphia,6,15025.91,15025.91,0,0,0,Low
2019,963,Phoenix,4,7942.12,7942.12,1,133394.2,16.8,High
2020,135,San Diego,3,33161.57,33161.57,0,0,0,Low
2021,338,Phoenix,3,122049.61,122049.61,0,0,0,Low
2022,96,Phoenix,6,359312.51,359312.51,0,0,0,Low
2023,135,San Diego,6,23499.34,23499.34,2,105575.75,4.49,High
2024,3,San Jose,3,35973.45,35973.45,1,25363.39,0.71,Medium
2025,545,San Antonio,5,1669.24,1669.24,0,0,0,Low
2026,861,Houston,2,747995.66,747995.66,2,1238070.98,1.66,High
2027,56,Chicago,4,6668.81,6668.81,0,0,0,Low
2028,807,Dallas,6,6655.4,6655.4,0,0,0,Low
2029,138,Dallas,2,119027.5,119027.5,0,0,0,Low
2030,941,Philadelphia,6,6209.07,6209.07,0,0,0,Low
2031,686,San Jose,4,10234.53,10234.53,0,0,0,Low
2032,609,San Diego,2,329828.66,329828.66000000003,0,0,0,Low
2033,742,Phoenix,6,3194.49,3194.49,1,11272.06,3.53,High
2034,507,New York,3,71802.91,71802.91,0,0,0,Low
2035,914,Los Angeles,4,2019.34,2019.34,0,0,0,Low
2036,684,New York,6,10301.09,10301.09,0,0,0,Low
2037,557,Los Angeles,2,118623.14,118623.14000000001,0,0,0,Low
2038,691,Houston,1,11566.48,11566.48,0,0,0,Low
2039,656,San Diego,2,245341.59,245341.59,0,0,0,Low
2040,8,San Antonio,3,70691.69,70691.69,0,0,0,Low
2041,254,Phoenix,3,39307.54,39307.54,1,27548.83,0.7,Medium
2042,577,Los Angeles,1,11411.22,11411.22,0,0,0,Low
2043,815,Los Angeles,2,120728.3,120728.3,0,0,0,Low
2044,413,Houston,6,14126.97,14126.97,0,0,0,Low
2045,237,Phoenix,4,2991.34,2991.34,0,0,0,Low
2046,86,San Jose,1,10061.64,10061.64,0,0,0,Low
2047,185,San Antonio,4,9097.56,9097.56,0,0,0,Low
2048,559,San Diego,5,3145.1,3145.1,0,0,0,Low
2049,134,Houston,4,4035.25,4035.25,0,0,0,Low
2050,193,New York,5,1978.3,1978.3,0,0,0,Low
2051,723,Philadelphia,3,116894.36,116894.36,0,0,0,Low
2052,458,Houston,3,37852.05,37852.05,0,0,0,Low
2053,289,Dallas,2,150564.15,150564.15,0,0,0,Low
2054,277,Los Angeles,2,23686.63,23686.629999999997,0,0,0,Low
2055,660,Dallas,3,74007.99,74007.99,0,0,0,Low
2056,139,San Diego,1,7507.39,7507.389999999999,0,0,0,Low
2057,47,Dallas,5,1726.84,0,1,3933.91,2.28,High
2058,969,New York,5,2577,2577,1,3114.01,1.21,High
2059,34,Dallas,6,5960.47,5960.47,0,0,0,Low
2060,477,Chicago,1,16225.52,16225.52,0,0,0,Low
2061,146,New York,6,11855.12,11855.12,0,0,0,Low
2062,915,San Diego,2,159735.31,159735.31,0,0,0,Low
2063,134,Houston,5,2915.97,2915.9700000000003,0,0,0,Low
2064,12,Dallas,1,8528.27,8528.27,0,0,0,Low
2065,935,San Diego,2,1092034.02,1092034.02,1,2233576.99,2.05,High
2066,886,Phoenix,4,324943.43,324943.43,0,0,0,Low
2067,836,San Diego,6,16422.45,16422.45,0,0,0,Low
2068,840,Phoenix,5,1930.52,1930.52,0,0,0,Low
2069,341,Chicago,5,3050.33,3050.33,0,0,0,Low
2070,784,Phoenix,4,2277.26,2277.2599999999998,0,0,0,Low
2071,151,Los Angeles,4,2347.74,2347.74,0,0,0,Low
2072,572,Houston,3,20456.09,20456.09,0,0,0,Low
2073,582,Houston,2,105756.2,0,0,0,0,Low
2074,512,San Jose,6,3258.11,3258.1099999999997,0,0,0,Low
2075,663,Dallas,1,6605.32,0,0,0,0,Low
2076,617,New York,2,80539.04,80539.04000000001,1,813048.38,10.1,High
2077,569,San Jose,6,3430.26,3430.26,0,0,0,Low
2078,469,Phoenix,2,511340.14,511340.14,0,0,0,Low
2079,471,San Jose,6,8704.93,8704.93,0,0,0,Low
2080,36,Dallas,1,12781.55,12781.550000000001,1,31004.11,2.43,High
2081,253,San Diego,2,136555.91,136555.91,0,0,0,Low
2082,963,Phoenix,1,11012.41,11012.41,0,0,0,Low
2083,248,Phoenix,5,1889.61,1889.61,1,3472.58,1.84,High
2084,608,New York,3,123740.23,123740.23,0,0,0,Low
2085,739,Philadelphia,5,2391.92,2391.92,0,0,0,Low
2086,49,Dallas,2,283450.55,283450.55,0,0,0,Low
2087,303,Chicago,6,12433.5,12433.5,0,0,0,Low
2088,531,San Diego,3,28655.64,28655.64,0,0,0,Low
2089,801,Phoenix,6,10803.69,10803.69,2,65123.18000000001,6.03,High
2090,671,San Antonio,4,6970.31,6970.31,0,0,0,Low
2091,313,San Jose,3,33780.19,33780.19,0,0,0,Low
2092,240,Chicago,3,72267.19,72267.19,1,20133.89,0.28,Low
2093,961,Houston,5,1789.83,1789.83,0,0,0,Low
2094,966,Philadelphia,4,2683.2,2683.2,0,0,0,Low
2095,611,Phoenix,6,5599.48,5599.48,0,0,0,Low
2096,427,Houston,3,75517.75,75517.75,0,0,0,Low
2097,312,New York,6,17781.07,17781.07,0,0,0,Low
2098,199,San Antonio,3,29652.88,29652.88,0,0,0,Low
2099,838,New York,2,164316.11,164316.11,0,0,0,Low
2100,549,Philadelphia,5,2677.85,0,0,0,0,Low
2101,649,San Antonio,5,1499.99,1499.99,1,2315.83,1.54,High
2102,910,San Diego,1,12458.82,12458.82,0,0,0,Low
2103,652,San Antonio,1,9855.47,9855.470000000001,2,8973.28,0.91,Medium
2104,365,Phoenix,6,6842.21,6842.21,1,16339.05,2.39,High
2105,496,New York,3,174626.65,174626.65,1,28337.53,0.16,Low
2106,92,Houston,5,2390.45,2390.4500000000003,0,0,0,Low
2107,316,San Antonio,2,32997.96,32997.96,1,222545.78,6.74,High
2108,571,Los Angeles,5,1500,1500,0,0,0,Low
2109,685,San Antonio,1,9111.14,9111.14,0,0,0,Low
2110,781,Los Angeles,1,15818.88,15818.88,0,0,0,Low
2111,438,San Antonio,2,386751,386751,1,332217.19,0.86,Medium
2112,34,Dallas,3,31138.09,31138.09,0,0,0,Low
2113,985,Dallas,4,30070.41,30070.41,0,0,0,Low
2114,574,Los Angeles,6,13746.24,13746.24,0,0,0,Low
2115,49,Dallas,1,9669.45,9669.45,1,35738.2,3.7,High
2116,159,Dallas,6,19915.14,19915.14,0,0,0,Low
2117,978,Houston,4,5312.35,5312.35,1,39285.09,7.4,High
2118,49,Dallas,2,105567.53,105567.53,0,0,0,Low
2119,114,San Diego,5,2076.61,2076.6099999999997,0,0,0,Low
2120,168,San Diego,3,22438.34,22438.34,0,0,0,Low
2121,631,San Antonio,6,3481.57,3481.57,1,882.33,0.25,Low
2122,305,Los Angeles,4,7404.16,7404.16,0,0,0,Low
2123,371,Chicago,2,1004207.73,1004207.73,0,0,0,Low
2124,282,Phoenix,2,151780.29,151780.29,0,0,0,Low
2125,164,Chicago,5,2711.44,2711.44,1,1756.03,0.65,Medium
2126,575,San Diego,2,30302.2,30302.2,0,0,0,Low
2127,348,Los Angeles,4,4917.6,0,0,0,0,Low
2128,68,Houston,5,2305.9,2305.9,1,3022.26,1.31,High
2129,350,Dallas,6,16420.02,16420.02,1,13961.15,0.85,Medium
2130,426,San Antonio,1,11604.61,11604.61,0,0,0,Low
2131,188,San Diego,1,14972.4,0,0,0,0,Low
2132,375,San Antonio,2,169170.41,169170.41,0,0,0,Low
2133,190,Chicago,3,55159.46,55159.46,1,3102.1,0.06,Low
2134,133,Houston,3,5390.59,5390.59,0,0,0,Low
2135,388,Chicago,6,5129.53,5129.53,1,18376.55,3.58,High
2136,317,Chicago,6,8221.11,8221.11,0,0,0,Low
2137,160,Houston,2,38646.7,38646.700000000004,0,0,0,Low
2138,339,Los Angeles,3,70819.57,70819.56999999999,1,11880.39,0.17,Low
2139,579,Phoenix,1,8484.23,8484.23,0,0,0,Low
2140,986,San Antonio,3,54093.1,54093.1,0,0,0,Low
2141,48,San Antonio,1,14034.06,14034.06,1,23412.83,1.67,High
2142,548,Phoenix,6,7114.58,7114.58,0,0,0,Low
2143,626,Philadelphia,6,17504.4,17504.4,0,0,0,Low
2144,696,Philadelphia,5,1216.21,1216.21,2,3143.5499999999997,2.58,High
2145,513,Chicago,6,6032.41,6032.41,0,0,0,Low
2146,322,Phoenix,2,103294.52,103294.51999999999,1,339145.69,3.28,High
2147,895,San Antonio,5,2088.04,2088.04,0,0,0,Low
2148,950,Chicago,6,7904.71,7904.71,0,0,0,Low
2149,37,Los Angeles,6,8582.81,8582.81,0,0,0,Low
2150,630,San Jose,2,48551.59,48551.59,0,0,0,Low
2151,257,Dallas,1,6174.49,6174.49,0,0,0,Low
2152,942,Philadelphia,3,77635.55,77635.55,0,0,0,Low
2153,683,Phoenix,3,25352.68,25352.68,0,0,0,Low
2154,20,Chicago,1,12818.69,12818.689999999999,0,0,0,Low
2155,360,Chicago,3,5759.58,5759.58,1,2092.76,0.36,Low
2156,561,San Antonio,1,9399.02,9399.02,0,0,0,Low
2157,679,Philadelphia,2,140492.3,140492.3,0,0,0,Low
2158,609,San Diego,3,83046.9,83046.9,0,0,0,Low
2159,466,Dallas,6,12171,12171,1,25705.42,2.11,High
2160,150,New York,3,37566.96,37566.96,0,0,0,Low
2161,943,San Diego,2,119350.45,119350.45,1,500017.9,4.19,High
2162,135,San Diego,6,9310.54,9310.54,0,0,0,Low
2163,264,Houston,6,7266.06,7266.0599999999995,0,0,0,Low
2164,428,San Antonio,1,9044.47,9044.47,1,25382.2,2.81,High
2165,922,Phoenix,1,3572.49,3572.4900000000002,0,0,0,Low
2166,689,San Diego,2,319587.31,319587.31,1,561448.66,1.76,High
2167,188,San Diego,2,472374.6,472374.6,0,0,0,Low
2168,727,Philadelphia,5,1695.03,1695.03,0,0,0,Low
2169,866,San Diego,1,14013.38,14013.38,0,0,0,Low
2170,579,Phoenix,2,173224.6,173224.59999999998,0,0,0,Low
2171,783,Houston,2,1977314.8,1977314.8,0,0,0,Low
2172,918,Philadelphia,2,650137.11,650137.11,0,0,0,Low
2173,857,Dallas,6,14762.71,14762.71,0,0,0,Low
2174,679,Philadelphia,4,3853.34,3853.3399999999997,0,0,0,Low
2175,174,New York,3,76979.19,76979.19,0,0,0,Low
2176,452,Dallas,1,16210.61,16210.61,0,0,0,Low
2177,77,New York,3,30493.36,30493.36,0,0,0,Low
2178,631,San Antonio,2,190269.61,190269.61000000002,0,0,0,Low
2179,118,Chicago,2,102604.38,102604.38,0,0,0,Low
2180,382,Dallas,3,64138.21,64138.21,0,0,0,Low
2181,705,Chicago,3,66663.62,66663.62,0,0,0,Low
2182,566,Philadelphia,5,2601.75,2601.75,0,0,0,Low
2183,527,San Antonio,5,2634.74,2634.7400000000002,0,0,0,Low
2184,98,San Jose,6,2938.86,2938.86,0,0,0,Low
2185,689,San Diego,1,3602.51,3602.5099999999998,0,0,0,Low
2186,737,San Antonio,2,107985.17,107985.17,1,370036.26,3.43,High
2187,668,New York,3,34667.88,34667.880000000005,1,4172.86,0.12,Low
2188,624,San Diego,6,5954.13,5954.13,0,0,0,Low
2189,628,Philadelphia,2,299740.18,299740.18,0,0,0,Low
2190,442,Phoenix,5,1890.19,1890.19,0,0,0,Low
2191,720,New York,3,71384.47,71384.47,0,0,0,Low
2192,365,Phoenix,3,24128.79,24128.79,0,0,0,Low
2193,790,San Jose,1,9713.23,9713.23,2,64141.04,6.6,High
2194,619,Philadelphia,6,17117,17117,0,0,0,Low
2195,923,San Antonio,5,2252.49,2252.4900000000002,0,0,0,Low
2196,710,Dallas,3,5623.14,5623.14,0,0,0,Low
2197,412,San Diego,5,1896.99,1896.99,1,3245.07,1.71,High
2198,911,San Jose,5,2313.94,2313.94,0,0,0,Low
2199,80,San Jose,2,86203.21,86203.21,1,140722,1.63,High
2200,815,Los Angeles,3,9647.46,9647.46,0,0,0,Low
2201,485,Philadelphia,5,1727.58,0,0,0,0,Low
2202,546,New York,4,1701.01,1701.01,0,0,0,Low
2203,407,New York,4,212305.8,212305.8,0,0,0,Low
2204,253,San Diego,1,7537.34,7537.34,0,0,0,Low
2205,831,Los Angeles,2,182610.24,182610.24,0,0,0,Low
2206,828,San Jose,1,6462.62,6462.62,1,13890.64,2.15,High
2207,493,Chicago,3,37652.93,37652.93,0,0,0,Low
2208,757,New York,1,11703.24,11703.24,0,0,0,Low
2209,408,San Jose,6,5498.97,0,0,0,0,Low
2210,336,Los Angeles,3,120714.85,120714.85,0,0,0,Low
2211,13,Philadelphia,3,23437.77,23437.77,0,0,0,Low
2212,850,Dallas,5,2568.64,2568.64,1,2435.44,0.95,Medium
2213,192,Phoenix,1,7101.23,7101.23,0,0,0,Low
2214,426,San Antonio,5,2160.55,2160.55,1,16994.32,7.87,High
2215,34,Dallas,4,7823.38,7823.38,0,0,0,Low
2216,158,New York,2,100653.48,100653.48000000001,0,0,0,Low
2217,399,Chicago,2,100230.77,100230.76999999999,0,0,0,Low
2218,10,Phoenix,6,19940.3,19940.3,0,0,0,Low
2219,583,Dallas,4,8401.63,8401.63,0,0,0,Low
2220,460,San Antonio,4,9480.37,9480.37,0,0,0,Low
2221,821,Dallas,3,9862.17,9862.17,0,0,0,Low
2222,472,New York,5,1612.16,1612.16,1,2525.52,1.57,High
2223,388,Chicago,4,7960.37,7960.37,0,0,0,Low
2224,95,San Diego,6,9882.2,9882.2,1,2637.9,0.27,Low
2225,219,Chicago,1,7303.32,7303.320000000001,0,0,0,Low
2226,736,San Diego,6,8486.75,8486.75,0,0,0,Low
2227,859,San Diego,1,7067.71,7067.71,0,0,0,Low
2228,909,New York,3,93844.38,93844.38,0,0,0,Low
2229,146,New York,4,2861.85,2861.85,0,0,0,Low
2230,991,Dallas,6,20975.99,20975.99,1,79864.81,3.81,High
2231,998,Houston,2,179416.5,179416.5,1,712580.04,3.97,High
2232,554,Dallas,5,2511.2,2511.2,0,0,0,Low
2233,617,New York,2,173769.32,173769.32,0,0,0,Low
2234,333,San Diego,3,128407.77,0,0,0,0,Low
2235,794,Phoenix,3,81456.02,0,0,0,0,Low
2236,223,Chicago,1,6349.89,6349.89,1,13269.63,2.09,High
2237,960,New York,6,65571.72,65571.72,0,0,0,Low
2238,278,Phoenix,2,110780.11,110780.11,1,590803,5.33,High
2239,745,San Antonio,2,117220.39,117220.39,0,0,0,Low
2240,374,Philadelphia,5,1647.08,1647.08,0,0,0,Low
2241,549,Philadelphia,5,1556.61,1556.61,0,0,0,Low
2242,930,San Jose,6,4247.08,4247.08,0,0,0,Low
2243,721,Dallas,4,4047.12,4047.12,0,0,0,Low
2244,357,New York,3,8085.05,8085.049999999999,0,0,0,Low
2245,669,Philadelphia,5,1689.96,0,0,0,0,Low
2246,68,Houston,6,70000,70000,1,72966.3,1.04,High
2247,223,Chicago,5,1854.16,1854.16,0,0,0,Low
2248,925,San Jose,2,79346.21,79346.21,0,0,0,Low
2249,977,Houston,2,231811.07,231811.07,1,452223.43,1.95,High
2250,59,Philadelphia,2,426726.74,426726.74,0,0,0,Low
2251,503,Philadelphia,3,25191.89,25191.89,0,0,0,Low
2252,525,Dallas,6,3576.31,3576.31,0,0,0,Low
2253,706,Phoenix,1,7743.25,7743.25,0,0,0,Low
2254,617,New York,6,6002.28,6002.280000000001,0,0,0,Low
2255,361,New York,2,144504.25,144504.25,1,688735.48,4.77,High
2256,35,Chicago,3,33645.13,33645.13,0,0,0,Low
2257,754,Houston,5,1983.75,1983.75,0,0,0,Low
2258,804,Los Angeles,6,9355.14,9355.14,1,28796.89,3.08,High
2259,681,Phoenix,1,10359.55,10359.55,0,0,0,Low
2260,606,New York,2,95940.2,95940.20000000001,0,0,0,Low
2261,780,Chicago,2,507363.51,507363.51,0,0,0,Low
2262,819,Phoenix,2,203159.53,203159.53,0,0,0,Low
2263,81,San Antonio,6,15944.65,15944.65,0,0,0,Low
2264,910,San Diego,3,10412.39,10412.39,0,0,0,Low
2265,467,San Diego,6,3534.81,0,0,0,0,Low
2266,436,San Antonio,4,7166.45,7166.45,1,26267.12,3.67,High
2267,898,San Antonio,3,165700.3,165700.3,0,0,0,Low
2268,670,Chicago,3,3661.17,3661.17,0,0,0,Low
2269,859,San Diego,5,26880.8,26880.800000000003,0,0,0,Low
2270,553,San Diego,2,364981.58,0,0,0,0,Low
2271,351,Dallas,4,2767.68,2767.68,0,0,0,Low
2272,948,New York,1,15652.33,15652.33,0,0,0,Low
2273,865,San Diego,4,12520.46,12520.46,0,0,0,Low
2274,644,Phoenix,2,44015.56,44015.56,1,92203.08,2.09,High
2275,668,New York,6,8917.43,8917.43,0,0,0,Low
2276,748,Los Angeles,5,1960.77,1960.77,0,0,0,Low
2277,541,San Antonio,3,62243.99,62243.99,1,6809.24,0.11,Low
2278,724,Phoenix,4,7026.41,7026.41,0,0,0,Low
2279,360,Chicago,2,220436.56,220436.56,0,0,0,Low
2280,156,Phoenix,1,15150.57,15150.57,0,0,0,Low
2281,139,San Diego,4,6090.93,6090.929999999999,0,0,0,Low
2282,125,Houston,6,6642.33,0,0,0,0,Low
2283,844,Los Angeles,3,12047.78,12047.78,0,0,0,Low
2284,223,Chicago,5,2319.17,2319.17,1,2338.66,1.01,High
2285,87,Chicago,5,4375.87,4375.87,1,760.78,0.17,Low
2286,671,San Antonio,5,2109.85,0,0,0,0,Low
2287,697,Dallas,1,10837.22,10837.22,0,0,0,Low
2288,186,San Jose,5,1882.41,1882.41,0,0,0,Low
2289,41,Dallas,5,2128.37,2128.37,0,0,0,Low
2290,641,Houston,2,405286.79,405286.79,0,0,0,Low
2291,705,Chicago,3,1335518.1,0,0,0,0,Low
2292,97,San Diego,2,93699.61,93699.61,2,837198.13,8.93,High
2293,667,Phoenix,2,394365.09,394365.09,0,0,0,Low
2294,799,Houston,4,6552.43,6552.43,0,0,0,Low
2295,34,Dallas,5,2198.13,2198.13,0,0,0,Low
2296,645,Philadelphia,2,222052.2,222052.2,0,0,0,Low
2297,792,Los Angeles,4,457184.67,457184.67000000004,1,4623641.69,10.11,High
2298,347,San Diego,6,14278.21,14278.21,0,0,0,Low
2299,525,Dallas,5,1925.19,1925.19,0,0,0,Low
2300,198,Chicago,5,1930.03,1930.03,1,12259.74,6.35,High
2301,607,Philadelphia,6,19278.09,19278.09,1,48749.82,2.53,High
2302,212,Los Angeles,5,2068.52,2068.52,0,0,0,Low
2303,673,Los Angeles,3,30576.5,30576.5,1,3412.64,0.11,Low
2304,456,Chicago,4,7363.04,7363.04,0,0,0,Low
2305,304,Philadelphia,5,2292.95,2292.95,1,5746.12,2.51,High
2306,294,Dallas,6,5843.52,0,0,0,0,Low
2307,286,Los Angeles,2,142617.89,142617.89,0,0,0,Low
2308,61,San Jose,1,15918.9,15918.9,0,0,0,Low
2309,200,San Antonio,6,3942.6,3942.6,0,0,0,Low
2310,182,Chicago,1,9954.62,9954.62,0,0,0,Low
2311,71,San Diego,5,2253,2253,1,4860.77,2.16,High
2312,263,Los Angeles,6,6195.89,6195.89,0,0,0,Low
2313,596,San Antonio,6,16076.54,16076.539999999999,0,0,0,Low
2314,326,Houston,6,3264.2,3264.2,0,0,0,Low
2315,626,Philadelphia,2,254162.77,254162.77,2,973043.3,3.83,High
2316,985,Dallas,3,30571.49,30571.489999999998,0,0,0,Low
2317,557,Los Angeles,2,71436.57,71436.57,1,261697.96,3.66,High
2318,749,Chicago,3,39659.82,39659.82,0,0,0,Low
2319,124,San Antonio,2,119791.6,119791.6,0,0,0,Low
2320,144,Houston,5,2189.29,2189.29,0,0,0,Low
2321,212,Los Angeles,1,10744.18,10744.18,0,0,0,Low
2322,830,Chicago,2,191076.13,0,0,0,0,Low
2323,902,San Jose,3,19928.61,19928.61,2,15677.14,0.79,Medium
2324,387,Houston,1,16325.02,16325.02,1,38461.2,2.36,High
2325,526,Dallas,1,10201.07,10201.07,0,0,0,Low
2326,941,Philadelphia,1,7085.86,7085.86,0,0,0,Low
2327,989,Houston,1,9558.42,9558.42,0,0,0,Low
2328,429,San Antonio,4,17350.45,17350.45,1,13298.72,0.77,Medium
2329,546,New York,5,1618.13,1618.13,0,0,0,Low
2330,902,San Jose,4,6701.11,6701.11,0,0,0,Low
2331,464,Dallas,4,5103.07,5103.07,0,0,0,Low
2332,528,San Jose,5,2014.82,2014.82,0,0,0,Low
2333,225,Chicago,1,258760.8,258760.8,0,0,0,Low
2334,861,Houston,6,14213.38,14213.38,1,6064.36,0.43,Low
2335,344,Dallas,2,103951.32,103951.32,0,0,0,Low
2336,69,Houston,1,11697.23,11697.23,1,7597.67,0.65,Medium
2337,63,San Jose,1,10428.43,10428.43,0,0,0,Low
2338,545,San Antonio,2,370956.55,370956.55,0,0,0,Low
2339,7,Los Angeles,2,136741.72,136741.72,0,0,0,Low
2340,87,Chicago,1,8604.51,8604.51,1,9667.5,1.12,High
2341,135,San Diego,5,2394.01,2394.01,0,0,0,Low
2342,995,Los Angeles,2,180817.93,180817.93,1,449630.43,2.49,High
2343,351,Dallas,3,103253.28,103253.28,0,0,0,Low
2344,606,New York,6,8019.04,8019.04,1,9563.32,1.19,High
2345,230,San Diego,6,5776.95,5776.95,0,0,0,Low
2346,852,Philadelphia,2,152743.33,152743.33,1,894856.1,5.86,High
2347,453,San Jose,3,71720.7,71720.7,1,18716.68,0.26,Low
2348,83,San Jose,2,425573.03,425573.03,0,0,0,Low
2349,864,San Jose,1,9313,9313,1,44852.19,4.82,High
2350,149,San Diego,4,6523.39,6523.39,1,90393.37,13.86,High
2351,722,Chicago,2,144089.72,144089.72,1,145636.13,1.01,High
2352,273,Chicago,3,66766.3,66766.3,0,0,0,Low
2353,282,Phoenix,4,6038.93,6038.93,0,0,0,Low
2354,471,San Jose,2,377928.05,377928.05,0,0,0,Low
2355,606,New York,1,6142.67,6142.67,1,8856.94,1.44,High
2356,859,San Diego,6,29700.03,29700.03,0,0,0,Low
2357,403,San Diego,3,23647.17,23647.17,0,0,0,Low
2358,746,Philadelphia,4,5934.11,0,0,0,0,Low
2359,364,Phoenix,1,8022.32,8022.32,0,0,0,Low
2360,675,Los Angeles,2,454191.04,454191.04,1,785082.83,1.73,High
2361,15,San Jose,2,274978.19,274978.19,0,0,0,Low
2362,11,Philadelphia,2,331335.42,331335.42,0,0,0,Low
2363,351,Dallas,2,51930.13,51930.13,1,253646.99,4.88,High
2364,524,Dallas,1,6390.76,6390.76,0,0,0,Low
2365,383,Chicago,6,3815.19,3815.19,0,0,0,Low
2366,539,San Diego,2,308116.53,308116.53,0,0,0,Low
2367,703,Chicago,3,25691.26,25691.26,0,0,0,Low
2368,860,Los Angeles,4,3186.16,3186.16,0,0,0,Low
2369,445,Phoenix,1,16112.7,16112.7,0,0,0,Low
2370,71,San Diego,5,1917.99,1917.99,0,0,0,Low
2371,988,Phoenix,1,3596.38,3596.38,0,0,0,Low
2372,361,New York,2,159560.89,159560.89,0,0,0,Low
2373,273,Chicago,5,3199.54,0,0,0,0,Low
2374,709,San Antonio,5,2278.71,2278.71,1,3208.29,1.41,High
2375,824,San Jose,4,8774.66,8774.660000000002,1,36366.56,4.14,High
2376,458,Houston,1,15389.53,15389.529999999999,0,0,0,Low
2377,345,Los Angeles,2,206143.69,206143.69,0,0,0,Low
2378,551,Los Angeles,1,6870.45,6870.45,0,0,0,Low
2379,321,Phoenix,2,110235.36,110235.36,0,0,0,Low
2380,531,San Diego,5,2794.02,2794.02,0,0,0,Low
2381,116,San Antonio,5,5182.12,5182.12,0,0,0,Low
2382,299,New York,2,293969.31,293969.31,0,0,0,Low
2383,123,San Antonio,2,158692.28,158692.28,1,543843.37,3.43,High
2384,809,San Antonio,5,1500,1500,0,0,0,Low
2385,744,Chicago,2,264196.67,264196.67,0,0,0,Low
2386,532,Chicago,1,6187.18,6187.18,0,0,0,Low
2387,119,New York,1,5981.23,5981.23,1,11473.97,1.92,High
2388,797,Chicago,6,19356.86,19356.86,0,0,0,Low
2389,276,Philadelphia,4,8901.66,8901.66,1,113748.28,12.78,High
2390,46,Dallas,4,6883.14,6883.139999999999,0,0,0,Low
2391,994,Dallas,2,349452.19,349452.19,0,0,0,Low
2392,878,Phoenix,2,372384.67,372384.67000000004,0,0,0,Low
2393,696,Philadelphia,5,2806.32,2806.3199999999997,1,388.39,0.14,Low
2394,629,Phoenix,3,37297.55,37297.55,0,0,0,Low
2395,189,Philadelphia,4,6292.78,6292.780000000001,0,0,0,Low
2396,752,New York,3,13374.38,13374.38,0,0,0,Low
2397,429,San Antonio,2,249701.67,249701.67,1,871241.89,3.49,High
2398,187,Phoenix,3,73316.1,73316.1,0,0,0,Low
2399,70,San Antonio,2,188929.94,188929.94,0,0,0,Low
2400,223,Chicago,4,4981.01,4981.01,0,0,0,Low
2401,192,Phoenix,5,1500,1500,0,0,0,Low
2402,639,San Jose,6,7163.44,7163.44,0,0,0,Low
2403,349,San Diego,1,9469.18,9469.18,0,0,0,Low
2404,885,Chicago,2,72813.79,72813.79,0,0,0,Low
2405,501,Philadelphia,3,130661.96,130661.96,0,0,0,Low
2406,700,San Diego,2,143576.13,143576.13,0,0,0,Low
2407,555,San Antonio,4,1692.89,1692.89,0,0,0,Low
2408,989,Houston,3,11750.82,11750.82,1,11359.09,0.97,Medium
2409,900,Dallas,2,201587.8,201587.8,2,1321225.68,6.55,High
2410,166,Phoenix,6,3480.98,3480.98,0,0,0,Low
2411,743,Chicago,1,13176.2,13176.2,1,18140.64,1.38,High
2412,899,Philadelphia,5,2241.49,0,0,0,0,Low
2413,226,Philadelphia,4,4417.78,4417.78,0,0,0,Low
2414,509,New York,2,198322.88,198322.88,0,0,0,Low
2415,255,Dallas,2,341102.92,341102.92,0,0,0,Low
2416,807,Dallas,1,7733.17,7733.17,0,0,0,Low
2417,614,New York,5,2778.39,2778.39,0,0,0,Low
2418,968,Los Angeles,3,31267.26,31267.260000000002,0,0,0,Low
2419,390,Philadelphia,1,6826.88,6826.88,0,0,0,Low
2420,660,Dallas,3,12836.62,12836.619999999999,0,0,0,Low
2421,605,Houston,3,27772.41,27772.41,0,0,0,Low
2422,133,Houston,6,10174.96,10174.960000000001,0,0,0,Low
2423,650,Los Angeles,2,101628.81,101628.81,0,0,0,Low
2424,674,Philadelphia,4,5644.05,5644.05,0,0,0,Low
2425,401,Dallas,6,11181.69,11181.69,0,0,0,Low
2426,202,San Jose,6,3962.83,3962.83,0,0,0,Low
2427,972,Phoenix,6,13082.46,13082.46,1,35144.28,2.69,High
2428,330,San Antonio,6,4644.72,4644.72,1,1384.85,0.3,Low
2429,663,Dallas,6,4714.68,4714.68,0,0,0,Low
2430,585,Philadelphia,5,2047.36,2047.36,0,0,0,Low
2431,825,Houston,6,44009.35,44009.35,0,0,0,Low
2432,929,San Diego,3,525006.69,525006.69,2,6084.25,0.01,Low
2433,133,Houston,5,2201.05,2201.05,0,0,0,Low
2434,287,Chicago,3,11066.77,11066.77,1,477.09,0.04,Low
2435,302,San Jose,4,6895.6,6895.6,0,0,0,Low
2436,231,San Antonio,6,17800.09,17800.09,0,0,0,Low
2437,525,Dallas,4,3173.02,3173.02,0,0,0,Low
2438,391,Phoenix,6,6233.44,6233.4400000000005,0,0,0,Low
2439,732,New York,4,5262.2,5262.2,1,13235.65,2.52,High
2440,692,Los Angeles,6,10147.58,10147.58,0,0,0,Low
2441,4,New York,2,266967.53,266967.52999999997,0,0,0,Low
2442,302,San Jose,2,256191.01,256191.01,1,1319619.32,5.15,High
2443,289,Dallas,4,3047.43,3047.4300000000003,0,0,0,Low
2444,886,Phoenix,6,6482.24,6482.24,0,0,0,Low
2445,283,Los Angeles,2,604500.66,604500.66,0,0,0,Low
2446,22,Los Angeles,2,203822.19,203822.19,0,0,0,Low
2447,265,San Jose,2,88428.75,88428.75,0,0,0,Low
2448,112,Los Angeles,1,8258.77,8258.77,1,9273.76,1.12,High
2449,829,Houston,5,2276.13,2276.13,1,4538.31,1.99,High
2450,142,Houston,2,110155.38,110155.38,0,0,0,Low
2451,390,Philadelphia,1,7400.53,7400.530000000001,0,0,0,Low
2452,885,Chicago,4,8529.67,8529.67,0,0,0,Low
2453,692,Los Angeles,2,95295.3,95295.3,1,210577.95,2.21,High
2454,655,Phoenix,3,7269.93,7269.93,2,1056.78,0.15,Low
2455,378,Dallas,4,5135.57,5135.57,0,0,0,Low
2456,953,Chicago,3,26804.77,26804.77,0,0,0,Low
2457,886,Phoenix,1,6387.43,6387.43,0,0,0,Low
2458,523,Los Angeles,1,12162.05,12162.05,2,28443.269999999997,2.34,High
2459,82,San Antonio,4,5347.51,5347.51,0,0,0,Low
2460,659,Philadelphia,3,39625.27,0,0,0,0,Low
2461,134,Houston,1,15866.72,15866.72,0,0,0,Low
2462,803,Chicago,1,6819.14,6819.14,0,0,0,Low
2463,641,Houston,6,15709.66,15709.66,1,45181.06,2.88,High
2464,297,Los Angeles,6,16595.57,16595.57,0,0,0,Low
2465,411,Philadelphia,2,96642.81,96642.81,0,0,0,Low
2466,993,New York,5,1500,1500,0,0,0,Low
2467,807,Dallas,4,3374.79,3374.79,1,11389.41,3.37,High
2468,251,New York,6,12797.6,12797.6,0,0,0,Low
2469,111,San Jose,4,2910.35,2910.35,1,27794.54,9.55,High
2470,593,San Antonio,3,28424.02,28424.019999999997,0,0,0,Low
2471,15,San Jose,6,3787.19,3787.19,2,18866.53,4.98,High
2472,27,Los Angeles,3,150589.86,150589.86,1,18798.68,0.12,Low
2473,211,Phoenix,2,133131.73,133131.73,1,62782.9,0.47,Low
2474,249,San Diego,6,5899.69,5899.69,0,0,0,Low
2475,885,Chicago,1,7935.26,0,0,0,0,Low
2476,304,Philadelphia,3,75914.28,75914.28,0,0,0,Low
2477,502,Houston,4,2433.48,2433.48,0,0,0,Low
2478,260,New York,4,10093.01,10093.01,0,0,0,Low
2479,282,Phoenix,2,230718.9,230718.9,1,325997.47,1.41,High
2480,198,Chicago,1,5985.78,5985.78,0,0,0,Low
2481,449,Houston,4,6537.22,6537.22,0,0,0,Low
2482,834,Philadelphia,1,7198.69,7198.6900000000005,1,15776.67,2.19,High
2483,383,Chicago,4,4301.32,4301.32,1,10739.73,2.5,High
2484,163,New York,4,371228.64,371228.64,0,0,0,Low
2485,89,Dallas,2,244321.23,244321.23,0,0,0,Low
2486,14,Houston,5,1838.02,1838.02,1,2622.78,1.43,High
2487,312,New York,5,1605.5,1605.5,0,0,0,Low
2488,547,San Diego,2,482490.97,482490.97,0,0,0,Low
2489,338,Phoenix,1,6620.01,6620.01,0,0,0,Low
2490,334,Philadelphia,6,1585.67,1585.67,0,0,0,Low
2491,670,Chicago,3,29809.83,29809.83,0,0,0,Low
2492,769,Philadelphia,3,37987.3,37987.299999999996,1,5968.65,0.16,Low
2493,341,Chicago,6,37018.22,37018.22,0,0,0,Low
2494,802,Phoenix,6,21794.72,21794.72,1,124732.44,5.72,High
2495,991,Dallas,3,36386.92,36386.92,0,0,0,Low
2496,368,Phoenix,1,16474.14,16474.14,0,0,0,Low
2497,170,San Diego,5,2087.05,2087.05,0,0,0,Low
2498,90,San Antonio,1,7538.6,7538.6,0,0,0,Low
2499,799,Houston,4,8956.26,8956.26,0,0,0,Low
2500,501,Philadelphia,6,20843,20843,0,0,0,Low