payment_id,policy_id,payment_date,amount,status
1,1319,2022-08-08,4988.49,3
2,2317,2019-11-21,32593.8,1
3,2184,2022-08-21,578.18,1
4,381,2013-03-13,1749.24,1
5,2319,2004-08-28,63484.49,1
6,2242,2020-02-05,1915.9,2
7,421,2013-01-14,3803.48,1
8,769,2015-01-09,6174.8,1
9,407,2008-07-30,245.09,1
10,287,2009-03-14,5667.12,1
11,648,2003-03-03,1337.11,1
12,1068,2017-12-20,4495.45,1
13,1671,1991-09-18,729.02,1
14,763,1999-04-03,45412.97,1
15,1601,2000-10-17,125.3,1
16,278,2018-08-09,3410.27,1
17,1178,1997-12-31,326.72,1
18,651,2024-10-22,2037.29,1
19,2448,2008-10-19,1490.98,2
20,2365,2022-05-25,700.05,1
21,42,2012-09-17,72.9,1
22,2320,2016-06-24,778.47,1
23,1914,2020-12-21,122.38,1
24,447,2011-09-14,4177.51,1
25,2183,2025-03-05,84.76,1
26,939,2014-01-23,1061291.48,1
27,155,2015-04-03,812.39,1
28,2226,2020-06-18,194.17,1
29,951,2026-01-18,217.8,1
30,2410,2023-03-28,141.65,1
31,129,2002-03-04,24637.07,1
32,2442,2026-02-03,41737.26,1
33,1325,2023-06-10,12025.43,1
34,979,2020-04-29,3593.69,1
35,551,2010-03-19,5359.74,1
36,1883,2025-05-17,32.45,1
37,2330,2013-11-11,1464.82,1
38,1591,2022-07-09,8887.86,1
39,87,2015-06-22,1477.85,1
40,2312,2014-07-20,6195.89,1
41,78,2025-01-31,1716.49,1
42,2201,2020-12-09,956.72,3
43,895,2007-01-01,32858.71,1
44,987,2006-11-01,14454.51,1
45,1345,2018-05-14,8299.46,2
46,1892,2005-03-22,4972.88,1
47,2178,2008-02-19,83974.83,1
48,2416,2006-08-29,3540.57,1
49,1849,2026-05-07,12926.37,1
50,1375,2008-03-06,2909.49,2
51,2041,2024-12-22,5418.32,1
52,953,2016-11-22,1189.87,1
53,931,1997-06-06,3626.61,1
54,1445,1993-09-24,1414.0,1
55,444,2006-09-06,57713.74,1
56,2491,2006-08-18,9237.64,1
57,311,2024-05-25,5393.59,1
58,418,2025-03-04,9997.78,1
59,332,2025-02-01,1084.2,1
60,4,2024-07-10,7792.1,1
61,521,2021-10-04,2194.79,1
62,1555,2003-06-21,308.98,1
63,2275,2026-05-24,1096.94,1
64,2056,2005-10-25,16.69,1
65,2244,2002-07-17,2620.43,1
66,361,2018-07-15,6836.65,1
67,1421,1997-06-30,203.48,1
68,1740,2025-09-04,936.73,1
69,1169,2021-07-31,1591.11,1
70,1979,2021-12-06,128.29,1
71,137,2016-06-25,2612.51,1
72,890,2021-06-04,4086.14,1
73,209,2013-02-02,1187.63,3
74,1481,2011-04-07,675.4,1
75,193,2022-10-05,524.47,1
76,1146,2014-07-10,765.76,1
77,1805,2025-12-10,31401.01,1
78,104,2026-04-27,6153.1,1
79,2065,2023-01-05,29766.38,1
80,78,2025-02-25,2114.23,1
81,770,2015-08-16,1394.5,1
82,337,2001-03-28,7030.01,1
83,2455,1999-09-06,346.17,1
84,476,2014-10-21,1405.35,1
85,1092,2022-05-11,3497.89,1
86,1958,2016-02-18,5155.96,1
87,2239,2023-05-23,99860.91,1
88,2457,2024-03-06,5219.79,1
89,833,2017-03-17,5982.25,1
90,1601,1995-01-02,539.51,1
91,481,2020-07-18,3929.02,3
92,2412,2020-02-02,1400.73,3
93,1093,2002-06-01,4102.03,1
94,2083,2019-06-26,523.64,1
95,1233,2007-03-28,153.94,1
96,591,2012-08-27,57673.41,1
97,1672,1998-04-26,20862.44,1
98,666,2019-06-19,1694.04,1
99,2288,2025-06-11,262.35,1
100,1066,2026-04-23,689.81,1
101,1982,2025-01-23,709.76,1
102,2346,2004-06-08,16625.67,1
103,1857,2026-05-13,27078.02,1
104,700,2005-01-02,3072.11,3
105,1193,2023-01-29,1434.49,1
106,2070,2021-04-04,185.12,1
107,790,2026-02-15,601.81,1
108,674,2014-11-09,1624.61,1
109,1764,2015-01-18,706.23,1
110,133,2017-02-24,93562.78,3
111,1901,2007-03-10,306.86,1
112,1162,2009-01-25,1638.98,1
113,1404,2010-01-24,478.04,1
114,2248,2024-02-09,79346.21,1
115,2180,2020-05-07,31629.71,1
116,1412,2026-04-02,2313.13,1
117,436,2026-02-22,742.58,1
118,961,2012-10-23,706.83,1
119,1419,2018-07-03,1097.06,1
120,1226,2020-02-01,6952.84,1
121,1050,2007-11-07,12230.8,1
122,1056,2004-10-31,10729.84,1
123,702,2023-12-02,10277.17,1
124,1452,2026-09-04,35787.84,1
125,139,2023-07-16,10099.99,1
126,526,2021-03-24,1552.18,1
127,340,2022-11-05,2333.31,2
128,619,2025-12-24,2196.35,1
129,1771,2024-09-12,1282.04,1
130,768,2018-11-19,6857.91,1
131,1185,2001-06-05,2308.32,3
132,1658,2009-12-29,10174.01,1
133,943,2017-09-10,2178.08,3
134,139,2014-11-15,6572.96,1
135,1675,2011-08-20,34314.56,1
136,724,2014-07-18,1229.32,1
137,2003,2013-02-07,730.81,1
138,449,2020-08-24,68040.37,3
139,2214,2020-01-14,819.86,1
140,386,2020-12-30,141006.23,1
141,986,2008-06-22,402.81,1
142,2363,2017-01-14,51930.13,1
143,1674,2001-10-05,47283.54,1
144,1165,2022-10-18,2817.19,1
145,2229,2019-02-23,718.72,1
146,1546,2000-09-17,7163.35,1
147,1949,2018-03-19,143365.65,1
148,1581,2022-03-19,171612.18,1
149,123,2003-08-15,88572.51,1
150,869,2016-10-08,49534.17,1
151,2163,2019-01-03,758.76,1
152,1945,2018-09-22,3489.94,1
153,1255,2004-12-12,247.24,1
154,89,2020-03-22,2275.27,1
155,2342,2019-11-27,56828.69,1
156,27,2013-06-04,202.58,1
157,1018,2015-01-28,12154.08,1
158,801,2024-01-27,1525.41,1
159,2326,2023-11-15,2700.05,1
160,2101,2026-07-22,308.02,1
161,2217,2020-04-17,363.09,1
162,507,2025-05-15,5512.62,1
163,1645,2024-07-04,4496.46,1
164,1021,2011-03-02,1559.24,1
165,395,2002-01-08,20703.06,1
166,1760,2012-08-12,352.27,1
167,679,2018-07-10,6576.44,1
168,165,2011-04-27,1053.39,1
169,1926,2023-07-21,4356.55,1
170,604,2008-11-29,16057.7,2
171,2206,2023-07-13,222.25,1
172,209,2008-06-23,617.61,1
173,1147,2016-04-28,8067.28,1
174,540,1992-04-21,2249.14,1
175,1712,2017-09-18,127142.74,1
176,2390,2014-07-10,6133.71,3
177,354,2016-10-22,1549.81,1
178,1525,2018-12-22,907.77,1
179,2073,2012-10-18,70821.15,3
180,1064,2013-03-11,4242.32,1
181,341,2009-12-25,98330.56,1
182,534,2004-01-06,4440.37,1
183,159,2002-02-24,800.18,1
184,1901,2005-08-27,510.4,1
185,955,2012-07-28,1499.61,1
186,880,2016-03-19,877.4,1
187,145,2022-10-12,1394.05,1
188,815,2019-09-13,182.68,1
189,1104,2001-08-02,5747.21,1
190,217,2012-04-20,512.59,1
191,1743,2022-03-02,1545.46,1
192,1439,2007-11-11,2688.47,3
193,1631,1997-12-15,615.46,1
194,151,2020-04-30,8144.25,2
195,1211,2025-03-16,1412.12,1
196,2352,2018-09-29,13470.34,1
197,1203,2002-01-22,99465.57,2
198,1859,1999-06-30,7271.05,1
199,2040,2016-07-21,12324.09,1
200,2,2024-10-20,26458.5,1
201,740,2013-11-30,960.25,1
202,1835,2015-10-02,86.23,1
203,2369,2019-09-14,4602.22,1
204,1765,2016-12-27,27137.13,1
205,1261,2023-11-23,340.56,1
206,301,2000-05-10,968.02,1
207,2299,1989-02-06,1124.29,3
208,1082,2005-08-04,851.63,1
209,1067,2023-03-19,2242.36,1
210,668,2018-01-28,3607.91,1
211,278,2022-12-04,8028.41,1
212,1325,2024-01-15,4996.9,1
213,1750,2013-05-09,10108.95,1
214,1446,2019-04-29,466.61,1
215,2432,2017-10-10,103449.5,1
216,581,2012-04-19,6787.36,1
217,1671,1998-03-27,469.79,1
218,383,2020-02-05,137065.97,1
219,1383,2023-10-28,830.27,1
220,1523,2009-09-11,111692.01,2
221,460,2026-07-11,43990.02,1
222,1938,2006-04-29,2139.24,1
223,1978,2022-06-01,2288.52,1
224,1174,2014-03-02,1334.16,1
225,813,2024-11-25,15158.61,3
226,745,2012-02-01,3071.1,1
227,379,2022-07-17,4677.34,1
228,2139,2005-09-30,2500.71,1
229,745,2014-09-13,432.44,1
230,1755,2013-01-24,73547.44,1
231,1537,2013-11-04,1896.78,1
232,1073,2019-01-09,1345.76,1
233,961,2009-05-14,1824.72,1
234,217,2013-02-14,113.83,1
235,388,2025-05-02,1838.02,1
236,657,2025-08-09,3621.97,1
237,144,2023-11-25,2047.08,1
238,947,2010-11-13,5055.4,1
239,171,2008-01-08,4430.93,1
240,1758,2023-03-21,21790.05,1
241,1141,2016-04-18,29181.25,1
242,2459,2013-12-16,788.47,3
243,2173,2009-01-08,4214.83,1
244,686,1996-04-15,3998.95,1
245,1482,2015-07-14,44092.68,1
246,548,2024-02-18,1187.78,1
247,1582,2010-03-10,211.83,1
248,2030,2024-04-05,2467.6,1
249,1005,1999-02-13,14904.64,1
250,85,2026-06-24,1226.03,1
251,776,2003-10-24,24203.78,1
252,1849,2025-09-01,9143.42,1
253,1107,2022-03-25,744.52,1
254,976,2020-02-19,2529.19,1
255,786,2021-07-15,24891.33,1
256,596,2021-03-01,6250.84,1
257,715,2021-10-29,7145.89,1
258,466,2005-03-18,783.65,1
259,1350,2001-09-24,186747.98,1
260,2091,2004-01-07,7995.17,1
261,1959,2023-01-10,56.72,1
262,989,2018-02-22,3391.52,1
263,2334,2013-12-18,5382.37,1
264,1844,2013-08-30,4621.88,3
265,316,2017-03-03,6064.42,2
266,881,2025-12-16,156601.53,1
267,214,2026-04-30,308.48,1
268,2091,2003-08-11,7241.2,1
269,2096,2026-06-25,23714.63,1
270,889,2019-04-10,732.5,1
271,1050,2005-12-16,22619.18,1
272,694,2021-01-12,29245.42,2
273,715,2021-02-24,5128.51,1
274,1495,2007-01-16,8579.72,1
275,705,2023-11-15,87098.75,1
276,2470,2013-06-14,16945.28,1
277,1883,2021-05-01,1005.54,1
278,20,2010-01-03,2350.7,1
279,715,2022-04-21,18050.85,1
280,573,2024-11-17,2721.01,1
281,2455,1999-04-12,2584.73,1
282,901,2011-04-02,25819.96,1
283,1519,2010-08-25,2283.11,1
284,934,1997-07-09,158790.51,1
285,377,2016-08-01,977.2,1
286,2107,2014-02-09,13734.55,1
287,585,1992-06-04,4452.68,3
288,1317,1991-11-07,1643.21,1
289,2281,2000-09-12,1060.53,1
290,348,2020-05-15,5920.99,1
291,2008,2016-06-08,1439.63,1
292,2086,1998-07-17,144631.78,2
293,2099,2012-05-05,115117.12,1
294,1346,2005-12-13,1398.45,1
295,1631,1997-10-26,743.95,1
296,603,2010-04-29,5748.67,2
297,1647,2026-08-18,751.55,1
298,1128,1992-02-07,2373.92,1
299,1357,2023-06-09,1125.9,1
300,1600,2019-12-03,58597.5,3
301,1345,2018-08-15,10517.78,1
302,1207,2007-07-23,946.67,1
303,1123,2018-09-17,1417.18,1
304,334,2023-01-15,886.43,1
305,151,2020-04-05,8863.78,3
306,1041,2021-06-18,2163.0,1
307,1406,2013-09-01,1535.89,1
308,1544,2019-06-27,51241.2,1
309,233,2015-09-29,1122.26,1
310,1420,2019-04-05,8881.46,1
311,2305,2009-07-13,582.08,1
312,711,2006-09-29,29508.76,1
313,1606,2025-11-30,1840.79,1
314,1419,2017-10-04,640.44,1
315,2367,2016-01-23,11834.32,1
316,2095,2014-02-24,5599.48,1
317,892,2017-11-24,1841.86,1
318,420,2024-10-21,847.07,1
319,1408,2021-11-21,889.83,1
320,2286,2025-02-21,70.65,2
321,266,2025-09-27,772.25,1
322,1104,1999-06-02,4268.14,1
323,2437,1988-05-26,289.96,1
324,1970,2026-08-21,1473.54,1
325,1702,2022-10-27,1320.92,1
326,349,1986-08-16,12335.62,3
327,1777,2024-03-26,3615.85,1
328,2040,2014-01-22,13014.5,1
329,56,2025-12-07,58623.02,1
330,1679,2024-08-25,1770.14,1
331,2001,2009-07-19,439.08,1
332,389,2025-06-16,4684.55,1
333,2014,2011-09-20,5076.73,1
334,2226,2020-06-24,1110.39,1
335,908,1995-07-16,909.0,1
336,26,2026-04-06,2054.51,1
337,418,2024-06-06,18253.84,1
338,1469,2011-03-10,1122.54,1
339,1649,2013-04-24,28142.37,1
340,1726,2019-03-13,49113.36,3
341,1609,2024-07-04,33132.49,1
342,2171,2021-06-19,1489091.62,1
343,1759,2024-05-12,638.96,1
344,1099,2022-10-22,3.78,1
345,759,2012-08-19,4749.28,1
346,1286,2024-06-12,537.2,1
347,328,2020-11-16,48164.31,1
348,761,2025-07-23,507.33,1
349,545,2008-01-10,120261.73,1
350,2148,2017-04-30,4504.08,1
351,2197,2011-11-15,221.34,1
352,1327,2015-04-02,18302.12,1
353,1032,2025-07-12,130746.1,1
354,159,2003-08-13,370.97,1
355,1673,2022-06-02,2369.74,1
356,1412,2026-05-24,2305.66,1
357,984,2005-03-20,380.83,1
358,1864,2014-08-19,99459.93,1
359,2133,1999-06-23,17002.64,1
360,33,1993-11-24,9428.95,1
361,1005,1995-09-13,6703.3,1
362,1982,2025-04-22,11203.87,1
363,1968,2022-07-14,7787.02,3
364,522,2009-02-18,1201.64,1
365,1851,2022-06-02,21584.65,1
366,1030,2015-01-02,2263.44,1
367,2498,2024-12-23,4490.76,1
368,2001,2011-03-13,2694.69,1
369,755,2014-01-30,1216.74,1
370,1875,2019-01-02,1719.7,1
371,499,2015-12-28,3786.47,1
372,1106,2025-11-09,663.14,1
373,771,2023-06-30,38316.5,1
374,745,2016-12-03,579.04,1
375,416,2018-12-25,95797.07,1
376,179,2025-03-03,482.86,1
377,890,2019-08-12,3977.99,1
378,2227,2023-06-10,3063.89,1
379,315,2003-02-28,4643.64,1
380,1852,1985-07-28,903.71,1
381,2259,2017-11-29,3799.15,1
382,486,2004-11-05,11097.56,1
383,2485,2024-06-13,244321.23,1
384,623,2023-07-21,5051.26,1
385,1143,2021-09-19,10553.31,1
386,658,2004-02-26,5450.83,1
387,744,2008-01-15,58359.76,1
388,197,2022-12-07,866.45,1
389,147,2022-04-19,6696.72,1
390,394,2002-01-15,79502.64,1
391,714,2011-01-26,1912.57,1
392,967,1983-03-16,7232.21,1
393,185,2001-12-16,4515.64,1
394,2117,2010-12-26,1459.19,1
395,1640,2012-09-24,2640.29,1
396,83,2026-05-08,114263.86,1
397,857,2022-04-10,3834.86,1
398,1366,2024-11-22,1450.64,1
399,2144,2025-04-04,136.3,1
400,1037,2010-06-26,18207.59,2
401,1455,2014-12-19,8.11,1
402,1151,2015-07-03,2370.62,1
403,1947,2012-01-10,1582.46,1
404,360,2021-01-31,3435.31,1
405,6,2016-04-16,4827.74,1
406,418,2024-07-21,10897.09,1
407,224,2014-05-22,2972.41,1
408,691,2014-06-06,129.22,1
409,964,2026-05-26,2058.01,1
410,184,2021-03-09,1222.57,1
411,2160,2025-04-12,6796.11,1
412,355,2008-01-10,1598.32,1
413,2221,2017-10-16,3663.48,1
414,373,2001-03-18,1098.55,1
415,344,2021-10-10,48219.82,3
416,1644,2022-01-11,2816.48,1
417,89,2020-04-02,2625.39,1
418,208,1992-02-15,27341.92,1
419,2207,2004-04-27,15425.34,1
420,969,2024-05-07,642.06,1
421,2491,2006-04-25,6889.74,1
422,752,2013-08-28,2319.58,1
423,377,2008-07-24,787.17,1
424,2489,2019-02-14,6620.01,1
425,1983,1979-09-01,395.05,1
426,2155,2011-05-13,5759.58,1
427,1994,2022-09-09,4317.58,1
428,962,2021-03-07,1820.31,3
429,548,2024-04-05,231.85,1
430,122,2012-06-01,12504.74,1
431,1950,2015-09-04,8506.04,1
432,2192,2000-07-22,8398.57,1
433,1322,1992-07-03,219930.15,1
434,1807,2018-08-09,5276.19,1
435,2386,2004-02-28,3482.99,1
436,67,2022-02-02,298.3,1
437,1111,2018-01-03,1725.92,1
438,617,2001-10-24,2288.06,1
439,2337,2003-10-28,3688.76,1
440,131,2018-05-13,74315.97,1
441,564,2016-02-28,835.89,1
442,645,2015-05-09,803.57,2
443,736,2013-02-08,409.8,1
444,1082,2018-05-13,44.94,1
445,583,2011-03-04,2973.08,1
446,2087,2020-11-05,12433.5,1
447,1810,2001-08-24,262.54,1
448,2421,2014-03-25,7836.57,1
449,1907,2023-08-01,20696.08,1
450,1287,2014-03-26,140042.16,1
451,143,2013-06-25,26377.6,3
452,775,2001-09-23,1907.92,1
453,1089,2013-08-18,5086.37,1
454,1077,2012-08-06,3862.05,1
455,261,2026-06-30,2116.8,3
456,1425,2021-10-09,1099.12,1
457,946,2012-06-30,288.51,1
458,1986,2021-12-15,5823.95,1
459,46,2026-06-17,318.92,1
460,43,2012-04-09,39747.37,1
461,2330,2013-11-15,1131.89,1
462,1381,2008-02-03,1998.87,1
463,1183,2025-10-20,1074.86,1
464,1490,2010-05-26,77.94,1
465,87,2016-10-30,5388.82,1
466,1571,2024-03-30,488.23,1
467,2375,2025-12-12,8294.79,1
468,2251,1997-12-20,2110.17,1
469,1397,2016-04-22,2887.79,1
470,559,2022-05-03,1345.19,1
471,1922,2021-09-26,22277.93,1
472,1351,2025-02-10,587.09,1
473,477,2015-01-11,47121.09,1
474,1021,2009-03-04,1995.39,1
475,761,2025-10-30,4747.74,1
476,70,2016-12-21,16351.26,1
477,547,2020-11-11,349.05,1
478,790,2026-04-12,2129.97,1
479,375,2022-03-13,4622.36,1
480,2114,2022-02-19,4259.98,2
481,936,2021-11-11,995.14,1
482,2038,2005-03-09,2854.42,1
483,1440,2006-01-17,143995.18,1
484,274,2018-04-10,296.85,1
485,868,1998-08-13,9851.62,1
486,1605,2024-05-15,742.59,1
487,1630,2011-03-22,6450.54,1
488,384,2023-01-22,94.56,1
489,539,2023-05-16,1869.12,1
490,1791,1998-10-10,8153.96,1
491,1310,2021-08-14,153.96,1
492,2013,2017-06-06,624.49,1
493,666,2016-05-01,309.57,1
494,887,2018-09-22,355.37,1
495,829,2015-01-07,3369.33,1
496,1662,2009-01-21,1808.32,1
497,1045,2025-09-18,334.57,1
498,1726,2018-03-09,40437.21,1
499,280,2020-08-09,4404.07,2
500,989,2025-04-02,1087.25,1
501,2283,2013-06-06,2857.4,1
502,973,2022-12-01,975.26,1
503,107,2015-02-16,1585.19,1
504,480,2013-11-15,19844.18,1
505,1991,2014-12-02,3773.55,2
506,698,2013-10-24,7966.77,2
507,308,2015-08-02,2129.33,1
508,1930,2017-01-13,517.6,1
509,1677,2013-10-29,416.52,1
510,913,2011-03-26,417.24,1
511,543,2009-07-01,5446.01,1
512,1307,2022-05-10,2057.98,1
513,1503,1997-02-21,923.13,1
514,541,2024-10-25,60995.43,1
515,662,2025-11-12,37295.01,1
516,638,2014-10-03,1433.02,1
517,2110,2026-07-26,1174.28,1
518,770,2010-12-08,37.56,1
519,1559,2013-08-07,2019.24,1
520,1728,2022-05-18,2184.65,1
521,1542,2014-05-26,10422.44,1
522,2420,2024-01-18,4231.08,1
523,1815,2026-02-09,795.61,1
524,1155,2005-03-31,45934.12,1
525,440,2004-02-18,41198.91,1
526,1527,2015-02-28,10764.72,1
527,2377,2015-12-29,46107.08,1
528,1009,2016-07-16,481.32,1
529,2339,2020-01-21,5123.95,1
530,1940,2024-01-24,4288.0,1
531,206,2012-06-27,2032.21,1
532,167,2016-09-15,177495.54,1
533,1454,2013-02-22,151.52,1
534,907,2006-01-19,11009.05,1
535,1315,2003-10-07,527.26,1
536,82,2021-01-30,495.23,1
537,503,2003-08-17,146.72,1
538,2439,2013-08-08,3176.6,1
539,1018,2010-03-30,23070.74,1
540,1267,2021-11-27,444.95,1
541,620,2005-10-28,80389.87,1
542,1733,2019-05-02,687.75,1
543,1540,2018-02-17,14869.25,1
544,2264,2014-05-15,1437.93,1
545,45,2005-10-16,65640.0,1
546,2056,2012-01-22,1086.8,1
547,2308,2022-07-18,4725.45,3
548,2186,2005-03-27,35465.11,1
549,141,2024-12-18,41354.44,1
550,1469,2020-03-08,2760.46,1
551,726,2021-10-14,6397.18,1
552,2285,2017-08-05,803.13,1
553,2067,2017-06-03,1120.29,1
554,213,2018-09-21,155.71,1
555,703,2019-05-02,546.02,1
556,1757,2023-10-11,11172.03,1
557,948,2002-06-25,3043.6,1
558,1037,2012-02-21,4718.71,1
559,944,2004-04-19,1588.12,1
560,1014,1988-03-25,9937.51,1
561,2106,2014-12-24,71.58,1
562,1833,2000-09-10,320.39,1
563,30,2021-03-13,20974.55,1
564,611,2003-03-21,1071.39,1
565,2157,2016-12-31,56484.49,1
566,1112,2023-12-23,1085.69,1
567,738,2024-08-14,229.57,1
568,649,2013-11-03,1764.19,1
569,1061,2020-02-15,978.04,1
570,263,2008-10-24,2296.75,1
571,614,2017-06-12,9048.02,1
572,359,2010-09-22,746.93,1
573,1681,2023-02-22,32428.87,1
574,49,2011-10-28,21324.58,1
575,85,2026-07-05,1039.92,1
576,1472,2018-06-27,97421.24,1
577,2391,2019-01-28,54737.96,1
578,976,2019-06-18,2522.81,1
579,232,2013-10-21,1531.18,1
580,592,2013-06-15,33.84,1
581,2311,2020-09-23,338.94,1
582,1050,2000-11-10,11895.55,1
583,977,2013-05-18,686.35,1
584,1928,2019-10-05,301.29,1
585,1447,2017-03-30,1721.64,3
586,1893,2025-08-28,1843.63,1
587,2067,2005-01-31,341.97,1
588,2050,2016-01-17,134.22,1
589,1646,2025-11-12,246.31,1
590,1441,2003-03-29,1122.14,1
591,1226,2020-01-09,4439.94,1
592,1922,2021-12-11,28293.98,1
593,1350,2001-07-08,51473.57,1
594,1724,2012-07-02,2059.44,1
595,2361,2024-06-25,60678.15,1
596,1623,2020-09-19,2016.37,1
597,129,2022-04-06,15346.4,1
598,2497,2019-12-06,853.13,1
599,2177,2025-07-08,9351.29,1
600,1365,2008-12-22,359.58,1
601,871,2026-06-09,13582.97,1
602,1789,2021-07-06,389.26,1
603,114,2014-06-22,15023.35,1
604,1280,2026-06-04,4960.89,1
605,2355,2014-08-05,1394.72,1
606,1619,2022-04-03,20137.78,1
607,1281,2023-04-10,2251.61,1
608,2035,2026-04-04,319.21,1
609,2490,1997-11-17,991.41,1
610,110,2025-11-18,4127.11,1
611,1460,2017-08-29,100198.81,2
612,142,2024-12-02,174075.07,1
613,1959,2022-05-28,832.52,1
614,430,2018-12-31,3076.24,1
615,2327,2004-05-19,644.13,1
616,1999,2024-10-11,984.97,1
617,1582,2010-12-23,1829.23,1
618,1867,2017-11-16,9943.19,1
619,946,2012-02-07,888.51,1
620,957,2005-06-08,2165.64,1
621,702,2025-02-24,3538.12,1
622,1715,2019-09-23,723.16,1
623,851,2023-10-07,34227.81,1
624,1870,2024-08-24,2396.56,1
625,713,2017-07-12,1202.22,1
626,2418,2011-09-18,1853.15,1
627,295,2008-08-19,7106.3,1
628,45,2003-09-14,99761.12,1
629,40,2018-12-04,2011.07,1
630,611,2004-09-21,115.68,1
631,794,2002-07-17,19254.03,1
632,1235,2024-02-09,225265.51,2
633,883,2024-06-30,6850.74,1
634,1895,2016-02-20,1124.29,1
635,2364,2023-01-04,1236.32,1
636,1822,2013-08-14,4685.55,1
637,1233,2004-10-09,1065.9,1
638,404,2018-05-15,18063.88,1
639,803,2016-01-07,23905.53,1
640,1390,2020-10-12,9757.94,1
641,1660,2010-11-24,28319.11,1
642,1144,2016-04-05,955.3,1
643,816,2014-03-01,427.67,1
644,1095,2024-12-12,2284.33,1
645,1011,2018-05-31,939.0,1
646,1265,2009-07-14,763.01,1
647,59,2023-04-22,1410.66,3
648,585,1992-10-30,3652.82,1
649,988,2024-05-04,36081.68,1
650,1921,2013-10-31,1932.26,1
651,2287,2015-03-19,1185.41,1
652,1258,2020-09-18,271.68,1
653,48,1996-05-12,985.21,1
654,1571,2021-03-18,1136.25,1
655,1479,2018-07-27,5194.25,1
656,1915,1991-07-11,364.04,1
657,1149,2016-09-22,1419.46,1
658,1947,2008-09-26,41.35,1
659,1418,2021-04-06,24845.03,3
660,2341,2020-10-07,1259.47,1
661,1922,2021-09-20,28484.14,2
662,515,2016-09-06,25120.29,1
663,7,2024-03-24,138483.76,1
664,471,2011-05-20,1045.26,1
665,1971,2018-02-06,1673.62,1
666,1623,2021-01-05,1038.65,1
667,1503,1993-11-22,2849.12,1
668,433,2000-02-22,5104.04,1
669,2423,2018-08-31,17425.44,1
670,1673,2022-05-18,5649.59,1
671,1985,2020-03-25,10116.39,3
672,393,2011-05-30,17312.41,1
673,581,2008-01-09,3569.97,1
674,887,2021-07-13,1793.76,1
675,1783,2005-05-21,980.1,1
676,2266,2016-10-10,1514.27,1
677,2024,2019-09-25,35177.01,3
678,1994,2019-02-19,9842.86,1
679,1271,2006-09-29,708.22,1
680,1811,2012-11-24,5241.96,3
681,536,2018-11-01,1693.2,1
682,929,2005-01-14,227.73,1
683,548,2024-05-17,2529.94,1
684,952,2019-02-19,7912.69,1
685,138,1996-01-22,171813.27,3
686,910,2019-09-02,148698.03,1
687,755,2016-02-18,1020.28,1
688,206,2007-01-15,104.98,1
689,2064,2025-10-30,2369.34,2
690,1436,2017-09-19,1007.99,1
691,2300,2022-10-28,21.46,1
692,2214,2018-03-27,717.97,1
693,1883,2024-12-23,146.38,1
694,1269,2020-08-30,48597.08,3
695,212,2015-07-20,53405.61,1
696,425,2018-07-29,235.72,1
697,2076,2021-05-10,26558.06,1
698,561,2025-01-20,359402.23,1
699,472,2019-05-23,5125.8,1
700,222,2017-02-07,1393.59,1
701,1710,2022-12-10,9582.44,1
702,1144,2016-10-08,1668.58,1
703,693,2012-06-17,2267.76,1
704,832,2013-01-25,7206.41,2
705,891,2010-04-01,9022.55,1
706,1444,1997-05-06,24607.99,1
707,2440,2004-12-14,4300.85,1
708,1868,2017-05-13,2349.48,1
709,272,2025-06-07,5173.94,1
710,1722,2015-10-24,12982.27,1
711,1297,2021-10-03,72069.8,1
712,1073,2013-04-12,710.26,1
713,2086,2003-03-14,81675.43,1
714,1545,2010-07-10,2778.11,1
715,249,2022-02-05,7613.58,1
716,2386,2007-03-12,464.08,1
717,250,2024-11-03,377.69,1
718,2334,2008-03-29,3616.52,1
719,327,2020-08-12,347.27,1
720,2221,2012-08-26,956.88,1
721,1647,2026-07-12,591.58,3
722,2464,2020-09-12,7487.22,1
723,371,2004-02-08,105770.66,1
724,2383,2016-06-26,40522.59,1
725,1257,2023-06-20,3227.59,1
726,1728,2020-09-15,328.45,1
727,149,2001-04-05,29400.3,1
728,698,2013-10-03,20.05,1
729,227,2013-08-09,2618.79,1
730,160,2025-06-27,6781.19,1
731,1421,2001-03-03,5116.12,1
732,2089,2025-09-03,10803.69,1
733,2443,2017-05-12,384.6,1
734,1255,2004-12-22,3780.84,1
735,1340,2023-03-15,27563.78,1
736,1812,2022-10-15,4703.71,1
737,2259,2021-06-20,2791.75,1
738,2202,2002-02-01,406.79,1
739,347,2007-01-19,766.92,1
740,1180,2012-10-13,868.38,1
741,1387,2025-09-25,3049.91,1
742,2195,2004-11-20,438.72,1
743,359,2014-10-24,3964.44,1
744,21,2019-06-02,1980.59,1
745,1368,2012-01-15,28860.67,1
746,1175,2018-09-27,113998.8,1
747,807,2026-05-28,284.03,1
748,896,2021-12-06,8090.41,1
749,1607,2024-03-28,1770.18,1
750,1013,2012-09-19,2784.41,1
751,512,2004-12-02,256.33,1
752,210,1996-01-07,3573.05,1
753,387,2018-06-04,31917.35,1
754,2425,2013-07-09,3205.76,2
755,66,2024-01-16,442.86,1
756,2090,2025-12-13,6970.31,1
757,2365,2021-04-15,567.25,1
758,959,2025-05-24,1536.04,1
759,487,2005-10-02,1958.21,1
760,1085,2026-06-22,3364.38,1
761,1765,2017-09-23,15985.34,1
762,1430,2014-11-25,476.99,1
763,1296,2026-05-28,1332.33,1
764,2500,2025-06-14,1046.64,1
765,1144,2017-02-21,1012.59,1
766,2018,2009-10-02,2198.53,1
767,1623,2020-04-13,1367.29,2
768,1700,2024-04-12,22016.47,1
769,1572,2022-02-13,2392.81,1
770,15,2020-09-19,6608.2,1
771,1194,2016-10-03,888.9,1
772,2454,2013-08-22,7269.93,1
773,1375,2006-06-02,1532.31,1
774,817,2004-11-22,1026.59,1
775,1692,2026-06-29,140.14,1
776,1721,2026-03-11,457.81,1
777,901,2006-03-08,651.44,1
778,1483,2016-09-05,48.02,1
779,1910,2016-08-29,1003.51,1
780,2500,2025-07-18,5454.99,1
781,1678,2015-12-29,94522.72,1
782,911,2014-11-15,1281.27,1
783,2479,2004-05-05,67974.06,1
784,935,2019-07-15,1312.58,1
785,934,1996-09-09,113163.39,1
786,427,2015-04-19,2252.15,1
787,1365,2008-12-19,227.91,1
788,945,2013-12-19,1055.97,1
789,2024,2020-02-12,15750.81,1
790,1005,1991-01-15,7243.28,1
791,1337,2024-06-17,2440.71,1
792,2348,2025-08-18,415923.62,3
793,42,2013-07-26,2157.29,3
794,730,2012-03-04,2176.11,1
795,1617,2020-12-22,163143.75,1
796,1286,2023-02-11,5514.37,1
797,962,2022-03-02,4770.56,1
798,1093,1991-12-06,15654.01,1
799,153,2016-04-03,14925.57,1
800,2284,2023-03-09,2045.24,1
801,2472,2014-11-01,72480.5,3
802,301,2006-04-04,2236.5,1
803,1833,1999-11-27,200.13,1
804,936,2020-10-08,1505.85,1
805,155,2019-02-10,489.98,1
806,1950,2011-11-05,6678.63,1
807,2221,2007-06-05,758.41,1
808,31,2020-03-21,54.54,1
809,1407,2013-06-07,42961.9,1
810,53,2023-03-27,617.88,1
811,1640,2012-06-19,2449.38,1
812,1232,2024-03-19,112.55,1
813,2370,2022-09-15,1011.88,1
814,174,2016-03-30,4682.86,3
815,1107,2021-12-10,850.94,1
816,1584,2009-08-12,2803.24,1
817,1280,2026-06-03,47809.99,1
818,1404,2012-03-16,312.11,1
819,1648,2018-10-07,4670.04,1
820,1391,2011-02-20,21829.72,1
821,1267,2022-07-31,2293.51,1
822,313,2025-08-16,6480.52,3
823,1384,2025-08-11,4475.55,1
824,1522,2002-04-09,5916.97,1
825,1942,2016-09-03,370.39,1
826,1691,2009-04-18,100747.0,1
827,568,2014-12-12,210.83,1
828,1735,2026-05-23,6679.7,1
829,322,2017-03-31,783.83,1
830,1234,2009-06-28,13144.28,3
831,1646,2025-12-30,633.06,1
832,562,1991-10-15,7320.08,1
833,61,2013-06-11,729.33,1
834,1542,2014-05-04,1797.78,1
835,1901,2005-02-03,598.49,1
836,405,2023-10-23,123001.01,1
837,1229,2024-12-03,11210.53,1
838,2120,2026-01-21,18601.71,3
839,1217,2025-12-30,32881.35,1
840,1198,2024-06-30,9279.44,1
841,1333,2021-01-18,2360.66,1
842,1506,2012-11-05,1250.93,1
843,869,2016-08-28,93275.25,1
844,482,1990-08-12,126541.07,1
845,2305,2010-03-31,823.67,1
846,2355,2014-08-04,108.73,1
847,1867,2018-01-06,4482.22,1
848,2419,2022-07-19,3338.6,1
849,2498,2025-01-20,106.56,1
850,1855,2022-05-28,1342.34,1
851,377,2013-04-18,397.72,1
852,2420,2021-12-14,4159.67,1
853,2354,2015-08-02,178020.93,1
854,2307,2001-10-02,11698.64,1
855,1643,2025-12-04,582.81,1
856,1855,2023-10-14,2744.77,1
857,2266,2016-12-05,971.42,1
858,497,2015-03-22,17930.75,1
859,1335,2011-11-11,3804.1,1
860,316,2007-07-08,3891.53,1
861,1518,2020-12-27,30094.59,1
862,2065,2023-09-01,290182.05,1
863,724,2011-08-12,664.08,1
864,1035,2003-02-14,650.64,1
865,1247,2009-02-08,279.5,1
866,1531,2015-02-05,208.94,1
867,1992,2017-06-22,48151.97,1
868,2217,2019-07-17,35069.09,1
869,403,2020-12-11,25449.14,3
870,1721,2026-03-04,621.74,1
871,599,2024-10-26,355.68,1
872,376,2022-10-03,539.75,1
873,1275,2023-08-30,1511.88,1
874,1263,2005-04-16,33741.95,1
875,2107,2014-02-02,1384.47,1
876,601,2018-04-17,4655.19,1
877,729,2012-10-05,829.26,1
878,255,1998-11-29,285.46,1
879,1621,1996-11-25,166.31,1
880,977,2022-09-20,810.43,1
881,1362,2009-09-08,261.55,1
882,1543,2024-02-04,1399.07,1
883,1058,2023-05-10,602.66,1
884,1347,2022-09-13,304.6,1
885,110,2026-06-22,727.97,1
886,212,2013-10-28,75107.31,1
887,799,2023-09-07,3598448.9,1
888,2207,2001-01-10,165.54,1
889,493,2019-12-31,733.98,1
890,1259,2024-10-02,1430.3,1
891,1076,2023-10-20,5382.69,1
892,952,2018-08-19,25831.44,1
893,2199,2024-01-05,28614.59,1
894,468,1999-04-10,4083.59,3
895,1346,2007-01-18,661.07,1
896,380,2008-05-23,7264.04,1
897,1542,2014-05-13,9285.39,1
898,1354,2015-09-12,259.87,1
899,1948,2008-08-13,24967.92,1
900,1338,2001-09-18,15652.53,1
901,2255,2011-06-02,66305.64,1
902,233,2021-07-31,488.92,1
903,207,2019-11-30,1008.9,1
904,1082,2010-09-23,479.33,2
905,534,2006-12-02,3522.87,1
906,2328,2012-05-01,1060.34,1
907,1661,2018-05-28,3793.3,1
908,909,2025-11-23,1026.43,1
909,423,2012-04-01,498.98,1
910,58,2022-03-05,3537.48,1
911,1100,2022-01-12,2033.74,1
912,1369,2011-01-10,1993.96,1
913,412,2022-11-11,1602.23,1
914,1066,2026-04-24,565.57,1
915,2204,2017-03-23,2396.28,1
916,2174,2011-06-06,1132.26,1
917,1498,2011-11-05,13840.7,1
918,1801,2024-12-12,347.52,1
919,1999,2024-12-03,358.34,1
920,1601,1996-08-09,313.13,1
921,2381,2014-07-09,3011.3,3
922,609,2008-11-03,575.65,1
923,1144,2016-05-10,1728.78,1
924,1037,2010-05-24,7082.28,1
925,1385,2026-07-20,535.65,1
926,915,2011-03-19,1638.78,1
927,1160,2020-01-11,2688.65,1
928,806,2005-01-27,644.33,1
929,1641,2021-12-11,8568.19,1
930,1740,2025-05-13,1439.04,1
931,1292,2007-05-27,1627.3,1
932,1203,2009-04-06,55925.28,1
933,1059,2024-06-22,2203.21,1
934,1031,2026-04-13,1423.44,1
935,505,2024-09-28,1421.41,1
936,1973,2026-04-13,26.31,1
937,1716,2009-03-26,90307.8,1
938,2331,2015-11-01,965.62,1
939,384,2021-12-07,1795.6,1
940,2357,2010-05-07,7579.57,1
941,1831,2023-06-10,2832.01,1
942,1339,2017-05-02,619.84,2
943,1157,2022-06-08,2326.88,1
944,658,2004-06-27,38842.67,2
945,666,2016-05-03,2078.17,1
946,1470,2010-01-12,2487.12,1
947,2427,2013-08-06,3417.79,1
948,658,2003-08-03,3528.17,1
949,1885,2016-07-20,9288.22,1
950,1915,1996-11-28,387.28,1
951,1360,2009-12-10,29393.8,1
952,2409,1999-10-02,133022.15,3
953,327,2024-08-17,246.64,1
954,700,2003-04-18,11682.19,1
955,656,2011-08-25,2550.6,1
956,654,2013-03-18,548.76,1
957,530,2026-02-22,329650.53,1
958,381,2013-06-04,2845.49,1
959,1936,2010-08-11,1017.98,1
960,52,2023-09-22,170.38,1
961,243,2004-01-29,2149.62,1
962,691,2012-09-19,215.23,1
963,430,2019-04-19,201.63,1
964,1188,2018-12-29,543.14,3
965,2276,2022-03-08,580.16,1
966,1326,2015-01-26,105361.0,1
967,187,2013-12-30,9039.11,1
968,2436,2003-08-05,4410.75,1
969,1907,2023-08-19,28346.4,1
970,2280,2022-04-03,1996.43,1
971,1358,2009-03-31,16.29,1
972,130,2022-10-17,3108.49,1
973,1262,2020-08-17,1195.87,1
974,1660,2010-01-03,2713.01,1
975,895,2006-07-18,39769.37,3
976,1103,1983-10-30,9532.16,1
977,1849,2025-07-30,920.06,1
978,1039,2005-04-24,10724.57,1
979,851,2023-01-14,16257.35,1
980,1422,2023-11-19,514.32,1
981,1506,2013-06-06,389.64,1
982,1457,2000-02-12,395202.48,1
983,451,2014-04-01,21942.58,1
984,599,2024-11-23,1009.0,1
985,2200,2012-01-26,1633.16,1
986,439,2003-01-09,18053.45,1
987,1088,2010-03-10,1664.5,1
988,2199,2025-04-25,16282.53,1
989,1964,2021-05-28,6325.1,1
990,1148,2025-10-11,714.97,1
991,687,2023-09-25,195.07,1
992,1939,2025-02-02,3405.49,1
993,2317,2018-10-08,23731.04,1
994,2246,1994-04-16,25475.73,1
995,1594,2022-02-11,1089.69,1
996,122,2012-03-16,20716.91,3
997,2024,2021-06-30,10723.55,1
998,2463,2020-12-07,2146.81,1
999,521,2021-05-02,1357.31,1
1000,2314,2020-06-25,894.88,1
1001,1147,2015-02-01,11151.65,1
1002,1080,2008-01-02,21805.62,1
1003,1887,2023-09-23,1735.06,1
1004,2184,2021-12-11,568.83,1
1005,1694,2021-07-02,16569.43,1
1006,2227,2022-05-06,595.93,1
1007,544,2015-10-13,26081.95,1
1008,1198,2024-06-13,13441.44,1
1009,456,2017-12-03,627.01,1
1010,834,2019-11-04,294759.61,1
1011,481,2022-12-07,4974.88,1
1012,1916,2014-12-16,2124.29,1
1013,483,2016-04-17,72568.1,1
1014,1063,2021-09-12,712.74,1
1015,1585,2024-08-11,21.27,2
1016,1091,2016-03-24,1045.67,1
1017,2042,2007-06-22,9410.07,1
1018,2349,2003-08-25,2641.1,1
1019,235,2022-03-19,1634.55,1
1020,2037,2019-04-02,26592.72,1
1021,2321,2011-10-06,1944.83,1
1022,1848,1991-01-17,3632.27,1
1023,844,2020-11-02,7178.45,1
1024,1277,2008-02-24,12718.45,1
1025,2373,2025-12-30,3178.88,3
1026,1512,2022-10-14,80582.22,1
1027,135,2026-04-20,221.32,1
1028,1015,2011-06-28,378.99,1
1029,1365,2008-12-23,436.12,1
1030,499,2016-03-11,2056.43,1
1031,957,2009-09-30,586.85,3
1032,390,2016-04-25,671.11,1
1033,2006,2014-09-03,3352.9,1
1034,182,2023-10-16,381.78,1
1035,128,2008-12-24,12451.19,1
1036,2034,2013-09-26,71802.91,1
1037,1402,2025-04-27,342.05,1
1038,1939,2024-02-11,837.18,1
1039,392,2006-03-15,6058.71,1
1040,1403,2025-12-11,887.63,1
1041,375,2018-02-21,2750.16,1
1042,1416,2024-01-01,7857.49,1
1043,312,2025-05-07,217.15,1
1044,2323,2022-03-03,5649.38,1
1045,1262,2022-01-07,156.95,1
1046,2137,2014-10-29,1037.62,1
1047,684,2024-04-08,1217.86,1
1048,403,2018-06-29,10828.73,1
1049,1999,2026-01-19,156.69,1
1050,1273,2021-12-29,263.1,1
1051,1922,2021-11-21,89828.47,1
1052,2346,2006-04-12,24272.95,1
1053,1356,1986-07-14,938.41,1
1054,2169,2013-10-07,1903.08,1
1055,2001,2009-05-14,5009.71,1
1056,2480,2021-12-25,5985.78,1
1057,2418,2002-04-30,29414.11,1
1058,1082,2013-02-17,131.7,1
1059,303,2014-12-28,23383.67,1
1060,2497,2018-11-07,262.82,1
1061,792,2024-01-23,3532.82,1
1062,1244,2005-05-13,14879.1,1
1063,1064,2016-07-09,3407.61,1
1064,128,2012-08-03,8467.87,2
1065,909,2025-10-03,359.39,1
1066,408,2022-10-01,676.31,1
1067,30,2017-12-05,8052.59,1
1068,2423,2018-02-27,7593.75,1
1069,417,2024-01-18,7376.66,1
1070,1518,2022-01-13,38904.88,1
1071,1362,2006-04-11,5353.89,1
1072,1780,2008-06-09,3341.03,1
1073,1078,2003-07-24,989.38,1
1074,1196,2024-03-03,67832.27,1
1075,1735,2026-05-23,17207.95,1
1076,1819,2008-06-02,19939.71,1
1077,889,2024-09-04,168.01,1
1078,100,2015-02-14,6756.84,1
1079,1176,2003-07-27,9785.64,1
1080,2009,2006-04-12,5971.88,1
1081,1767,2009-02-03,5867.78,1
1082,2287,2014-07-05,1627.57,1
1083,1950,2024-11-22,2926.65,1
1084,1369,2003-03-31,582.98,1
1085,1443,2024-04-24,1176.76,1
1086,885,2007-09-29,4677.37,1
1087,903,2021-09-03,237.77,1
1088,1497,2004-08-21,3533.82,2
1089,1506,2012-12-31,4658.25,2
1090,629,2009-05-28,6764.33,1
1091,2294,2020-10-03,4781.52,1
1092,2037,2018-10-09,75123.82,1
1093,1523,2007-09-27,493783.28,1
1094,2387,2007-01-21,1492.57,1
1095,2321,2013-05-30,1596.88,1
1096,1095,2024-10-24,2425.93,1
1097,30,2020-06-30,25631.53,1
1098,819,2021-11-13,2628.98,1
1099,691,2008-12-19,445.74,1
1100,760,2014-11-18,36926.23,1
1101,2331,2019-06-02,913.49,1
1102,1782,2009-09-05,5420.38,1
1103,2074,2007-07-10,673.72,1
1104,2469,2014-11-18,1462.06,1
1105,547,2011-11-17,520.92,1
1106,2324,2020-01-13,3836.78,1
1107,719,2022-04-28,3063.59,1
1108,641,2017-07-30,8591.84,1
1109,134,2015-05-08,3385.36,1
1110,1665,2007-04-21,4769.31,1
1111,2025,2021-08-05,539.28,1
1112,572,2020-04-01,33.47,1
1113,750,2023-05-25,90313.14,1
1114,113,2000-04-24,4392.17,1
1115,1628,2017-12-04,1659.83,1
1116,678,2018-06-26,2001.9,1
1117,422,2007-04-19,3669.65,1
1118,2425,2016-01-22,2094.73,1
1119,546,2024-09-09,4734.16,1
1120,1678,2013-11-12,38453.8,1
1121,955,2011-05-08,938.98,1
1122,856,2006-09-20,175400.31,1
1123,2464,2020-09-29,4065.01,1
1124,2361,2024-06-20,223141.72,3
1125,2226,2019-11-30,1163.22,1
1126,1416,2020-03-30,8091.44,1
1127,317,2015-04-20,828.72,1
1128,1135,2025-11-21,3573733.54,1
1129,1029,2010-06-20,11567.52,1
1130,1982,2025-07-07,41793.87,1
1131,439,2004-09-13,18575.79,1
1132,1092,2013-07-03,4431.85,1
1133,1253,2024-03-02,993.25,1
1134,354,2011-08-07,3015.74,1
1135,2104,2005-08-20,2283.18,1
1136,804,2021-07-20,2856.03,1
1137,8,2023-10-12,134.89,1
1138,133,2021-02-07,73946.88,1
1139,1945,2021-05-25,2473.8,1
1140,1196,2025-03-20,100290.32,1
1141,853,2026-04-17,2509.6,1
1142,538,2020-05-13,15905.99,1
1143,2346,2003-06-17,4531.14,1
1144,1806,2016-03-16,2794.52,1
1145,1972,2024-06-12,947.08,1
1146,1080,2012-02-28,13114.82,1
1147,1525,2014-04-17,8032.12,1
1148,1979,2019-08-05,533.64,1
1149,671,2010-11-30,606.49,1
1150,1477,2017-05-10,35822.12,1
1151,326,2012-07-11,11897.97,1
1152,397,2025-09-15,1231.41,1
1153,1420,2018-07-29,12233.22,1
1154,1482,2015-11-20,76667.95,1
1155,39,2024-12-04,4721.43,1
1156,1198,2024-04-11,9277.6,1
1157,1960,2021-04-02,171.79,1
1158,2269,2025-06-15,11168.61,1
1159,1242,2021-08-02,17.86,1
1160,2083,2022-10-07,364.52,1
1161,2000,2011-04-12,4892.19,1
1162,1627,2022-08-16,536.38,3
1163,1799,2017-08-26,6694.54,1
1164,688,2019-04-17,2491.48,1
1165,495,2020-06-09,3224.92,1
1166,1077,2010-07-11,2103.43,1
1167,572,2015-10-17,671.31,1
1168,1916,2019-09-09,2335.4,1
1169,805,2019-06-10,3160.65,1
1170,2226,2019-10-11,1264.08,1
1171,2044,2015-02-10,467.19,1
1172,298,2019-02-24,2303.91,1
1173,154,2025-05-02,995.86,1
1174,1856,2026-03-02,419.12,3
1175,1332,2025-12-22,17104.02,1
1176,911,2015-08-08,882.73,1
1177,2200,2011-06-09,402.23,1
1178,1504,2010-06-12,67980.0,1
1179,214,2025-12-19,493.18,1
1180,196,1993-04-11,9752.0,1
1181,115,2005-10-04,15348.7,1
1182,716,2012-11-24,4570.44,1
1183,2332,2025-04-25,494.41,1
1184,2399,2011-03-17,48659.37,1
1185,1109,2025-03-04,5195.14,3
1186,2060,2022-09-23,4666.25,1
1187,2062,2003-09-22,51309.56,1
1188,2450,2025-07-21,18374.96,1
1189,390,2017-07-30,137.84,1
1190,592,2015-06-26,1319.2,1
1191,1249,2025-10-22,149185.03,1
1192,108,2021-05-08,102689.54,1
1193,448,2025-06-02,24334.3,1
1194,951,2026-02-27,690.5,1
1195,1152,2014-07-17,1871.45,1
1196,1919,2021-12-21,12894.45,1
1197,1178,1993-03-17,377.05,1
1198,1681,2022-09-14,126944.71,3
1199,423,2009-11-26,350.18,1
1200,812,2026-07-18,461.81,1
1201,808,2023-11-01,966.34,1
1202,996,1993-02-08,11254.56,1
1203,1001,2015-07-29,1481.48,1
1204,1500,2026-01-18,50908.86,1
1205,466,2005-11-06,2687.72,1
1206,71,2003-07-11,20144.0,1
1207,1732,2025-01-31,4509.2,1
1208,222,2019-01-14,3299.31,1
1209,615,2009-10-13,332.45,1
1210,300,2007-02-22,87241.94,1
1211,893,2024-09-19,45467.68,1
1212,1296,2026-05-23,979.41,1
1213,2056,2010-02-25,3077.24,1
1214,1434,2025-07-02,2510.95,1
1215,1436,2019-12-14,578.22,1
1216,1224,2019-07-11,57454.81,1
1217,1618,2015-09-07,121132.99,1
1218,401,2024-11-18,264.94,1
1219,1444,1995-12-04,71544.09,1
1220,1705,2005-10-29,10030.99,1
1221,1789,2025-12-23,508.95,1
1222,158,2003-06-20,19837.2,1
1223,563,2021-01-30,953.32,1
1224,2247,2022-04-09,332.23,1
1225,2102,2022-01-30,4444.83,1
1226,875,2026-06-24,4345.69,3
1227,682,2021-01-14,2689.5,1
1228,401,2024-12-13,166.93,1
1229,1443,2024-11-25,761.75,1
1230,19,2007-10-16,969.02,1
1231,1640,2018-07-20,1205.52,1
1232,875,2025-12-23,2907.74,1
1233,68,2025-05-27,1885.14,1
1234,1927,2023-01-31,4061.09,1
1235,2348,2026-03-04,142822.96,1
1236,1765,2016-09-15,58231.93,1
1237,151,2019-11-06,7131.59,1
1238,762,2026-04-08,807.21,1
1239,1477,2017-05-23,102473.6,1
1240,2061,2017-07-04,7930.64,3
1241,1738,2015-05-11,4280.51,1
1242,933,2012-12-16,7925.66,1
1243,1465,2025-05-01,519685.26,1
1244,1598,2010-01-03,47588.06,1
1245,184,2021-03-29,1041.77,1
1246,2402,2026-07-10,2593.59,1
1247,1574,1997-03-07,3373.17,1
1248,268,2020-03-30,20560.36,1
1249,2061,2019-11-28,3597.86,1
1250,632,2022-04-26,438.28,1
1251,2179,2024-02-15,59948.78,1
1252,2328,2008-07-17,7740.0,1
1253,352,1991-05-05,13383.85,1
1254,1265,2009-02-05,1167.13,1
1255,268,2019-11-19,15717.29,1
1256,215,2022-08-07,80.25,1
1257,2172,2009-06-08,214174.27,1
1258,2239,2024-01-08,4210.35,1
1259,2338,2022-09-11,101601.24,1
1260,382,2021-02-21,29567.14,1
1261,1753,2016-07-23,147020.83,1
1262,1183,2025-12-19,43.94,1
1263,1873,1979-03-20,38743.76,1
1264,227,2014-02-10,477.76,1
1265,1223,2023-04-15,9558.28,1
1266,1849,2025-10-11,13226.27,1
1267,1562,2026-04-17,2585.24,1
1268,1644,2023-09-02,774.42,1
1269,1263,2025-02-01,11410.25,1
1270,1736,1995-09-03,46.76,1
1271,2307,2000-01-26,44108.04,1
1272,1335,2012-06-26,1663.23,1
1273,2232,2021-03-31,917.13,1
1274,2049,2022-10-22,1149.84,1
1275,1737,2020-03-21,6467.99,1
1276,2103,2016-12-29,4400.88,1
1277,792,2024-07-28,4642.93,1
1278,1987,2006-06-10,4942.87,1
1279,229,2014-02-03,3622.97,1
1280,1771,2022-12-27,3146.37,1
1281,1801,2024-08-20,697.47,1
1282,512,2010-09-27,2016.11,1
1283,1749,2023-06-07,1753.1,2
1284,1729,2005-10-10,209.27,3
1285,414,2019-06-16,1132.86,1
1286,21,2018-10-11,3212.39,1
1287,2195,2004-12-10,244.87,1
1288,131,2018-05-14,111524.96,1
1289,689,2020-06-13,9450.22,1
1290,2183,2025-02-09,2252.61,3
1291,15,2020-10-31,5900.26,1
1292,2236,2023-02-21,1656.06,1
1293,188,2021-03-22,1846.61,1
1294,111,2007-08-10,5373.4,1
1295,1347,2023-01-26,186.16,1
1296,2386,2004-12-31,2240.11,1
1297,1525,2018-01-16,16313.64,1
1298,1555,2005-02-08,147.18,1
1299,2275,2026-04-11,2598.89,1
1300,1290,1999-03-20,1335.58,1
1301,1040,2024-09-09,816.24,1
1302,105,2022-10-06,612.9,1
1303,885,2009-07-15,636.05,1
1304,1418,2006-09-08,2935.83,1
1305,1830,2005-05-03,11320.44,1
1306,969,2021-08-21,715.67,1
1307,1508,2015-04-20,921.67,1
1308,1581,2021-12-04,127168.89,3
1309,1122,2019-07-01,8031.39,1
1310,611,2004-07-26,1949.45,1
1311,1930,2016-03-17,1313.96,1
1312,2353,2006-07-21,2060.47,1
1313,1216,2021-02-07,3408.86,1
1314,2246,2023-07-21,11065.54,1
1315,2345,2022-08-20,510.49,1
1316,619,2023-01-10,1766.28,1
1317,501,2011-04-13,117032.42,1
1318,1979,2020-10-13,506.3,1
1319,665,2010-01-04,327.93,1
1320,1345,2021-03-06,8558.97,1
1321,1995,2017-01-18,4444.44,1
1322,525,2016-03-12,668.2,1
1323,2016,2021-12-21,243.23,1
1324,1418,2020-08-05,14037.31,1
1325,2215,2018-07-19,4510.37,1
1326,1715,2019-05-20,1691.89,1
1327,759,2017-02-12,4114.26,1
1328,1003,2019-10-22,2537.4,1
1329,1517,2015-07-19,2054.26,1
1330,1521,2006-04-06,2092.75,1
1331,930,2011-06-26,121498.12,1
1332,1535,2026-08-18,4211.54,1
1333,1156,2019-07-21,891.47,1
1334,775,2016-09-07,416.28,1
1335,1832,2026-08-03,10498.87,1
1336,580,2024-06-26,294933.4,1
1337,1810,1999-09-02,316.29,1
1338,2406,2002-03-16,1868.92,1
1339,1281,2022-12-11,2166.75,1
1340,1075,2019-08-19,4186.69,3
1341,1681,2022-02-27,37133.41,1
1342,1815,2025-08-08,721.37,1
1343,1847,2010-10-18,3155.17,1
1344,288,2015-07-27,1580.51,1
1345,2413,2012-11-02,293.11,1
1346,2478,2025-11-24,2276.55,1
1347,86,2020-11-14,7556.93,1
1348,255,1999-07-06,693.94,1
1349,1581,2023-03-16,2445.33,1
1350,1318,2015-01-03,1136.51,1
1351,190,2014-07-31,36267.89,1
1352,2345,2022-07-31,88.69,1
1353,2146,2017-12-15,18564.3,1
1354,1751,2016-03-28,15227.53,1
1355,2143,2012-09-09,8785.97,1
1356,2164,2005-06-12,9044.47,1
1357,1793,2020-06-21,11210.88,1
1358,1946,1997-09-25,5168.01,1
1359,145,2022-10-27,1613.11,1
1360,2058,2016-03-03,1157.69,1
1361,498,2018-07-06,2708.55,1
1362,1407,2013-01-15,92633.3,1
1363,2303,2018-08-12,3392.49,1
1364,2233,2022-03-21,173769.32,1
1365,2226,2020-03-01,1288.45,1
1366,2191,2010-01-12,57475.61,1
1367,1670,2021-06-06,8552.97,1
1368,830,2025-08-15,13842.83,3
1369,1044,2008-12-23,61182.14,1
1370,1211,2025-04-13,6833.73,1
1371,1707,2025-02-14,4531.53,1
1372,1142,2022-01-14,175.82,1
1373,1103,1983-05-16,6612.09,1
1374,1268,2014-07-28,16634.2,1
1375,1853,2018-08-21,62.21,1
1376,2184,2022-04-12,700.58,1
1377,639,2001-08-08,119965.53,1
1378,1015,2010-04-28,343.08,1
1379,2496,2022-03-06,9522.52,1
1380,1197,2009-09-14,208.44,1
1381,2163,2019-01-05,664.48,1
1382,1684,2021-08-22,14956.89,1
1383,2301,2025-07-01,4902.02,1
1384,2172,2010-10-06,157120.76,1
1385,2094,2013-03-15,2683.2,1
1386,1195,2016-01-20,857.18,1
1387,269,2025-10-24,717.15,1
1388,342,2022-11-27,234938.73,1
1389,1596,1978-11-18,189099.87,1
1390,651,2018-12-01,3126.08,1
1391,1694,2021-10-20,832.35,1
1392,682,2018-12-28,1808.24,1
1393,442,2020-06-28,1962.56,1
1394,1825,2023-07-28,5633.63,1
1395,1465,2025-05-25,1738462.86,1
1396,468,1997-08-29,36.7,1
1397,2194,1990-02-06,2576.0,1
1398,275,2023-04-25,4191.52,1
1399,71,2003-06-24,71905.75,1
1400,1024,2018-05-02,915.92,1
1401,2196,2011-03-17,3574.36,1
1402,672,2019-12-23,466.38,1
1403,744,2008-11-27,11678.17,1
1404,1114,2022-05-11,1720.92,1
1405,991,2017-06-18,11316.46,1
1406,1480,2020-03-28,1754.59,1
1407,1048,2017-06-18,9896.1,1
1408,1452,2026-08-14,53386.24,1
1409,1671,1987-01-01,514.4,1
1410,1708,1999-12-24,8916.34,1
1411,211,1994-01-31,1413.22,1
1412,635,2018-08-02,1649.92,1
1413,878,2003-08-08,930.37,1
1414,845,2016-04-29,489.04,1
1415,2402,2026-07-28,764.01,1
1416,960,2023-11-07,71500.06,1
1417,672,2020-01-30,678.69,1
1418,611,2004-12-02,836.97,1
1419,1921,2015-11-07,633.98,1
1420,2387,2008-11-28,503.76,1
1421,1311,2025-10-02,90329.09,1
1422,1783,2003-06-14,1199.46,1
1423,277,2015-02-16,2000.0,1
1424,1329,2022-12-16,2571.64,1
1425,152,2012-12-23,4420.56,1
1426,1426,2015-02-28,1311.91,1
1427,446,2006-11-10,110.57,1
1428,369,2018-07-22,43.48,1
1429,1116,2025-04-09,9643.59,1
1430,2001,2011-09-02,881.41,1
1431,1825,2018-03-07,3537.52,1
1432,638,2014-12-05,2072.29,1
1433,241,2026-03-26,5306.09,1
1434,362,2009-01-29,3325.92,1
1435,587,2014-12-08,6585.03,3
1436,2267,2025-12-28,16985.07,1
1437,2174,2009-03-09,420.31,1
1438,2120,2026-02-21,20214.2,1
1439,1038,2024-12-07,6733.93,1
1440,544,2014-01-06,396.41,1
1441,2423,2017-10-23,38380.57,1
1442,2051,2025-09-28,15890.41,1
1443,1462,2010-12-20,1268.76,1
1444,2361,2024-08-25,214300.04,1
1445,1969,2025-08-19,905.8,1
1446,123,2009-01-26,173477.99,3
1447,110,2025-11-11,1656.93,1
1448,982,2017-04-05,48242.61,1
1449,346,2017-01-18,4147.7,1
1450,1063,2021-07-18,1637.8,1
1451,2041,2018-07-26,9122.2,1
1452,1169,2022-11-05,1437.98,1
1453,801,2023-01-23,17.84,1
1454,510,2025-09-27,188.05,1
1455,2381,2014-07-09,470.25,1
1456,2123,1998-06-07,30628.65,1
1457,1753,2014-01-12,169530.14,1
1458,1212,2026-06-27,1244.43,1
1459,2277,2025-03-20,21817.61,1
1460,618,2024-10-14,8103.08,1
1461,1678,2015-02-28,37806.87,1
1462,1865,2021-01-15,1835.82,1
1463,873,2014-06-02,2272.68,1
1464,2338,2022-02-03,22399.74,1
1465,1726,2018-05-14,46818.56,1
1466,1542,2014-04-08,21470.26,3
1467,46,2025-12-04,346.13,1
1468,1674,1989-11-09,17723.11,1
1469,62,2012-02-21,2157.57,1
1470,77,2021-08-04,9211.66,1
1471,1220,2009-12-26,35.79,1
1472,7,2024-12-07,23723.23,1
1473,780,2023-10-24,2884.25,1
1474,199,2022-05-21,942.37,1
1475,865,2026-02-13,14147.25,1
1476,1400,2017-04-25,1319.51,1
1477,2330,2013-11-12,1329.73,1
1478,134,2012-04-13,4914.35,1
1479,2425,1994-12-06,279.9,1
1480,1661,2019-11-16,2261.67,1
1481,2401,2022-11-16,665.45,1
1482,1339,2016-12-09,573.26,1
1483,2431,2025-02-20,21310.16,1
1484,1220,2009-05-18,3001.2,1
1485,517,2022-09-11,686.4,1
1486,1242,2021-09-17,6195.58,1
1487,1264,2017-05-31,357.19,1
1488,2130,2018-03-11,30.87,1
1489,1961,1999-08-07,586.19,3
1490,190,2011-04-20,47380.74,1
1491,899,2011-05-03,38208.82,1
1492,351,2025-10-20,10.04,1
1493,720,2021-12-08,211649.08,1
1494,1176,2007-05-17,9610.54,1
1495,2469,2011-07-14,936.41,1
1496,1078,2001-12-27,605.77,1
1497,2351,2025-10-31,13229.84,1
1498,1009,2019-01-27,3990.18,1
1499,2142,2016-08-20,7114.58,1
1500,237,2013-12-21,2421.38,1
1501,1272,2018-12-02,222.28,1
1502,477,2016-09-16,28529.72,1
1503,1260,2022-05-17,236.48,1
1504,162,2001-08-01,53662.44,1
1505,2432,2016-08-12,130894.49,1
1506,2285,2019-03-21,689.05,1
1507,763,1997-07-17,77965.42,1
1508,2446,2026-01-19,62654.79,1
1509,1374,2021-12-21,1106.09,1
1510,1510,2020-08-19,1321.96,1
1511,2237,2016-08-26,57412.58,1
1512,1781,2026-03-29,6685.08,1
1513,60,2010-07-19,2702.13,1
1514,658,2003-05-15,15509.8,1
1515,716,2007-03-26,1630.57,1
1516,1430,2014-07-28,281.12,1
1517,1839,2025-04-14,354.45,1
1518,630,2025-09-24,3639.01,1
1519,1799,2017-08-07,11131.49,1
1520,380,2006-12-26,9621.06,1
1521,119,2020-05-22,7437.0,1
1522,1283,2007-02-04,706.94,1
1523,1796,2019-09-08,2606.75,1
1524,2098,2016-03-30,13431.77,2
1525,149,2024-01-06,55565.33,1
1526,1246,2023-07-05,641.52,1
1527,1917,2018-01-12,2180.13,1
1528,2123,2003-01-24,130249.33,1
1529,191,2013-04-08,101.7,1
1530,1184,2013-11-01,184557.5,1
1531,929,2008-09-30,271.84,1
1532,1393,2025-11-09,4395.24,1
1533,124,2020-03-10,13543.08,1
1534,1036,2016-03-29,32068.32,1
1535,1245,2024-05-20,2359.12,1
1536,628,2023-10-13,2917.43,1
1537,595,2020-09-04,564.98,3
1538,1366,2024-12-11,2388.23,1
1539,343,2016-08-04,1330.72,1
1540,1115,2021-11-23,622.83,1
1541,69,2016-04-05,50623.27,1
1542,1905,2024-10-12,2795.43,1
1543,1470,2010-06-05,1189.57,1
1544,175,2024-02-20,51.43,1
1545,347,2006-10-10,1017.9,1
1546,27,2009-10-09,1121.9,1
1547,1038,2023-06-27,24666.08,1
1548,721,2018-10-15,798.38,1
1549,123,2010-11-23,96931.45,1
1550,379,2026-03-05,3991.66,1
1551,2203,2025-08-22,70939.18,1
1552,553,2014-06-14,1702.32,1
1553,1099,2024-06-30,965.69,1
1554,2477,2013-09-14,1022.45,1
1555,2152,2022-04-28,39580.63,1
1556,2187,2026-06-24,13263.68,1
1557,138,1996-10-28,10368.17,1
1558,2396,2020-03-04,2249.48,1
1559,2374,2021-04-03,2278.71,1
1560,649,2015-03-13,2701.49,1
1561,1760,2010-09-25,2996.67,3
1562,1906,2026-08-01,4602.58,1
1563,712,2013-06-10,412.11,1
1564,1313,2018-06-02,1380.9,1
1565,2045,2026-01-04,330.52,1
1566,668,2020-09-20,580.88,1
1567,48,1998-08-30,2363.51,1
1568,1644,2024-11-03,261.67,1
1569,2163,2019-01-04,1701.0,1
1570,1770,2018-07-20,1016.11,1
1571,2472,2014-11-10,42352.67,1
1572,2300,2022-02-16,959.21,1
1573,746,2004-03-29,7721.05,1
1574,2416,2011-11-08,3689.52,1
1575,775,2021-10-04,1980.67,1
1576,773,2007-05-18,2706.22,1
1577,1840,1985-11-23,1281.35,1
1578,2423,2018-02-14,18607.13,1
1579,159,2003-07-25,379.85,1
1580,240,1993-03-07,11424.8,1
1581,2360,1995-07-02,180604.58,1
1582,2266,2016-08-21,2963.16,1
1583,1611,1994-12-12,5376.39,1
1584,1425,2021-10-23,3418.48,1
1585,1068,2017-06-11,4590.93,1
1586,555,2019-10-09,2174.1,1
1587,2047,2024-06-04,1057.74,1
1588,2046,2024-05-03,10061.64,1
1589,1278,1986-08-12,1037.94,1
1590,2339,2011-11-09,50294.67,1
1591,1056,2013-08-25,2939.62,1
1592,828,2025-08-08,862.1,1
1593,360,2018-09-14,2775.17,1
1594,1930,2017-09-07,2030.55,1
1595,2212,2014-09-15,271.89,1
1596,1735,2026-05-23,6362.99,1
1597,671,2009-03-29,527.9,1
1598,1700,2024-09-13,18646.31,1
1599,1272,2018-11-07,2814.14,1
1600,1156,2019-08-29,1097.93,1
1601,2346,2018-12-29,3772.29,1
1602,797,2023-06-22,2509.01,1
1603,108,2019-12-19,100211.64,1
1604,1422,2021-02-04,596.39,1
1605,2051,2025-11-22,27675.18,1
1606,1547,2016-11-24,172678.56,1
1607,221,1987-07-13,8904.04,1
1608,1802,2009-06-23,1388.07,1
1609,554,1989-05-16,13671.06,1
1610,2372,2020-07-02,21285.24,1
1611,2287,2016-04-12,2489.17,1
1612,2378,2026-05-23,453.41,1
1613,2020,2024-07-20,28262.61,1
1614,347,2008-05-11,447.64,1
1615,2341,2022-06-20,1361.82,3
1616,1015,2010-11-16,174.68,1
1617,387,2005-01-22,2527.6,1
1618,1500,2026-01-18,16710.97,1
1619,1712,2015-09-29,39602.14,1
1620,1425,2021-09-12,882.42,1
1621,1538,2006-10-13,71149.8,1
1622,12,2006-10-26,1322.25,1
1623,1758,2023-05-02,39179.11,1
1624,1403,2025-09-18,1989.97,1
1625,573,2025-01-16,2303.54,1
1626,851,2020-11-11,30973.39,1
1627,2311,2021-07-19,1047.55,1
1628,976,2017-02-20,1090.36,1
1629,1127,1997-10-18,873.92,2
1630,1091,2017-07-30,362.89,1
1631,1602,2023-04-21,418.45,1
1632,385,2004-11-30,1037.07,1
1633,1977,2014-08-19,526.62,1
1634,1760,2012-04-21,311.17,1
1635,2175,2011-08-31,62871.76,1
1636,787,2024-05-25,3953.76,1
1637,2043,2012-03-22,8319.62,1
1638,97,2024-08-24,1876.01,1
1639,317,2014-08-01,3381.69,1
1640,1202,2006-10-18,5976.14,1
1641,1733,2018-12-14,461.84,1
1642,1413,2022-03-08,2849.33,1
1643,1109,2025-11-07,5989.12,1
1644,483,2015-07-04,84009.32,1
1645,1350,2001-03-01,256534.19,1
1646,457,2009-10-09,1617.01,1
1647,1704,2016-12-14,2118.16,1
1648,893,2023-06-18,57580.01,1
1649,1168,2018-11-01,3727.48,1
1650,762,2026-04-16,585.35,1
1651,294,2015-07-10,4579.98,1
1652,2472,2015-04-08,28317.8,1
1653,1223,2025-06-16,11341.18,1
1654,109,2025-02-08,10006.02,1
1655,904,2017-09-18,1204.26,1
1656,1529,2025-10-27,6071.18,1
1657,1202,2009-10-29,1087.22,1
1658,1238,2015-08-11,1606.25,1
1659,244,2011-02-02,2638.4,1
1660,661,2018-06-27,566.21,1
1661,265,2026-02-20,2456.65,1
1662,351,2025-09-17,185.59,1
1663,1377,2011-03-02,1853.69,1
1664,1805,2025-11-26,115938.6,3
1665,1507,2007-01-09,877.68,1
1666,1854,2010-12-09,69763.51,1
1667,1178,2011-07-17,330.48,1
1668,252,2022-06-10,425.94,1
1669,657,2025-08-11,3434.96,1
1670,370,2020-05-17,1065.12,1
1671,2499,2021-12-02,3031.83,1
1672,233,2012-05-26,573.24,1
1673,1597,2022-08-21,8015.47,1
1674,2495,2021-12-02,20168.35,1
1675,192,2017-08-02,187016.51,1
1676,450,2023-12-21,3503.12,1
1677,1485,1994-03-02,39852.19,1
1678,948,2003-09-22,2806.6,1
1679,875,2026-01-08,407.4,1
1680,2313,2009-09-30,917.33,1
1681,1882,2001-01-16,965.68,1
1682,523,2017-05-12,149.81,1
1683,1244,2000-09-09,12852.78,1
1684,825,2025-08-21,11256.8,1
1685,1690,1999-02-15,41442.82,1
1686,2036,2020-03-25,2894.0,1
1687,1956,2024-10-03,2310.83,1
1688,920,2013-03-06,1529.85,1
1689,1366,2025-08-15,1837.32,1
1690,2274,2002-09-25,14902.87,1
1691,2330,2013-11-06,508.36,1
1692,682,2018-09-20,2333.97,3
1693,1124,2019-06-24,35040.43,1
1694,1244,2005-09-10,53679.0,1
1695,2117,2020-04-04,1656.97,1
1696,2461,2023-03-14,10145.97,1
1697,2109,2015-01-06,2190.98,1
1698,831,2009-12-09,12376.33,1
1699,843,2023-10-26,11637.29,1
1700,2211,2017-11-25,8574.89,1
1701,419,2006-11-24,392.15,1
1702,1677,2017-07-16,388.98,1
1703,1835,2021-11-07,902.44,1
1704,1345,2018-04-28,39730.96,3
1705,1836,2023-03-05,1931.87,1
1706,1893,2025-11-10,1223.75,1
1707,1592,2026-05-27,1144.8,1
1708,1838,2020-01-11,1516.37,1
1709,1607,2024-03-22,2541.04,1
1710,2331,2015-06-10,531.14,1
1711,1706,2019-05-12,11698.5,1
1712,6,2015-08-04,19457.76,1
1713,2085,2018-01-15,1115.33,1
1714,1388,2025-01-19,5132.54,1
1715,2055,2021-10-24,14756.37,1
1716,659,2005-01-11,2293.23,1
1717,1774,1995-05-31,90.55,1
1718,2334,2009-12-28,5214.49,1
1719,2125,2006-09-09,1450.48,1
1720,1779,2025-02-04,6491.16,1
1721,1589,2025-12-07,3898.17,1
1722,1836,2024-04-28,317.55,1
1723,1793,2020-07-31,18586.11,1
1724,1819,2005-04-05,16210.77,1
1725,1957,2007-02-03,10190.64,1
1726,1722,2015-07-09,12626.78,1
1727,18,2003-05-11,6964.28,1
1728,827,2025-06-02,7194.51,1
1729,807,2026-01-30,1111.03,1
1730,203,2005-10-07,1098.74,1
1731,908,1998-05-29,1015.74,1
1732,1553,2018-11-09,186557.86,1
1733,929,2005-07-19,490.84,1
1734,1669,1991-10-02,111862.89,1
1735,1900,2024-07-13,1633.32,1
1736,2389,1990-09-13,3914.8,1
1737,1108,2009-08-17,420.49,1
1738,177,2019-03-08,1704.33,1
1739,813,2024-09-23,29761.6,1
1740,2135,2012-08-20,1696.99,1
1741,1803,2026-07-22,265.38,1
1742,411,2000-10-02,512.29,1
1743,444,2007-07-07,62234.67,1
1744,1065,2023-03-09,399.65,1
1745,1175,2014-11-24,71404.73,1
1746,955,2007-10-17,3861.01,3
1747,2198,2022-09-27,2313.94,1
1748,149,2005-01-15,47240.51,1
1749,1862,2022-03-10,36921.79,1
1750,2283,2013-06-05,2729.3,1
1751,2263,2006-02-25,15944.65,1
1752,1692,2026-05-18,1614.4,1
1753,1414,2009-10-16,59886.01,1
1754,2406,2002-03-17,3701.95,1
1755,43,2012-11-09,32787.91,1
1756,809,2025-02-26,1004.79,1
1757,1178,2017-12-02,140.65,1
1758,791,2024-11-21,276.22,1
1759,1673,2022-05-07,868.15,1
1760,703,2023-04-11,494.48,1
1761,1107,2022-03-18,190.56,1
1762,1656,2017-03-15,54.48,1
1763,2013,2019-05-02,27.82,1
1764,383,2014-10-18,6169.49,1
1765,1667,2020-04-17,4698.94,1
1766,81,2020-07-13,1239.59,1
1767,2149,2016-08-26,5135.82,1
1768,1372,2024-12-19,2455883.59,1
1769,870,2020-06-11,9465.35,1
1770,465,2012-10-17,979.69,2
1771,274,2019-04-06,4144.3,1
1772,1292,2008-05-20,335880.28,1
1773,1661,2017-04-03,715.26,1
1774,641,2021-05-07,6088.01,1
1775,1105,2006-07-28,443.56,1
1776,1766,2004-07-03,26180.23,1
1777,1233,2008-07-04,304.75,1
1778,1964,2021-05-27,4749.69,1
1779,2293,2011-04-08,394365.09,1
1780,600,2019-07-19,642.67,1
1781,2212,2014-11-26,1.13,1
1782,1660,2011-10-04,3608.4,1
1783,2169,2013-01-20,12110.3,1
1784,351,2026-02-12,51.36,1
1785,729,2012-10-29,716.74,1
1786,798,2021-05-18,67.92,1
1787,1440,2007-03-08,38761.63,1
1788,500,2007-09-23,23897.73,1
1789,253,2016-12-26,3804.89,1
1790,122,2012-05-04,3202.01,1
1791,968,2009-01-26,3833.18,1
1792,537,2023-02-26,5395.53,1
1793,1904,2025-12-28,90769.03,1
1794,1800,2018-09-23,1324.46,1
1795,453,2023-05-09,5638.28,1
1796,1487,2025-06-01,40696.92,1
1797,845,2017-05-08,640.41,3
1798,1800,2020-04-04,629.55,1
1799,466,2004-08-25,381.22,1
1800,223,2010-09-29,605.61,1
1801,1502,2020-11-07,1162.55,1
1802,591,2012-11-09,230578.82,3
1803,1785,2024-03-12,91616.86,1
1804,691,2011-01-27,63.88,1
1805,935,2019-07-23,1355.18,1
1806,1729,2005-12-05,1485.54,1
1807,950,2013-12-30,1315.78,1
1808,294,2015-01-03,2913.59,1
1809,1627,2022-01-04,17270.87,1
1810,645,1992-11-10,567.69,1
1811,2370,2022-04-16,906.11,1
1812,621,2007-10-12,294912.66,1
1813,2029,2024-02-20,52652.05,1
1814,306,2026-01-28,3085.66,3
1815,379,2025-10-04,6181.87,2
1816,2415,2020-04-04,108785.06,1
1817,1938,2009-07-07,870.91,1
1818,2007,2010-02-09,585.12,1
1819,473,2015-11-28,1170.96,2
1820,2038,2010-07-09,1873.33,1
1821,2187,2026-05-31,11452.01,1
1822,956,2021-12-28,6305.66,1
1823,441,2015-04-30,59741.46,1
1824,1884,2018-01-01,18094.41,1
1825,1405,2006-02-03,3109.75,1
1826,249,2023-11-09,20344.77,1
1827,1955,2011-01-16,4819.59,1
1828,215,2022-03-08,741.48,1
1829,2398,2009-04-09,13813.78,1
1830,1836,2023-07-17,513.61,1
1831,1926,2022-02-10,9212.7,1
1832,636,2022-02-03,1481.5,1
1833,224,2019-06-13,1661.51,1
1834,2017,2020-09-12,10873.74,1
1835,2261,2025-09-22,316709.85,1
1836,411,1998-07-28,209.08,1
1837,2398,2015-12-18,14757.8,1
1838,1662,2007-11-11,2568.57,1
1839,522,2012-09-11,210.83,1
1840,1422,2022-02-07,491.98,1
1841,2344,2019-09-09,1990.64,1
1842,998,2019-04-12,18849.84,1
1843,1528,2024-07-29,1747.22,1
1844,1152,2016-11-03,1956.07,1
1845,1224,2006-05-31,162811.67,1
1846,1812,2020-10-10,651.62,1
1847,314,2019-12-31,464.94,1
1848,163,2024-08-11,28188.13,1
1849,2320,2017-06-15,675.69,3
1850,313,2024-08-06,1616.27,1
1851,1601,1997-09-12,229.41,1
1852,1677,2016-11-26,586.35,1
1853,1898,2015-02-13,4274.94,1
1854,2126,2020-10-03,4101.47,1
1855,1766,2015-09-30,3491.62,1
1856,177,2021-04-27,2454.37,1
1857,821,1995-09-18,35431.21,1
1858,2006,2003-08-16,1473.34,1
1859,646,1988-09-18,1321.13,1
1860,1126,2026-01-29,5822.0,1
1861,1964,2021-05-11,2350.3,1
1862,317,2018-05-15,3594.5,1
1863,948,2002-06-14,2577.48,1
1864,1446,2020-12-07,2220.48,1
1865,1103,1983-10-29,2970.46,1
1866,154,2025-03-20,991.59,1
1867,258,2017-08-20,906.16,1
1868,2154,2019-11-01,5143.57,1
1869,1514,2023-12-26,7296.1,1
1870,736,2014-05-07,2551.06,1
1871,427,2009-07-24,3483.14,1
1872,1728,2019-10-08,1259.79,1
1873,1974,2005-06-18,407.43,1
1874,1077,2010-01-12,5723.53,1
1875,2354,2015-08-08,198020.13,1
1876,139,2013-07-10,1300.28,1
1877,335,2020-06-23,2836.93,1
1878,903,2021-12-13,1094.79,1
1879,1666,2018-06-03,564.36,1
1880,1225,2018-04-06,1601.48,1
1881,2105,2017-05-09,60541.02,1
1882,2213,2023-10-20,6172.19,1
1883,1144,2015-02-02,808.33,1
1884,2053,2019-04-30,81605.93,1
1885,2153,2007-08-12,3216.32,1
1886,1,2022-06-08,552.29,1
1887,57,2023-07-30,162688.52,1
1888,1371,2007-09-26,1281.41,1
1889,2139,2005-06-19,1056.53,1
1890,2297,2025-03-27,146642.72,1
1891,125,2008-09-13,687.0,1
1892,519,2008-04-11,29506.51,1
1893,859,2001-03-11,522.17,1
1894,161,2020-09-02,77352.01,1
1895,1442,2024-05-04,2133.4,1
1896,627,1998-04-29,3357.56,1
1897,1692,2026-05-26,434.26,1
1898,1926,2017-08-11,8096.95,1
1899,1991,2019-06-11,46.44,1
1900,1669,1994-02-03,57549.51,1
1901,1010,2008-06-10,2604.91,1
1902,1856,2026-04-10,208.3,1
1903,966,2024-03-04,559.86,1
1904,203,2007-04-06,177.19,1
1905,1396,2019-07-17,388.25,1
1906,1983,1980-01-11,871.29,3
1907,298,2015-07-26,385.03,1
1908,1768,2011-06-17,2306.29,1
1909,1429,2017-01-26,1091.15,1
1910,1448,2019-06-26,18810.73,1
1911,772,2025-02-14,2696.7,1
1912,40,2020-10-10,3510.19,1
1913,1796,2021-12-21,598.75,1
1914,1798,2014-12-02,150341.88,1
1915,647,2026-04-16,26485.06,1
1916,1467,2025-06-15,13489.09,1
1917,2083,2018-06-12,243.23,1
1918,2415,2022-09-13,232317.86,1
1919,539,2024-02-29,5898.5,1
1920,838,2007-01-03,109213.67,1
1921,1041,2021-02-08,173.46,1
1922,1365,2008-10-16,320.73,1
1923,1085,2026-06-02,26702.45,1
1924,1107,2022-03-19,619.47,1
1925,598,2010-09-09,916.3,1
1926,431,2015-07-30,91977.79,1
1927,1684,2020-10-11,26595.35,1
1928,1374,2023-01-01,579.5,1
1929,851,2021-06-24,152661.42,1
1930,2137,2015-03-11,37609.08,1
1931,1572,2023-03-04,2095.92,1
1932,1748,2017-05-28,4218.61,1
1933,182,2023-03-10,498.93,1
1934,1558,2020-03-20,296186.03,1
1935,1901,2005-04-03,83.86,1
1936,660,2006-07-11,763.85,1
1937,2093,2018-11-04,1704.76,1
1938,1423,2007-05-10,975.79,1
1939,93,2021-09-03,72668.33,1
1940,474,2018-04-11,1495.13,1
1941,1896,2008-05-02,1172.34,1
1942,1859,1995-06-24,6572.94,1
1943,1737,2019-11-27,6637.59,1
1944,492,2018-06-30,1639.75,1
1945,1543,2024-11-04,2668.15,1
1946,1273,2015-01-13,122.45,1
1947,727,2024-01-23,2066.57,3
1948,760,2018-08-03,179664.61,1
1949,939,2014-02-02,1716833.38,1
1950,1680,2020-08-02,39735.17,1
1951,290,2024-10-21,1610.79,2
1952,44,2023-05-26,4417.99,1
1953,469,2014-09-03,1889.39,1
1954,1417,2005-07-02,5403.33,1
1955,425,2023-12-14,1784.94,1
1956,808,2020-03-24,474.74,1
1957,1911,2016-03-08,6012.32,1
1958,2040,2013-04-14,13522.6,1
1959,2091,2003-09-11,1632.56,1
1960,1800,2019-02-24,1979.94,1
1961,13,2019-10-12,2916.25,1
1962,1406,2014-04-07,5862.95,2
1963,1768,2010-11-06,1841.09,1
1964,137,2005-02-26,904.96,1
1965,401,2024-11-25,258.26,1
1966,1851,2025-04-27,7983.1,1
1967,1281,2022-10-18,1375.02,1
1968,1785,2024-01-16,9677.88,1
1969,1335,2012-06-30,515.72,1
1970,1227,2000-12-16,673.94,1
1971,306,2026-03-20,17347.86,1
1972,1833,1999-03-20,220.03,1
1973,725,2012-08-17,1657.74,1
1974,1935,2025-05-27,285526.88,1
1975,2189,2026-03-24,96843.7,1
1976,923,2006-10-27,3667.68,1
1977,2367,2015-06-05,3129.31,1
1978,1608,2024-02-08,2850.51,1
1979,927,2011-01-22,3313.34,1
1980,10,2020-11-16,47.97,1
1981,1731,2012-09-13,1877.12,1
1982,2382,2018-11-24,21626.51,1
1983,2101,2026-07-18,117.43,1
1984,2382,2023-06-05,36605.72,1
1985,1402,2022-01-29,236.59,1
1986,511,2016-07-06,15491.9,1
1987,578,2007-04-26,1576.37,1
1988,1833,1996-08-30,5.29,1
1989,1246,2024-05-25,812.7,1
1990,2387,2006-01-11,1618.28,1
1991,1009,2016-01-23,5068.54,1
1992,1172,2025-04-20,657.56,1
1993,1600,2021-10-11,48751.48,1
1994,1900,2024-08-25,8527.6,1
1995,2367,2017-03-23,7350.21,1
1996,1971,2014-11-13,598.65,1
1997,662,2025-12-19,32279.4,1
1998,1610,2018-02-21,778.12,1
1999,1675,2014-07-28,60693.45,3
2000,635,2013-11-24,2582.71,1
2001,1526,2019-07-19,7171.26,1
2002,1104,2008-07-08,1164.45,1
2003,2162,2020-11-11,7058.2,1
2004,99,2024-05-07,2995.96,1
2005,349,1987-02-24,3558.07,1
2006,1182,2014-07-08,3150.41,1
2007,1125,1996-12-22,4398.41,1
2008,1744,2015-12-11,7930.4,1
2009,1337,2024-08-21,1972.95,1
2010,661,2017-05-06,744.26,1
2011,1065,2022-11-07,1069.93,1
2012,1364,2008-06-11,1503.59,1
2013,1866,2004-01-21,2846.81,1
2014,752,2011-12-29,6395.91,1
2015,1838,2019-02-15,94.65,1
2016,47,2007-03-30,229817.23,1
2017,1327,2016-05-09,22001.75,1
2018,1786,2025-12-19,475.56,1
2019,803,2014-06-30,15204.63,1
2020,1090,2006-12-08,10014.62,1
2021,1966,2014-07-04,2519.74,1
2022,344,2016-04-01,27042.69,3
2023,1082,2019-12-12,32.6,1
2024,1067,2023-07-26,3096.66,2
2025,2110,2026-08-10,6687.01,2
2026,1308,2022-02-22,212837.4,1
2027,1207,2010-11-27,938.22,1
2028,1702,2022-11-16,209.32,1
2029,1741,2024-12-27,4622.0,1
2030,1499,2007-04-29,1810.57,1
2031,1314,2003-06-23,127209.32,1
2032,443,1993-05-26,109139.04,1
2033,82,2021-09-19,609.45,3
2034,1758,2023-11-20,36868.88,1
2035,125,2002-11-07,910.53,1
2036,1945,2017-03-01,3339.3,1
2037,141,2024-03-20,31141.45,1
2038,1056,2013-03-17,1838.54,1
2039,1520,2019-04-27,2494.96,1
2040,524,2020-03-17,6238.15,1
2041,2097,2019-11-28,5177.71,1
2042,1137,2025-07-02,10983.54,1
2043,778,2015-07-04,1983.2,1
2044,976,2019-09-06,247.99,1
2045,1442,2021-11-19,3347.09,1
2046,2141,2017-10-14,1896.87,1
2047,2453,1998-03-19,18528.96,1
2048,537,2015-08-06,10067.22,1
2049,1566,2018-02-24,9778.36,1
2050,1569,2024-04-19,1599.24,3
2051,807,2026-01-02,745.71,2
2052,2402,2026-07-26,1358.84,1
2053,1133,2004-08-26,1154.02,1
2054,300,2007-05-19,57176.92,1
2055,481,2022-06-01,4383.26,1
2056,745,2012-01-06,1544.93,1
2057,2128,2006-05-13,1536.06,1
2058,2326,2023-11-27,3592.91,1
2059,572,2021-08-09,1934.63,1
2060,385,2005-12-29,230.81,1
2061,1895,2021-12-04,600.62,1
2062,871,2026-05-28,12432.21,1
2063,2395,2005-12-10,848.35,1
2064,1770,2018-07-09,3666.72,1
2065,984,2000-09-28,726.93,1
2066,125,2003-07-13,1160.79,1
2067,505,2024-09-09,1432.11,1
2068,1095,2025-05-23,464.55,1
2069,941,2015-04-01,4377.43,1
2070,763,1998-03-23,53422.82,1
2071,1886,2023-02-28,1628.45,1
2072,69,2016-02-25,31088.03,1
2073,326,2015-10-01,3947.26,1
2074,2268,2011-12-11,1360.79,1
2075,527,2013-10-24,584.13,1
2076,94,2001-01-27,11537.17,1
2077,233,2010-05-13,1055.65,1
2078,1102,2024-10-12,8959.45,1
2079,2114,2020-04-02,6487.83,1
2080,1063,2022-08-22,836.51,1
2081,1160,2020-05-13,733.32,1
2082,945,2014-01-18,1085.26,1
2083,629,2007-04-14,2447.36,1
2084,2061,2019-09-08,3677.85,1
2085,2124,2020-10-14,330.6,1
2086,999,2012-10-14,8106.25,1
2087,181,2018-12-28,8875.36,1
2088,973,2023-01-07,21.2,1
2089,1219,2005-01-02,2253.56,1
2090,1838,2019-10-27,2187.21,1
2091,1790,2017-08-01,856.3,1
2092,660,2011-01-02,473.7,1
2093,2400,2022-02-25,1123.87,1
2094,791,2022-11-17,1467.44,1
2095,1247,2009-01-31,7.65,1
2096,884,2022-01-20,2279.99,1
2097,2189,2026-03-24,169059.06,3
2098,2207,1998-03-06,28406.51,3
2099,146,2024-02-21,6206.06,1
2100,2183,2025-01-11,680.13,1
2101,2003,2013-01-29,457.84,1
2102,1153,2021-10-02,7033.2,1
2103,1569,2023-04-13,1813.32,1
2104,480,2014-06-16,23319.61,1
2105,1341,2023-10-15,4411.88,2
2106,949,2008-12-18,2088.64,1
2107,579,2022-11-25,41352.75,1
2108,1191,2019-07-06,20105.54,1
2109,2453,1998-03-01,10726.83,1
2110,1351,2024-03-29,30450.56,1
2111,2056,2007-10-05,1350.03,1
2112,1331,2003-06-04,904.75,1
2113,2372,2018-10-18,73142.69,1
2114,1586,2017-08-09,3100.62,1
2115,885,2009-07-30,3114.02,1
2116,1385,2026-07-17,49.73,1
2117,703,2021-12-06,85.31,1
2118,1914,2023-03-01,338.35,1
2119,80,2022-03-06,2524.99,1
2120,1533,2022-07-01,1295.94,1
2121,1445,1995-11-07,1667.63,1
2122,505,2024-09-27,3176.78,1
2123,1125,1996-10-26,3750.91,1
2124,1642,2018-10-07,74509.26,1
2125,2283,2013-05-30,2857.02,1
2126,1721,2026-03-08,68.8,1
2127,1813,2024-01-11,1771.13,1
2128,2081,2018-11-07,73315.52,1
2129,2380,2016-09-28,514.86,1
2130,1114,2022-08-02,15713.25,1
2131,1733,2017-07-20,1754.41,1
2132,1119,2011-08-31,71335.24,1
2133,1396,2021-07-19,694.95,1
2134,1127,2008-11-23,204.68,1
2135,463,2015-07-10,47576.24,1
2136,98,2007-05-22,13712.25,1
2137,121,2007-07-03,468.82,1
2138,919,2024-01-08,2273.75,1
2139,1804,2023-04-08,22724.13,1
2140,1833,1997-01-04,244.24,1
2141,1733,2021-01-20,1898.0,1
2142,1476,2010-01-15,31178.17,1
2143,1354,2021-06-18,480.95,1
2144,1657,2025-08-04,18453.97,1
2145,951,2025-12-08,59.99,1
2146,227,2013-05-16,7324.93,1
2147,138,2000-02-09,20246.13,1
2148,2076,2021-07-15,1397.93,1
2149,761,2025-07-13,11670.62,1
2150,1439,2007-11-02,766.05,1
2151,1994,2020-08-12,627.92,1
2152,2448,2009-03-25,3101.99,1
2153,422,2006-01-29,741.02,1
2154,312,2025-01-25,319.76,1
2155,1072,2017-03-18,875.89,1
2156,853,2025-06-06,16991.4,3
2157,997,2019-03-21,10159.23,1
2158,943,2014-12-19,339.05,1
2159,1253,2023-10-03,194.22,1
2160,1376,2021-01-04,224518.29,1
2161,2025,2025-03-02,297.11,1
2162,7,2024-06-15,41343.95,1
2163,1646,2025-12-13,1749.8,3
2164,2398,2020-02-23,10911.52,1
2165,1032,2025-06-13,111894.51,1
2166,1981,2021-10-19,1941.31,1
2167,1358,2008-03-20,740.65,1
2168,165,2015-11-05,2930.58,1
2169,150,2026-04-29,13439.22,1
2170,1919,2022-04-13,20922.58,1
2171,711,2017-03-10,25236.56,1
2172,1323,2025-04-16,49015.88,1
2173,1866,2003-11-28,3391.51,1
2174,1346,2002-11-16,3231.62,1
2175,1201,2019-10-14,6370.41,1
2176,1598,2009-09-09,12305.22,1
2177,1680,2014-03-16,30839.73,1
2178,1284,2018-09-27,230078.35,2
2179,96,2014-06-23,6120.83,1
2180,386,2020-12-06,51082.24,1
2181,990,2014-07-18,9829.21,1
2182,432,2024-03-04,666.38,1
2183,626,2025-07-27,71922.05,1
2184,999,2016-12-07,9745.39,1
2185,689,2020-05-07,156644.64,1
2186,780,2024-03-30,1728.62,1
2187,1519,2010-10-07,122.58,1
2188,2122,2019-07-03,3346.2,1
2189,1067,2023-07-15,408.66,1
2190,1150,2020-01-30,1585.45,1
2191,718,2026-09-23,4076.24,1
2192,2135,2016-10-10,870.68,1
2193,2213,2023-11-12,929.04,1
2194,1916,2021-05-07,305.07,3
2195,1993,2019-12-03,441.66,1
2196,1305,2018-03-12,1081.44,1
2197,916,2023-08-24,2125.06,1
2198,1736,1992-12-27,2356.29,2
2199,1553,2018-12-28,75971.4,1
2200,2109,2018-11-21,2419.64,1
2201,1145,2010-12-01,2850.24,1
2202,1808,1998-04-21,5372.79,1
2203,1387,2025-08-31,31005.6,1
2204,2217,2019-10-10,36075.96,1
2205,798,2026-05-08,328.63,1
2206,416,2013-01-14,90213.25,1
2207,1938,2009-06-29,2000.15,1
2208,1542,2014-02-11,6353.17,1
2209,2399,2011-07-25,2908.3,1
2210,440,2008-03-18,67921.06,1
2211,425,2022-06-05,1411.1,1
2212,1865,2021-01-08,1740.7,1
2213,262,2025-11-21,29242.85,1
2214,1007,2025-06-08,69913.7,1
2215,537,2022-03-13,2711.55,1
2216,1107,2022-03-11,212.16,1
2217,1941,2018-12-26,680217.13,1
2218,1306,2025-11-12,1854.81,1
2219,974,2012-01-14,333.19,1
2220,517,2020-12-13,1663.83,1
2221,1029,2013-03-18,31733.12,1
2222,231,2020-07-19,78070.76,1
2223,894,2023-09-09,1564.04,1
2224,579,2022-10-14,38442.18,1
2225,2128,1994-03-24,769.84,1
2226,1405,2007-03-19,9620.14,1
2227,371,2005-11-26,166347.92,2
2228,1759,2024-04-12,4646.95,1
2229,1729,2006-09-13,83.31,1
2230,1411,1994-04-07,4764.73,1
2231,1045,2025-05-30,374.87,1
2232,1832,2025-07-26,1777.27,1
2233,2277,2024-04-19,4219.67,1
2234,1170,2018-06-24,364.73,1
2235,1280,2026-06-11,10619.8,1
2236,432,2024-08-04,44.29,1
2237,2205,1997-03-05,13439.65,1
2238,1205,2011-12-18,597.57,1
2239,166,2003-08-14,2241.6,1
2240,1607,2024-08-16,591.85,1
2241,503,2006-05-02,3524.46,1
2242,1446,2018-03-09,1193.37,1
2243,1237,1995-11-09,172192.85,1
2244,1060,2026-01-29,1121.96,1
2245,2040,2015-01-04,6376.04,1
2246,797,2023-04-16,4896.85,1
2247,2313,2005-03-27,3791.07,1
2248,1191,2020-06-10,3691.78,1
2249,1339,2017-08-10,705.9,1
2250,684,2024-04-19,611.89,3
2251,725,2015-12-30,986.37,1
2252,1585,2024-06-17,5666.63,1
2253,2154,2019-08-12,7675.12,1
2254,392,2010-07-23,7434.77,1
2255,665,2017-01-20,749.96,2
2256,1634,2019-02-28,12206.37,1
2257,1357,2022-05-03,2087.42,1
2258,52,2025-02-02,916.04,1
2259,1744,2012-05-18,12659.44,1
2260,431,2015-06-22,73553.2,1
2261,63,2008-02-22,110936.0,1
2262,1002,1996-06-09,1250.5,1
2263,1575,2014-04-11,16009.14,1
2264,720,2020-11-05,86399.32,1
2265,1160,2019-02-11,1067.5,1
2266,334,2019-06-06,949.03,1
2267,1369,2007-11-22,2242.98,1
2268,1623,2020-12-19,1766.67,1
2269,2320,2016-07-22,1410.82,1
2270,430,2019-03-28,3878.79,1
2271,1177,2014-06-28,6137.82,1
2272,2459,2011-04-13,2375.57,1
2273,2012,2020-12-30,17104.49,1
2274,2123,1998-11-10,211556.82,1
2275,2290,2021-07-19,405286.79,1
2276,532,2015-08-18,73947.83,2
2277,1396,2020-01-30,337.98,1
2278,1994,2021-10-05,41179.03,1
2279,497,2013-12-15,33264.93,1
2280,462,2016-11-01,5846.43,1
2281,85,2026-06-26,475.28,1
2282,923,2005-08-22,19772.32,1
2283,2398,2004-05-12,18118.79,1
2284,1836,2022-08-12,611.66,1
2285,627,1999-12-19,1363.75,1
2286,1154,2012-07-18,1688.04,1
2287,665,2010-10-08,368.82,1
2288,2225,2018-04-20,1599.93,1
2289,1538,2012-06-27,812.91,1
2290,1355,2013-12-29,2398.33,1
2291,2216,2018-09-02,97327.57,1
2292,1768,2010-11-13,1063.84,1
2293,882,2018-07-30,2502.16,1
2294,1853,2019-12-14,123.97,1
2295,874,2019-07-31,10557.13,1
2296,2042,2006-12-11,2001.15,1
2297,2113,2024-09-06,2368.42,1
2298,156,2026-02-15,1729.0,1
2299,73,2011-07-20,458.25,1
2300,829,2015-05-27,1295.34,1
2301,2221,2016-08-04,847.45,1
2302,625,2024-03-04,56571.16,1
2303,498,2019-10-15,4985.06,1
2304,911,2012-12-25,784.6,1
2305,702,2024-06-29,2605.71,1
2306,407,2009-05-25,477.13,1
2307,1820,2025-11-20,2901.33,1
2308,2445,2014-09-24,109010.8,1
2309,1640,2015-06-12,3249.33,1
2310,1510,2020-03-06,1660.98,1
2311,1371,2011-12-19,1232.22,1
2312,1848,1989-06-29,2849.74,1
2313,812,2026-07-18,366.68,1
2314,1596,1980-06-18,90565.72,1
2315,582,2023-05-15,2150.42,1
2316,1965,2025-09-23,899.96,1
2317,1554,2020-06-14,305.67,1
2318,976,2019-05-15,2428.13,1
2319,1752,2016-12-31,9947.57,1
2320,17,2024-01-19,2115.8,1
2321,1016,2008-05-17,3868.83,1
2322,999,2012-12-15,9350.72,1
2323,2350,2013-05-19,1864.51,1
2324,2189,2026-03-22,81256.51,1
2325,1373,2016-08-03,2691.29,1
2326,717,2024-03-28,2312.08,1
2327,1306,2024-10-16,2000.75,1
2328,1465,2024-09-06,766673.46,1
2329,777,2019-10-11,4473.8,1
2330,370,2018-02-26,632.61,1
2331,963,2018-06-24,3037.34,3
2332,110,2026-05-30,1099.38,1
2333,132,2026-01-11,161244.99,1
2334,1377,2012-07-09,1492.07,1
2335,909,2025-12-05,100.23,1
2336,1969,2024-11-01,1011.29,1
2337,1845,2020-10-21,1852.7,1
2338,1438,2011-05-16,1153.43,1
2339,2347,2011-01-06,44638.19,1
2340,235,2023-03-24,1150.15,1
2341,2279,2017-06-14,21283.48,1
2342,1375,2000-11-22,2795.69,1
2343,521,2021-08-28,397.76,1
2344,1670,2020-12-24,4001.85,1
2345,1646,2025-12-23,603.88,1
2346,835,2009-06-30,4315.05,1
2347,148,2021-07-30,20507.31,1
2348,943,2016-03-24,29.27,1
2349,286,2007-03-17,531.48,1
2350,954,2025-08-14,1064.61,1
2351,2238,1998-09-09,8000.88,1
2352,730,2012-11-02,975.0,1
2353,2126,2020-09-18,21528.72,1
2354,1990,2025-07-23,5183.94,1
2355,2469,2008-08-27,2794.79,3
2356,1048,2017-05-22,1444.31,1
2357,2350,2014-10-10,1509.4,1
2358,1203,2001-11-28,11614.96,1
2359,1222,2020-01-26,57146.31,1
2360,1866,2007-03-02,903.21,1
2361,2112,2018-11-13,1759.64,1
2362,515,2013-01-09,22188.9,1
2363,1065,2024-03-20,541.77,1
2364,2166,2021-08-25,87052.05,1
2365,1432,2013-07-19,2083.39,1
2366,858,2024-02-28,34032.96,1
2367,827,2025-04-04,3949.15,1
2368,2441,2018-12-15,148229.93,1
2369,416,2013-10-17,266232.21,3
2370,1341,2007-05-24,4102.81,1
2371,2227,2022-06-23,87.34,1
2372,51,2026-05-19,541.3,1
2373,319,2023-05-29,8188.56,2
2374,1921,2013-07-29,3366.48,1
2375,400,2023-04-29,4651.62,1
2376,1531,2013-12-20,42.47,1
2377,1362,2005-02-19,4614.49,1
2378,767,2022-05-28,10373.58,1
2379,1519,2010-10-29,1760.38,1
2380,1365,2008-08-22,351.21,1
2381,388,2025-09-12,1206.94,1
2382,143,2014-03-05,16279.54,1
2383,1986,2023-01-25,1117.64,1
2384,2421,2024-12-20,19935.84,1
2385,873,2012-10-23,1441.27,1
2386,1122,2019-05-15,16902.85,1
2387,1987,2010-07-07,6292.57,1
2388,748,2005-09-20,129.59,1
2389,1716,2007-08-14,161211.19,1
2390,2296,2023-01-15,222052.2,1
2391,1254,2013-12-19,18351.67,1
2392,1171,2016-04-13,81.55,3
2393,324,2024-09-29,466.32,1
2394,1331,2001-03-19,930.64,1
2395,48,1998-01-09,946.93,1
2396,293,1992-08-21,2048.42,1
2397,425,2020-01-24,672.76,1
2398,2482,2019-07-06,24.56,3
2399,1125,1997-04-07,86.56,1
2400,2211,2021-11-23,6141.02,1
2401,8,2023-12-03,1108.29,1
2402,2145,2009-05-05,298.33,1
2403,1258,2021-12-28,173.89,1
2404,2026,2014-04-05,434627.14,1
2405,2402,2026-07-12,1202.31,1
2406,981,2004-09-03,12371.11,1
2407,2050,2023-08-10,594.37,1
2408,283,2014-07-19,166487.84,1
2409,268,2020-05-06,37168.19,1
2410,1355,1993-04-11,1376.4,1
2411,973,2022-12-23,965.79,1
2412,836,2025-01-19,27024.01,1
2413,212,2016-04-18,16521.88,1
2414,1357,2023-05-06,1797.35,1
2415,371,2013-03-13,13841.49,1
2416,345,2017-04-13,81904.16,1
2417,2177,2024-09-26,11417.19,1
2418,2458,2000-06-28,392.13,1
2419,1848,1990-02-13,5232.42,1
2420,931,1997-06-14,3420.78,1
2421,1852,1988-02-02,138.1,1
2422,23,2022-03-28,888.14,1
2423,174,2020-07-24,2464.93,1
2424,1702,2023-01-26,1608.57,1
2425,1099,2023-06-28,1306.36,1
2426,1405,2010-07-16,27516.6,3
2427,2275,2026-03-06,2054.01,1
2428,1687,2019-12-03,12034.98,1
2429,1965,2025-12-12,274.52,1
2430,356,2012-12-25,6351.73,1
2431,2423,2018-01-29,13828.07,1
2432,1658,2017-08-18,6325.96,1
2433,942,2010-01-01,4471.73,1
2434,1629,2014-06-28,59359.5,1
2435,713,2021-12-16,2253.96,1
2436,1681,2023-01-06,80746.09,1
2437,2159,2021-04-30,3530.43,1
2438,1833,1997-09-26,188.24,1
2439,2500,2025-06-15,19922.58,3
2440,1533,2022-06-30,3042.9,1
2441,6,2019-01-06,892.17,1
2442,2322,2000-06-07,61053.09,3
2443,2212,2014-11-13,20.76,1
2444,445,2019-11-06,19216.85,1
2445,1400,2017-06-20,5966.4,2
2446,397,2025-07-11,1631.91,1
2447,387,2009-10-16,394.97,1
2448,172,2007-12-27,699.36,1
2449,1604,2019-05-12,432905.71,3
2450,1794,2011-10-14,4028.85,1
2451,1161,2012-03-01,23140.83,1
2452,2091,2003-10-08,6126.57,1
2453,160,2025-07-18,13953.38,3
2454,1800,2019-03-23,2427.31,1
2455,304,2020-04-14,270985.26,2
2456,855,2026-08-27,108620.53,1
2457,924,2021-12-19,261.02,1
2458,1365,2009-04-20,70.03,1
2459,536,2018-09-25,5498.05,1
2460,2408,2017-05-20,5668.2,1
2461,1911,2017-05-16,11612.15,1
2462,182,2024-11-12,124.95,1
2463,1868,2016-12-29,289.88,1
2464,1116,2024-01-19,20088.93,1
2465,1791,1998-05-01,5426.72,1
2466,2477,2013-11-17,1341.64,1
2467,1229,2025-10-28,9449.38,1
2468,2010,2016-03-09,2146.84,1
2469,1007,2025-06-26,46609.59,1
2470,314,2021-05-31,1201.5,3
2471,395,2002-05-09,61294.36,1
2472,1682,2008-09-19,17299.04,1
2473,2165,2006-05-16,4.46,1
2474,905,2023-08-25,2371.42,1
2475,1380,2022-12-23,8933.2,1
2476,747,2022-01-15,1463.02,1
2477,718,2026-09-23,4391.24,1
2478,225,2016-02-16,14049.45,1
2479,691,2009-01-25,441.74,1
2480,2458,1996-10-15,4065.7,2
2481,1402,2022-09-20,676.35,1
2482,2058,2016-10-20,929.04,1
2483,1615,2005-08-26,5589.0,1
2484,1830,2003-02-20,14121.73,1
2485,1288,2016-08-04,3051.49,1
2486,2396,2017-10-28,4561.44,1
2487,558,2021-03-28,1243.53,1
2488,989,2014-11-02,9339.2,2
2489,2435,2025-11-28,6895.6,1
2490,451,2003-05-27,2465.4,1
2491,681,2011-10-17,7875.9,1
2492,298,2020-05-07,357.19,1
2493,1930,2017-09-06,2075.83,1
2494,216,1997-06-03,418839.28,1
2495,1181,2009-09-09,29249.69,1
2496,1912,2011-02-03,1695.03,1
2497,1823,2026-08-22,2304.14,1
2498,192,2017-07-13,167526.62,1
2499,1313,2018-02-20,3090.72,1
2500,1091,2017-06-21,1201.32,1
2501,740,2011-07-22,797.03,1
2502,2383,2016-05-29,52296.54,3
2503,477,2012-05-06,32489.41,1
2504,2397,2010-10-09,72693.63,1
2505,467,2016-04-28,459.61,1
2506,1314,2008-02-02,149251.24,3
2507,67,2021-10-15,877.67,1
2508,485,2016-06-22,972.75,1
2509,11,2022-03-12,385.5,1
2510,2033,2016-02-20,1234.6,1
2511,102,2017-07-13,13743.47,1
2512,2494,2026-07-26,5240.2,1
2513,896,2017-08-15,21570.1,1
2514,130,2023-12-06,35380.79,1
2515,572,2014-09-07,1217.32,1
2516,1811,2011-08-17,5777.84,1
2517,1946,1997-09-23,1652.18,1
2518,1197,2014-01-04,2059.69,1
2519,1663,1998-07-02,531.86,1
2520,647,2025-09-23,19783.95,1
2521,1825,2015-11-26,6194.43,1
2522,685,2018-09-02,3322.57,1
2523,1372,2023-04-17,2551642.21,1
2524,2015,2017-07-16,380.87,1
2525,158,2002-09-08,197060.21,1
2526,1853,2019-03-31,1543.73,1
2527,935,2019-07-07,3515.18,1
2528,1839,2015-01-30,378.94,1
2529,1655,2026-03-02,1573.87,1
2530,2301,2025-12-15,3663.53,1
2531,655,2026-03-23,679.45,1
2532,1474,2014-05-26,163.83,1
2533,1168,2018-08-06,3751.73,1
2534,1960,2025-12-06,809.43,1
2535,88,2003-07-09,15007.65,1
2536,444,2009-06-16,23887.06,1
2537,330,2021-04-20,2636.83,1
2538,401,2024-12-10,401.96,1
2539,1062,2022-05-20,2124.89,1
2540,2156,2021-07-28,3056.68,1
2541,2079,2019-05-10,4014.85,1
2542,1741,2025-10-02,1179.64,1
2543,1749,2023-09-30,11073.44,1
2544,688,2020-11-30,1282.01,1
2545,1905,2023-09-12,6004.37,1
2546,609,2008-08-09,172.07,2
2547,678,2018-02-28,3554.06,1
2548,2271,2018-06-01,1177.64,2
2549,678,2019-03-15,1591.51,1
2550,1853,2018-02-03,324.07,1
2551,1384,2025-08-30,4059.07,1
2552,1785,2024-02-23,57539.62,1
2553,2102,2014-12-02,5471.98,1
2554,2033,2020-04-02,1959.89,1
2555,1943,2019-06-01,81731.44,1
2556,748,2005-12-16,386.63,1
2557,1720,2013-03-12,9995.46,1
2558,1735,2026-05-23,14.87,1
2559,2151,2018-06-12,1619.85,1
2560,711,2011-08-26,2935.73,1
2561,1391,2009-03-27,9288.21,1
2562,1792,2023-08-22,30643.03,1
2563,1013,2010-12-31,538.45,1
2564,448,2025-05-27,96610.09,3
2565,94,2011-12-03,207252.8,1
2566,1120,2013-07-31,24645.91,1
2567,2470,2012-01-24,503.73,1
2568,1149,2020-10-03,3320.8,1
2569,240,1995-02-28,13889.58,1
2570,2429,2023-03-09,1498.8,1
2571,391,2010-08-15,8430.46,1
2572,1692,2026-05-23,4943.26,3
2573,1615,2005-08-22,556.59,1
2574,2082,2017-10-27,2255.89,1
2575,2451,2015-09-21,2279.05,1
2576,522,2019-10-06,1457.16,1
2577,510,2025-08-30,456.95,1
2578,477,2016-08-25,47328.92,1
2579,1989,2022-03-16,48564.02,1
2580,2257,2014-03-17,859.18,1
2581,600,2016-07-28,857.33,1
2582,2051,2025-12-05,13407.89,1
2583,1688,2024-08-24,1185.67,1
2584,880,2010-01-01,1293.35,1
2585,1134,2026-03-12,58156.39,1
2586,479,2025-12-08,2631.57,1
2587,517,2023-07-31,1185.84,1
2588,32,2026-02-11,122285.6,1
2589,2316,2024-06-28,15155.03,1
2590,1961,1999-04-09,620.7,1
2591,836,2024-06-19,22733.01,1
2592,2325,2022-01-15,5584.51,1
2593,2321,2011-10-01,1392.74,1
2594,1797,2026-02-27,1840.33,1
2595,644,2023-08-01,46841.62,1
2596,75,2019-11-21,2147.18,1
2597,2018,2012-10-19,1622.04,1
2598,1953,2015-03-28,175.45,1
2599,58,2023-08-17,573.75,1
2600,622,2023-04-18,6173.16,1
2601,1154,2006-12-13,5877.72,1
2602,2104,2004-07-25,1432.0,1
2603,249,2020-11-16,37704.27,1
2604,411,1997-06-14,552.54,1
2605,1543,2024-08-18,2642.63,1
2606,672,2022-03-01,427.53,1
2607,8,2015-12-22,431.85,1
2608,784,2017-03-06,66.05,1
2609,284,2005-02-07,775.26,1
2610,1089,2015-05-12,1308.23,1
2611,1471,2012-02-11,4266.78,1
2612,1502,2020-12-09,51.01,1
2613,1448,2018-10-19,52266.74,3
2614,247,1998-09-27,21355.4,1
2615,746,2021-02-26,10506.66,1
2616,1935,2025-07-10,284744.68,1
2617,941,2014-07-26,44047.84,1
2618,285,2020-09-29,6075.78,1
2619,1468,2003-05-17,1956.66,1
2620,1571,2023-12-29,312.79,1
2621,1177,2014-05-15,3677.07,1
2622,859,2006-04-02,1567.43,1
2623,1379,2024-08-03,2830.59,1
2624,1402,2024-05-08,781.0,1
2625,1647,2026-07-09,684.77,1
2626,1352,2023-10-08,1078.28,1
2627,1747,2022-02-20,3321.15,1
2628,2482,2024-12-11,2450.84,1
2629,264,2012-04-18,135.44,2
2630,1355,2015-08-13,217.36,1
2631,619,2024-04-27,533.56,1
2632,1198,2024-04-28,34521.13,1
2633,1405,2011-08-23,262.18,1
2634,26,2026-04-23,248.55,1
2635,1636,1993-06-21,44654.7,1
2636,1077,2011-01-19,4053.52,1
2637,2298,2022-10-31,6128.63,1
2638,1650,2017-05-15,2178.26,1
2639,507,2023-08-10,4995.1,1
2640,1004,2013-01-06,1021.86,1
2641,418,2024-04-09,20343.22,1
2642,2450,2025-04-09,868.5,1
2643,1195,2016-01-23,1589.2,1
2644,2178,2013-02-19,79099.97,1
2645,1406,2013-06-12,3849.8,1
2646,1302,2007-03-03,2507.29,1
2647,216,1997-04-11,922827.53,1
2648,2397,2011-08-27,10907.25,1
2649,943,2013-11-02,896.28,1
2650,144,2023-11-19,218.81,1
2651,213,2018-10-31,3270.63,1
2652,509,2017-03-29,926.08,1
2653,2061,2020-07-05,1236.05,1
2654,1902,2003-06-11,1575.57,1
2655,1566,2018-02-11,119878.09,1
2656,2330,2013-10-26,2266.31,1
2657,1273,2017-01-17,46.4,1
2658,80,2020-09-26,1194.85,1
2659,1955,2009-08-03,2136.33,1
2660,267,1998-05-10,4860.43,1
2661,1541,2010-07-16,18688.22,1
2662,233,2021-09-01,4467.2,3
2663,51,2026-06-17,2915.78,1
2664,1663,1997-11-17,458.9,1
2665,1103,1983-04-15,3816.62,1
2666,665,2018-11-29,249.98,1
2667,2309,2024-04-20,746.06,1
2668,484,2003-06-20,104152.99,1
2669,2195,2004-10-03,306.04,1
2670,566,2020-11-11,4254.21,1
2671,913,2012-05-02,252.48,1
2672,946,2011-02-27,204.92,1
2673,1504,2022-07-01,63977.26,1
2674,1880,2020-06-21,112451.5,1
2675,44,2022-10-21,3557.64,1
2676,1159,2021-11-06,312.62,1
2677,2332,2024-02-29,356.63,1
2678,2329,2007-01-14,1618.13,1
2679,1443,2024-08-22,305.8,1
2680,1311,2025-10-30,148552.19,1
2681,578,2018-01-01,3770.56,1
2682,1665,2010-07-01,26316.41,1
2683,442,2020-02-07,2729.23,1
2684,804,2020-07-04,3027.51,1
2685,1107,2022-03-13,1038.35,1
2686,1995,2018-10-09,5442.23,1
2687,1346,2012-06-02,2297.41,1
2688,2352,2021-08-14,42436.21,1
2689,2174,2009-01-26,1449.86,1
2690,2346,2009-03-15,11620.25,1
2691,458,2017-06-21,144485.51,1
2692,371,2011-05-27,20552.51,1
2693,751,2009-03-25,11336.39,1
2694,30,2017-01-27,11677.85,1
2695,105,2022-01-15,551.87,1
2696,1783,2007-05-03,1097.08,1
2697,2279,2009-08-10,20438.75,1
2698,623,2023-04-29,1071.76,1
2699,2395,2005-09-14,1037.74,1
2700,1305,2018-02-02,1971.77,2
2701,1816,2023-06-16,22524.42,1
2702,1649,2020-05-04,28946.9,1
2703,1467,2025-10-31,19037.02,1
2704,1552,2023-06-24,20362.08,1
2705,366,1991-08-04,84.33,3
2706,589,2021-04-14,2718.57,1
2707,1861,2007-06-14,3153.04,1
2708,515,2010-11-25,36070.93,1
2709,226,1990-11-23,55786.72,1
2710,2149,2017-12-12,3446.99,1
2711,2382,2007-06-06,164151.46,2
2712,314,2022-03-29,342.93,1
2713,2329,2012-11-03,1482.39,3
2714,2406,2002-03-14,43377.42,1
2715,1666,2020-03-11,460.78,1
2716,778,2019-01-11,1531.14,1
2717,41,1990-01-23,30820.46,1
2718,1431,2011-02-22,250.57,1
2719,2345,2022-02-24,993.21,1
2720,1310,2021-12-13,1174.16,1
2721,218,2005-01-29,2572.18,1
2722,890,2020-03-14,2277.93,1
2723,433,2001-03-10,20880.56,1
2724,367,2006-01-04,2425.26,1
2725,1570,1998-12-29,1945.02,1
2726,1176,2006-07-31,24.82,1
2727,2260,2020-04-27,62513.63,2
2728,1825,2018-04-28,3197.23,1
2729,1888,2010-01-12,767.06,1
2730,230,2021-08-18,2180.99,1
2731,415,2017-12-17,1231.73,1
2732,2065,2023-07-18,339982.26,1
2733,1740,2025-09-02,2420.6,1
2734,345,2017-06-02,72994.81,1
2735,1308,2021-06-11,284955.59,3
2736,1404,2013-04-05,124.18,1
2737,2008,2017-08-18,1893.5,1
2738,1979,2022-07-14,147.01,1
2739,1195,2016-02-03,1220.96,1
2740,1717,2025-04-01,1339.62,1
2741,1284,2019-01-09,138692.06,1
2742,2469,2006-11-06,66.83,1
2743,2401,2022-12-17,834.55,1
2744,2463,2022-01-01,2208.17,1
2745,509,2016-12-02,1441.03,3
2746,2387,2006-12-26,1646.86,1
2747,1872,2014-03-25,1265.21,1
2748,558,2020-04-12,1175.93,1
2749,1650,2023-09-02,881.01,1
2750,1156,2007-07-09,1240.44,1
2751,1579,2025-05-29,571.0,1
2752,670,1997-11-05,23022.84,1
2753,159,2008-05-07,138.42,1
2754,1688,2023-11-07,605.61,1
2755,471,1993-08-03,977.07,1
2756,82,2025-05-16,366.57,1
2757,2279,2012-12-12,62838.7,1
2758,1745,2011-05-30,3077.98,1
2759,254,2026-01-31,2190.68,1
2760,2403,2020-02-13,3638.25,1
2761,958,2022-09-23,9275.53,1
2762,1939,2024-02-01,2400.79,1
2763,790,2026-04-14,2340.41,1
2764,1084,2002-05-28,214312.19,1
2765,1611,1995-01-21,2633.96,1
2766,2462,2018-04-18,276.63,1
2767,1551,2022-10-26,1799.21,1
2768,170,2016-02-20,1799.33,1
2769,2280,2023-03-29,3607.08,1
2770,1984,2015-11-05,11557.66,1
2771,1792,2025-12-30,72205.37,1
2772,1823,2026-08-20,3860.07,1
2773,2150,2025-04-23,48551.59,1
2774,689,2021-07-31,61339.44,1
2775,1535,2026-07-24,403.38,1
2776,104,2026-02-23,16740.11,1
2777,21,2019-06-01,914.83,1
2778,704,2010-06-16,668.77,1
2779,343,2014-06-27,918.11,1
2780,136,2022-05-08,30462.27,1
2781,1942,2016-12-22,1499.76,1
2782,911,2013-12-17,308.68,1
2783,1443,2025-09-17,1023.15,1
2784,182,2023-07-10,458.4,1
2785,368,2001-02-17,11906.03,1
2786,1510,2020-07-13,5214.09,1
2787,2359,2018-04-17,8022.32,1
2788,2086,2004-06-03,130300.02,1
2789,1141,2015-02-14,3176.99,1
2790,1406,2015-01-25,3623.35,1
2791,1632,2021-10-13,27676.0,3
2792,1090,2010-03-29,2667.65,1
2793,489,2022-05-15,180630.38,1
2794,570,2005-05-22,1816.72,1
2795,154,2025-01-06,590.1,1
2796,989,2018-06-09,3000.58,1
2797,217,2013-01-30,383.19,1
2798,1470,2010-01-14,1844.44,1
2799,305,2026-07-23,14874.61,1
2800,273,2025-05-02,1664.57,2
2801,224,2018-08-21,2798.74,2
2802,709,2017-03-12,564.92,1
2803,835,2021-11-24,2277.94,1
2804,2145,2009-05-09,461.88,1
2805,1558,2024-07-14,236728.48,1
2806,748,2005-10-02,337.16,1
2807,2170,2006-03-07,135479.49,1
2808,1413,2022-11-07,2637.75,1
2809,1577,2025-04-10,2725.61,1
2810,66,2016-03-06,897.02,1
2811,830,2025-11-16,32572.25,1
2812,1043,2013-08-15,2800.4,1
2813,657,2025-08-18,2628.73,1
2814,148,2021-12-21,38098.25,1
2815,803,2014-10-23,14023.11,1
2816,1829,2015-03-17,2227.12,1
2817,387,2005-06-23,25309.01,1
2818,2013,2022-08-16,73.8,1
2819,669,2019-07-14,670.9,1
2820,1883,2021-07-01,152.68,1
2821,927,2011-05-30,439.2,1
2822,1097,2021-11-09,20905.24,3
2823,2180,2020-03-20,3731.82,1
2824,764,2020-08-09,139.43,1
2825,2029,2024-01-11,34934.05,1
2826,805,2020-06-01,2417.94,1
2827,1291,2025-03-20,1150.96,1
2828,1087,2010-07-28,5351.26,1
2829,1203,2010-04-20,27320.21,1
2830,1976,2012-06-15,107859.6,1
2831,1745,2013-07-07,1416.15,1
2832,2289,2018-10-12,826.47,1
2833,1729,2004-10-05,345.15,1
2834,769,2023-05-29,928.44,1
2835,1174,2014-10-15,633.69,1
2836,1048,2017-08-11,18503.61,1
2837,1634,2016-12-25,12221.11,1
2838,919,2020-09-26,14153.67,1
2839,1783,2001-06-16,917.95,1
2840,543,2009-06-28,4094.18,1
2841,324,2024-12-27,951.71,1
2842,1258,2020-04-03,646.18,1
2843,142,2025-01-13,18423.95,1
2844,317,2018-09-09,475.39,1
2845,1145,2011-11-08,834.33,1
2846,2249,2007-01-22,111701.69,1
2847,587,2008-12-14,1836.08,1
2848,1967,2006-07-18,152978.43,3
2849,1179,2012-02-05,451.09,1
2850,363,2019-12-25,14973.81,1
2851,486,2004-05-21,4187.12,1
2852,181,2015-08-19,1586.37,3
2853,2059,2019-05-27,5960.47,1
2854,1335,2011-11-02,1337.41,1
2855,930,2011-03-28,3323.23,1
2856,1803,2026-08-02,720.25,1
2857,1986,2022-12-27,1357.9,1
2858,1301,2003-04-19,1373.39,2
2859,1488,2007-12-30,2560.56,1
2860,2107,2013-08-01,17878.94,1
2861,2458,1992-04-07,4014.88,1
2862,571,2013-10-29,856.69,1
2863,636,2023-11-20,2213.51,1
2864,1203,2002-10-28,140520.38,3
2865,287,2010-12-22,5038.23,1
2866,782,1990-03-03,3128.97,1
2867,982,2015-05-02,72589.43,1
2868,2376,2024-02-13,6965.44,1
2869,1497,2000-10-13,3620.63,1
2870,1366,2025-09-21,2067.99,1
2871,1318,2009-03-05,1205.6,1
2872,1876,2021-05-11,28263.33,1
2873,1028,1994-11-05,1625.8,1
2874,2355,2014-08-05,3981.7,1
2875,2054,2024-05-21,5679.48,1
2876,1592,2026-07-07,592.39,1
2877,1894,2013-07-31,3545.22,1
2878,175,2024-02-16,51.98,1
2879,1576,2022-04-14,36197.78,1
2880,1023,2014-10-06,9743.58,1
2881,407,2009-02-20,396.86,1
2882,2156,2020-06-11,1723.87,1
2883,2304,2014-06-08,1266.26,1
2884,149,1992-07-21,39746.64,1
2885,2274,2000-01-25,10445.99,1
2886,890,2018-11-19,509.38,1
2887,1334,2017-05-26,2377.95,1
2888,1070,2002-06-29,7898.28,1
2889,643,2019-12-06,4593.66,1
2890,1794,2013-04-25,1726.01,1
2891,286,1998-07-13,275.13,1
2892,565,2019-01-13,1547.23,1
2893,2026,2011-01-01,313368.52,1
2894,1146,2014-05-01,2152.24,1
2895,1705,2006-07-07,2699.95,1
2896,1779,2025-04-07,12058.81,1
2897,199,2021-08-28,852.51,1
2898,1961,1999-02-16,525.72,3
2899,294,2013-07-20,3592.78,1
2900,320,2022-12-08,20215.22,3
2901,2183,2024-09-30,599.26,1
2902,2441,2015-04-11,94576.58,1
2903,2173,2012-02-26,2369.67,1
2904,1199,2020-12-08,4080.29,1
2905,2039,2018-08-23,170765.16,1
2906,1049,2007-11-13,69749.32,1
2907,1397,2016-03-07,1108.65,1
2908,514,2013-12-21,21406.54,1
2909,1217,2025-12-12,77246.95,1
2910,908,1996-12-15,1229.39,1
2911,121,2010-03-17,5151.06,1
2912,1979,2021-06-02,296.89,1
2913,2205,2002-05-04,68299.87,1
2914,1339,2017-12-31,220.83,1
2915,2049,2022-11-19,900.8,1
2916,20,2008-06-28,1670.01,1
2917,1274,1988-08-09,1502.04,1
2918,1349,2025-09-07,10866.3,2
2919,151,2020-02-05,629.59,1
2920,2027,2020-05-09,1982.48,1
2921,1394,2017-03-27,14470.23,1
2922,442,2020-01-10,2410.61,1
2923,806,2010-01-15,2394.97,1
2924,1519,2010-09-05,1305.1,1
2925,971,2022-09-13,20511.7,1
2926,446,2006-09-22,832.9,1
2927,1240,2013-05-06,8668.83,1
2928,1012,2026-04-12,1225.44,1
2929,1880,2015-07-07,127383.42,1
2930,825,2025-01-22,13695.14,1
2931,1454,2013-01-13,372.26,1
2932,1316,2022-06-23,86444.87,1
2933,809,2018-11-22,1243.75,1
2934,778,2015-05-23,2966.45,1
2935,162,2003-08-07,77206.26,1
2936,1801,2024-11-25,1392.0,3
2937,2181,1996-11-07,4526.34,1
2938,1723,2015-05-15,299.07,1
2939,1022,2016-05-01,1904.13,1
2940,1658,2013-07-20,1779.12,3
2941,1643,2025-02-21,1981.12,1
2942,2211,2022-03-24,4531.17,1
2943,1001,2015-04-29,4395.47,1
2944,1280,2026-06-26,13975.1,1
2945,2079,2017-03-04,4690.08,1
2946,2345,2022-09-16,1154.96,1
2947,734,2026-04-10,89087.17,1
2948,1077,2011-07-31,5493.15,1
2949,1137,2022-11-21,2269.24,1
2950,1365,2009-12-06,200.05,1
2951,2328,2013-11-06,8550.11,1
2952,1774,1986-03-17,1044.12,1
2953,591,2012-08-16,49825.18,1
2954,826,2009-11-15,123464.33,1
2955,1007,2025-07-27,1936.03,1
2956,259,2020-10-12,12289.06,1
2957,127,2010-12-10,3265.31,1
2958,68,2024-03-02,1413.75,1
2959,1088,2010-03-15,1876.42,1
2960,510,2025-11-29,855.0,1
2961,2431,2024-07-11,521.03,1
2962,1826,2017-02-27,10487.34,1
2963,1951,2023-08-10,3080.16,1
2964,1941,2024-02-01,459225.07,1
2965,1289,2018-09-22,8960.26,1
2966,181,2022-04-28,6628.6,1
2967,1270,2025-04-21,806.46,1
2968,1097,2021-12-31,15735.64,1
2969,1390,2021-12-06,229.37,1
2970,1291,2025-02-02,905.3,1
2971,1810,1998-12-02,1113.88,1
2972,34,2016-12-29,343542.96,1
2973,1207,2016-06-22,802.62,1
2974,1266,2025-12-07,1406.69,1
2975,46,2026-04-26,1154.0,1
2976,161,2020-10-02,92666.03,1
2977,2160,2023-07-29,22544.53,1
2978,1131,2014-04-13,10105.14,1
2979,217,2015-07-15,118.3,1
2980,1158,2021-07-26,77890.31,1
2981,1207,2019-08-29,483.27,1
2982,1728,2018-03-29,1321.68,1
2983,684,2024-07-29,2.52,1
2984,2181,2003-06-13,23519.06,1
2985,1524,2025-02-26,53513.91,1
2986,618,2023-03-23,765.69,1
2987,68,2023-05-18,549.68,1
2988,138,1998-06-30,23011.75,1
2989,1586,2017-03-12,3353.7,1
2990,1949,2017-06-27,9768.75,1
2991,2467,2010-03-08,2117.41,1
2992,1020,2023-01-15,1584.96,1
2993,2257,2010-11-21,738.71,1
2994,1811,2011-09-30,4857.8,1
2995,1780,2006-03-02,1140.34,3
2996,1172,2025-04-22,137.88,1
2997,1404,2012-06-24,274.24,1
2998,891,2014-01-02,22252.77,1
2999,1843,2004-04-03,44201.36,1
3000,1436,2019-09-22,258.25,1
3001,216,1996-02-13,334204.97,1
3002,2184,2021-10-21,37.94,1
3003,1846,2018-12-06,2421.49,1
3004,1087,2008-12-03,5421.7,1
3005,2330,2013-11-08,5086.3,3
3006,1368,2014-10-23,35278.84,1
3007,1927,2022-03-27,936.65,1
3008,741,2021-07-31,2147.82,1
3009,2029,2024-04-18,16942.38,1
3010,871,2026-06-01,5898.24,1
3011,2183,2024-10-17,346.52,1
3012,1829,2014-04-01,1249.23,1
3013,208,1989-01-22,28791.88,1
3014,174,2015-12-16,1379.03,1
3015,2449,1979-04-02,839.47,1
3016,998,2021-10-02,17336.25,1
3017,37,2015-07-29,479.34,1
3018,1719,2017-12-16,1741.68,1
3019,1549,2010-05-03,169943.98,1
3020,1951,2022-08-08,1912.52,1
3021,1494,2020-09-14,46887.27,1
3022,1094,2000-01-16,6346.72,1
3023,2097,2012-04-21,4939.31,1
3024,1669,1990-05-23,42297.81,1
3025,2011,2011-07-04,11538.77,1
3026,632,2017-02-17,1630.9,1
3027,485,2019-04-16,2272.29,1
3028,362,2010-08-05,2832.28,1
3029,1276,2017-07-14,23337.46,1
3030,1103,1983-12-27,7882.18,1
3031,1412,2026-06-05,1956.85,1
3032,454,2007-10-30,3052.42,1
3033,224,2021-05-24,4998.14,1
3034,1255,2004-09-09,2711.48,1
3035,1385,2026-07-25,122.17,1
3036,858,2024-02-18,18242.35,1
3037,2479,2005-03-20,105929.55,1
3038,817,2008-09-27,282.98,1
3039,1247,2009-01-26,1017.51,1
3040,2101,2026-07-19,363.66,1
3041,64,2018-05-10,6223.4,1
3042,1278,1984-12-18,5482.34,1
3043,1972,2024-02-06,14701.92,1
3044,2076,2022-09-10,16684.15,1
3045,289,2019-08-16,1878.2,1
3046,466,2004-08-06,2918.52,1
3047,729,2011-09-12,117.82,3
3048,130,2023-08-08,135063.88,1
3049,1132,2019-05-12,646.96,1
3050,465,2019-12-09,764.02,1
3051,2005,2016-02-21,22068.42,1
3052,706,2015-11-21,1488.59,1
3053,775,2023-08-08,1548.12,1
3054,1746,2024-11-15,2733.5,1
3055,1095,2025-01-09,47.06,1
3056,167,2019-06-17,1115.78,1
3057,525,2016-11-29,2353.93,1
3058,128,2013-07-29,5803.99,3
3059,1564,2023-11-29,149465.77,1
3060,272,2025-06-17,1489.11,1
3061,1586,2021-06-03,1111.97,1
3062,1054,2023-03-25,5361.77,1
3063,1875,2016-09-18,132.03,1
3064,1214,2020-02-11,155627.25,1
3065,2455,2012-10-31,1566.28,1
3066,2437,2002-02-04,755.13,1
3067,1218,2018-08-25,1726.5,1
3068,2200,2010-06-23,2265.85,1
3069,293,1992-07-15,2627.44,1
3070,1735,2026-05-23,7399.58,1
3071,1845,2022-12-02,1325.57,1
3072,716,2004-09-17,7199.33,2
3073,2106,2015-01-15,640.33,1
3074,2098,2016-02-26,29652.88,1
3075,358,2026-04-14,1016.21,1
3076,1678,2014-09-03,40146.81,1
3077,1904,2025-08-01,105453.72,1
3078,84,2025-06-13,24339.63,1
3079,1233,2005-10-30,1705.66,1
3080,271,2017-10-18,910.84,1
3081,1145,2011-01-29,2642.49,1
3082,377,2010-02-06,726.22,1
3083,1821,2010-02-25,3013.68,1
3084,2205,2006-01-26,100870.72,1
3085,414,2010-05-02,2663.04,1
3086,311,2024-04-27,2228.42,1
3087,402,2007-03-30,1441.49,1
3088,545,2006-07-25,25649.28,1
3089,1241,2021-12-05,8950.22,1
3090,1210,2023-03-01,3134.02,1
3091,1608,2024-09-07,4454.2,1
3092,564,2017-06-09,1370.72,3
3093,1853,2018-09-29,1135.88,1
3094,1068,2018-06-20,6521.8,1
3095,2231,2013-09-10,46098.14,1
3096,1415,2022-08-14,1960.89,1
3097,1118,2025-02-10,55046.84,1
3098,460,2026-08-02,23750.58,1
3099,671,2009-12-18,3247.85,1
3100,1957,2024-02-21,9332.69,1
3101,2457,2024-03-02,1167.64,1
3102,922,2025-09-23,8234.85,1
3103,301,2012-11-24,2209.81,1
3104,8,2017-11-15,963.92,1
3105,2285,2018-07-06,1571.74,1
3106,1194,2019-10-19,1641.99,1
3107,706,2021-11-23,860.05,1
3108,1960,2022-11-16,1394.76,1
3109,28,2017-10-06,19776.18,1
3110,1953,2011-09-01,1754.08,3
3111,161,2023-06-17,111479.16,1
3112,22,2022-04-03,3819.39,1
3113,1598,2009-10-13,99965.77,1
3114,1953,2012-05-19,314.13,1
3115,552,2026-06-12,22212.68,1
3116,2186,2005-10-09,72520.06,1
3117,884,2023-07-02,1683.41,1
3118,299,1996-02-29,654.81,1
3119,368,2001-12-17,14890.62,1
3120,881,2025-06-29,104546.25,1
3121,74,2024-11-16,1200.95,1
3122,598,2004-04-15,1230.34,1
3123,2120,2026-03-07,8971.84,3
3124,154,2026-05-19,773.86,1
3125,1515,2012-03-11,15.33,1
3126,1696,2006-06-04,1281.9,1
3127,1453,1996-04-25,70000.0,1
3128,1653,2024-01-27,6303.13,1
3129,1378,2001-11-23,5361.01,2
3130,1279,2015-09-26,2229.42,1
3131,2019,1987-03-27,1731.54,1
3132,1613,2004-03-04,14868.53,1
3133,1354,2015-10-26,542.6,1
3134,469,2015-03-28,1007.84,1
3135,220,2023-04-04,1206.64,1
3136,1140,2017-11-19,62988.93,1
3137,715,2020-11-07,17621.11,1
3138,1384,2025-11-23,3334.28,1
3139,1840,1995-04-11,1673.38,1
3140,1118,2025-12-01,66915.79,1
3141,2323,2022-11-05,1599.22,1
3142,2353,2007-01-09,3978.46,1
3143,595,2017-05-03,1360.99,1
3144,881,2025-11-17,132652.11,1
3145,1246,2024-03-22,248.35,1
3146,954,2025-07-29,400.33,1
3147,745,2015-11-02,1549.14,1
3148,744,2001-12-04,61966.14,1
3149,1673,2022-05-21,241.19,1
3150,752,2010-01-02,8891.31,1
3151,163,2024-07-11,6298.19,1
3152,1232,2021-12-31,32.56,1
3153,543,2010-01-05,3445.62,1
3154,181,2013-11-16,11144.7,1
3155,675,2016-12-18,28957.06,1
3156,1633,2007-04-23,618.47,1
3157,2275,2026-07-04,958.96,1
3158,980,2008-06-29,4300.96,1
3159,2245,2023-09-11,252.72,3
3160,174,2015-04-23,2477.14,1
3161,1651,2020-02-03,147117.78,1
3162,1589,2025-12-13,2836.48,1
3163,879,2009-08-23,144371.04,1
3164,2110,2026-08-10,3253.09,1
3165,906,2026-06-26,2030.41,1
3166,2095,2018-09-10,760.45,2
3167,291,2011-01-18,936.69,1
3168,389,2025-05-14,45910.77,1
3169,276,2016-05-19,21882.62,1
3170,2445,2013-12-08,211428.16,1
3171,1592,2026-08-28,262.8,1
3172,983,2019-07-26,120541.79,1
3173,2445,2013-04-15,99213.48,1
3174,682,2019-11-14,2926.9,2
3175,154,2026-09-04,555.44,1
3176,1360,2014-05-22,479.88,1
3177,831,2020-11-20,23624.79,1
3178,711,2010-07-13,26251.48,1
3179,1438,2014-04-28,523.73,2
3180,866,2024-11-07,7957.53,1
3181,873,2013-11-20,2979.17,1
3182,1634,2018-03-17,5860.36,1
3183,2450,2025-04-17,21748.34,1
3184,1295,2013-05-11,4974.45,1
3185,2222,2024-03-27,320.72,1
3186,371,2007-07-24,17129.84,1
3187,26,2026-03-29,1205.87,1
3188,591,2013-07-31,29451.19,1
3189,618,2025-01-28,8404.82,1
3190,2479,2005-11-09,56815.29,1
3191,2212,2014-01-29,411.36,1
3192,1114,2021-12-26,851.59,1
3193,1094,2002-03-06,68694.44,1
3194,911,2013-02-24,973.03,1
3195,753,2026-05-15,28356.82,1
3196,1381,2011-07-05,2776.86,1
3197,2203,2025-08-21,31266.39,1
3198,1593,2010-12-17,5478.97,1
3199,1549,2011-05-20,330.78,1
3200,914,1994-01-22,5405.54,1
3201,1399,2002-08-08,19001.18,1
3202,648,2008-03-15,3421.98,1
3203,217,2008-11-13,483.51,1
3204,2039,2019-01-29,74576.43,1
3205,320,2023-04-13,5349.3,1
3206,302,2016-12-30,1644.56,1
3207,2065,2024-01-13,125890.3,1
3208,1096,2009-10-24,13686.55,1
3209,946,2014-07-15,850.69,1
3210,2222,2024-07-15,333.43,1
3211,133,2018-08-11,87026.47,1
3212,1657,2025-06-27,7991.59,1
3213,2496,2017-09-09,1992.5,1
3214,1919,2022-11-09,10123.44,1
3215,404,2010-10-27,7295.87,1
3216,526,2023-04-22,181538.95,1
3217,2071,2024-02-05,1411.07,1
3218,2030,2024-03-22,1525.93,1
3219,327,2019-11-21,124.25,1
3220,2072,2022-08-19,3620.25,1
3221,1542,2014-04-20,988.09,1
3222,2116,2018-09-28,6184.8,1
3223,2118,2002-09-21,84719.76,1
3224,127,2009-01-05,36158.33,1
3225,2049,2022-10-28,993.47,1
3226,467,2015-12-15,2074.66,1
3227,1389,2025-01-31,171416.95,1
3228,1735,2026-05-23,5522.47,1
3229,885,2009-10-03,3509.35,1
3230,699,2018-01-11,4338.59,1
3231,1449,2013-04-08,12447.53,1
3232,511,2014-08-30,160956.29,1
3233,341,2010-06-17,178792.82,1
3234,951,2026-02-15,219.38,1
3235,874,2020-04-14,17470.23,3
3236,1132,2024-09-17,8871.56,1
3237,67,2022-04-06,721.75,1
3238,1884,2017-07-28,4111.31,1
3239,2051,2025-10-05,12776.32,1
3240,1572,2023-07-19,2468.54,1
3241,1167,2025-08-18,1591.14,1
3242,1160,2018-12-28,375.58,1
3243,362,2015-08-19,700.68,1
3244,2231,2013-08-08,91192.92,1
3245,1172,2025-04-09,533.46,1
3246,1804,2023-04-11,427.03,1
3247,2492,2022-04-06,2934.56,1
3248,2021,2012-06-10,122049.61,1
3249,366,1992-01-05,2281.74,1
3250,814,2018-01-27,166557.68,1
3251,1365,2010-10-21,1607.65,2
3252,1068,2018-01-15,19132.62,3
3253,1241,2021-10-16,22880.32,1
3254,1773,2024-09-24,1605.24,1
3255,460,2026-08-21,72169.97,1
3256,1864,2014-06-01,193511.59,1
3257,228,1994-04-05,9929.43,1
3258,354,2019-09-24,2140.97,1
3259,1047,2003-02-27,8649.31,3
3260,449,2019-11-22,6292.07,1
3261,1000,1996-08-02,2336.99,1
3262,1511,2008-11-22,233554.53,1
3263,127,2014-07-05,31545.85,1
3264,1506,2012-08-19,2072.73,3
3265,138,1996-08-21,6732.79,1
3266,557,2025-09-29,2828.88,1
3267,487,2006-02-16,874.88,1
3268,1519,2010-10-27,1846.1,1
3269,1849,2026-01-14,41770.74,1
3270,1853,2018-05-07,1798.25,1
3271,2114,2019-10-18,746.4,1
3272,203,2004-10-29,113.58,1
3273,2317,2018-02-04,15111.73,1
3274,460,2026-07-28,38085.04,1
3275,2262,2012-12-03,31075.66,1
3276,1816,2022-07-29,35514.62,1
3277,602,2020-01-28,743.03,1
3278,1913,2015-09-20,1518.96,1
3279,299,2007-07-30,857.2,1
3280,1446,2019-09-18,942.54,1
3281,702,2024-02-20,10577.25,1
3282,1429,2018-08-07,1678.32,1
3283,1249,2024-09-02,48312.84,1
3284,2405,2025-10-06,41730.26,1
3285,737,2014-04-27,1564.19,1
3286,214,2026-03-12,313.55,1
3287,2053,2022-03-25,33743.29,1
3288,1785,2024-05-15,46871.84,1
3289,635,2016-12-10,3010.23,1
3290,478,2026-01-19,27139.95,1
3291,1164,2020-04-02,7900.19,1
3292,153,2017-09-16,3025.11,1
3293,775,1993-02-01,759.36,1
3294,1324,2013-02-02,22349.84,1
3295,2160,2021-03-11,3858.62,1
3296,2060,2023-06-16,15427.37,2
3297,494,2024-03-03,2445.72,1
3298,100,2013-10-05,29015.71,1
3299,133,2019-06-22,17442.95,1
3300,526,2023-09-21,5354.98,1
3301,1764,2022-03-07,1208.37,1
3302,918,2009-10-26,12048.29,1
3303,1022,2022-12-26,1584.17,1
3304,643,2007-10-20,1142.65,1
3305,1697,2014-01-12,53147.67,1
3306,1888,2010-10-30,594.97,1
3307,117,2013-07-22,170581.22,1
3308,270,2018-11-01,3987.36,1
3309,702,2024-07-03,1606.01,1
3310,1915,1991-01-27,330.16,1
3311,2297,2025-04-22,310541.95,1
3312,1769,2026-02-05,591.12,1
3313,966,2023-11-02,962.04,1
3314,160,2025-06-20,15683.91,1
3315,1872,2012-11-23,1106.03,1
3316,592,2011-08-26,782.65,1
3317,235,2023-12-30,1466.43,1
3318,1173,2025-03-03,5966.98,1
3319,1337,2024-01-01,1436.34,1
3320,773,2006-07-22,5794.13,1
3321,1272,2019-07-01,1057.8,1
3322,1345,2019-11-11,11381.73,1
3323,966,2022-02-27,1646.28,1
3324,2113,2024-11-19,2644.89,1
3325,2447,2017-11-02,65119.39,1
3326,1474,2018-05-05,1192.67,1
3327,2400,2021-01-07,1616.79,1
3328,371,2004-03-12,124158.61,1
3329,618,2023-10-24,8054.05,1
3330,166,2002-08-20,1143.58,1
3331,1307,2025-10-10,6470.19,2
3332,887,2006-02-10,1013.05,1
3333,1355,2005-08-13,1985.96,1
3334,1257,2023-09-23,4948.88,1
3335,1643,2025-04-24,430.72,1
3336,1038,2017-12-18,23872.81,1
3337,1460,2019-01-16,86006.02,1
3338,1397,2018-02-26,3709.56,1
3339,655,2026-04-14,271.3,1
3340,859,1999-02-08,2227.18,1
3341,370,2017-10-24,1430.23,1
3342,1026,2023-05-17,146.39,1
3343,1271,2012-11-06,2961.53,1
3344,579,2022-11-03,40799.45,1
3345,395,2002-01-30,38946.89,1
3346,992,2017-04-27,802.95,1
3347,157,2024-01-25,11039.55,1
3348,970,2026-08-08,8321.12,1
3349,2200,2008-10-19,837.91,1
3350,313,2019-10-23,8230.35,1
3351,802,2022-05-20,1002.46,1
3352,365,2016-07-01,1213.55,1
3353,1375,2008-10-29,1752.81,1
3354,1852,1987-11-22,853.88,1
3355,854,2023-11-13,66096.81,2
3356,2403,2018-01-16,1428.12,1
3357,2184,2022-09-10,456.03,1
3358,1329,2023-01-19,3322.51,1
3359,2240,2012-01-27,99.16,1
3360,1506,2014-06-17,701.03,1
3361,1326,2016-01-20,165650.81,1
3362,1909,2010-04-07,1331.83,3
3363,907,2006-02-06,8584.12,1
3364,940,2019-11-15,2465.03,1
3365,741,2023-03-18,3311.09,1
3366,1336,2009-05-10,4763.43,3
3367,546,2024-05-26,23874.92,1
3368,864,2011-01-10,31332.71,1
3369,2410,2023-11-21,1249.79,1
3370,1914,2021-06-08,469.33,1
3371,675,2020-05-23,61650.94,1
3372,961,2007-07-11,2488.48,1
3373,1854,2006-11-21,23989.91,1
3374,1832,2025-04-07,2381.48,1
3375,978,2001-11-24,35145.6,1
3376,2390,2014-09-19,3695.73,1
3377,1867,2017-10-12,2690.06,1
3378,2271,2018-02-12,2767.68,1
3379,214,2026-06-26,384.79,1
3380,1519,2010-11-09,2305.68,1
3381,715,2022-08-05,60799.11,1
3382,1250,2019-08-03,745.91,1
3383,1222,2021-06-15,15315.11,1
3384,1600,2022-06-30,103719.14,1
3385,2223,2003-12-10,6683.37,1
3386,283,2019-12-08,21773.93,1
3387,2440,2015-03-03,4602.74,1
3388,1004,2016-01-07,2269.64,1
3389,1383,2026-01-29,6272.96,1
3390,703,2019-01-20,68.05,1
3391,1596,1979-09-07,82428.15,1
3392,464,2009-06-16,448.68,1
3393,1256,2012-08-01,779.61,1
3394,1836,2023-04-21,442.86,1
3395,2452,2022-04-06,3077.71,1
3396,98,2005-01-31,6969.68,1
3397,1079,2026-05-17,10805.1,1
3398,2410,2021-09-09,829.65,1
3399,307,2016-06-27,16598.42,1
3400,1151,2014-01-29,2551.12,1
3401,672,2020-04-10,698.92,1
3402,1734,2019-05-28,8085.67,1
3403,171,2007-06-04,7559.52,1
3404,2019,1988-09-11,1506.45,1
3405,2195,2005-05-26,309.34,1
3406,1488,2007-09-04,4570.82,1
3407,552,2026-06-11,7278.17,1
3408,1153,2024-10-28,14487.98,1
3409,1112,2021-01-16,1327.56,1
3410,1161,2008-10-04,61463.53,1
3411,2167,2003-09-29,232828.49,1
3412,1227,2003-02-03,287.52,1
3413,679,2021-08-31,2386.57,1
3414,2251,2016-08-18,9006.88,1
3415,587,2017-01-31,8061.53,1
3416,767,2022-12-04,26613.54,1
3417,2112,2019-06-11,8.46,1
3418,760,2021-06-09,54046.07,1
3419,2287,2016-10-17,1600.25,1
3420,2223,2003-10-27,1277.0,1
3421,232,2013-08-05,684.55,1
3422,1646,2025-10-04,205.98,1
3423,1884,2018-08-02,6632.0,1
3424,2105,2017-11-08,67790.28,1
3425,395,2001-11-09,12539.98,1
3426,2246,2019-06-10,11805.93,1
3427,1171,1996-07-16,1138.01,1
3428,1828,2026-03-19,4459.1,1
3429,1456,2021-10-26,203192.41,1
3430,1531,2014-07-01,383.58,1
3431,636,2023-10-21,1404.5,1
3432,1266,2026-06-01,256.37,1
3433,1441,2004-08-31,765.24,1
3434,2016,2024-04-13,4786.58,1
3435,1888,2009-04-30,1972.36,1
3436,91,2006-11-28,10894.94,1
3437,476,2015-05-04,546.94,1
3438,289,1999-02-01,63.72,1
3439,1007,2025-08-09,55276.63,1
3440,1266,2026-04-04,514.98,1
3441,518,2016-08-23,9049.34,1
3442,125,2004-06-07,640.8,1
3443,736,2013-06-10,6587.99,1
3444,2396,2020-06-17,6563.46,1
3445,1923,2024-11-25,197.06,1
3446,841,2001-06-01,3509.05,3
3447,1219,2005-02-01,4091.57,1
3448,1800,2019-02-18,1242.24,1
3449,2391,2019-12-14,51148.02,1
3450,2038,2005-06-20,513.05,1
3451,554,1989-05-04,3003.26,1
3452,2437,1997-01-30,180.06,1
3453,1135,2022-08-08,464743.52,1
3454,992,2016-06-04,738.02,1
3455,905,2023-10-07,713.14,1
3456,720,2022-09-09,12238.75,1
3457,2345,2021-11-23,358.1,1
3458,1499,1989-06-21,2052.0,1
3459,1494,2019-09-07,32514.48,1
3460,1301,2001-08-23,1171.51,1
3461,399,2014-06-10,3474.24,1
3462,332,2024-08-10,830.08,1
3463,215,2022-09-01,504.96,1
3464,1634,2015-09-23,1823.22,1
3465,1247,2009-02-09,1223.66,1
3466,1833,1997-04-13,150.98,1
3467,604,2006-10-15,22307.13,1
3468,85,2026-07-02,538.54,1
3469,1877,1995-05-21,4700.45,1
3470,1049,2001-02-20,94105.48,1
3471,953,2016-11-26,10680.27,1
3472,390,2015-09-27,315.06,1
3473,555,2019-10-15,3680.7,1
3474,634,2021-06-07,5931.68,1
3475,466,2003-10-26,3532.38,1
3476,1294,2005-10-24,2377.37,1
3477,153,2016-04-29,12260.03,1
3478,633,1997-02-27,139.16,1
3479,1531,2011-02-05,1342.94,1
3480,1973,2026-03-08,2167.23,1
3481,1123,2018-07-19,1027.81,1
3482,850,2012-03-14,3044.99,1
3483,636,2026-02-07,1521.82,1
3484,31,2020-03-20,714.57,1
3485,630,2025-09-20,6535.4,1
3486,2016,2021-05-30,734.31,1
3487,139,2021-03-16,6067.36,1
3488,2432,2015-06-29,64863.88,1
3489,859,2007-04-27,1540.4,1
3490,1804,2023-04-13,2908.16,1
3491,2194,1989-06-17,3387.26,1
3492,1651,2021-08-27,116560.4,1
3493,2190,2024-06-17,1890.19,1
3494,28,2008-09-15,50709.98,1
3495,2151,2017-11-27,2029.9,1
3496,225,2021-01-19,4658.42,1
3497,1206,2004-01-11,1544.8,1
3498,1905,2024-09-15,6453.41,1
3499,1977,2013-09-15,5546.29,1
3500,1037,2010-09-10,2674.65,1
3501,1994,2021-09-25,14689.37,1
3502,500,2007-03-24,88772.49,1
3503,13,2019-11-30,5706.88,1
3504,924,2022-07-28,1714.09,1
3505,2323,2024-01-03,923.31,1
3506,801,2025-03-02,2339.21,1
3507,1853,2018-03-05,1535.56,1
3508,540,1993-05-02,28.26,3
3509,1066,2026-04-29,612.44,1
3510,1967,2006-12-01,206638.39,1
3511,923,2011-09-24,28063.48,1
3512,1340,2022-05-22,36172.82,1
3513,930,2012-04-28,101014.46,1
3514,759,2011-09-22,10.58,1
3515,736,2012-01-06,6266.32,1
3516,1953,2020-12-31,659.17,1
3517,57,2022-10-30,3373.83,1
3518,947,2008-09-11,2291.27,1
3519,432,2025-02-01,687.15,1
3520,62,2016-06-27,1917.44,1
3521,1983,1981-01-03,393.98,1
3522,562,1992-09-24,5992.28,1
3523,946,2015-05-18,288.35,1
3524,193,2015-11-23,363.97,1
3525,366,1995-12-26,357.65,1
3526,1586,2019-06-23,480.72,1
3527,1416,2023-05-08,4810.89,1
3528,2052,2022-12-27,1047.31,1
3529,1130,2014-07-26,3352.7,1
3530,2338,2021-09-10,98987.77,1
3531,268,2019-01-23,11049.75,1
3532,1016,2005-02-11,450.51,1
3533,1479,2018-05-25,514.37,1
3534,1487,2025-08-19,17583.39,1
3535,2044,2015-07-05,4813.44,1
3536,312,2025-10-23,368.16,1
3537,1072,2017-07-13,113.21,1
3538,2110,2026-07-28,1124.15,1
3539,1765,2017-02-18,22191.43,1
3540,1923,2025-05-18,94.32,1
3541,485,2017-05-01,1049.36,1
3542,1332,2025-11-01,26687.24,1
3543,974,2013-08-18,597.49,1
3544,2385,2022-04-06,5502.14,1
3545,1641,2021-01-28,8122.36,1
3546,1455,2013-07-08,1097.28,1
3547,1154,2009-09-29,42570.87,1
3548,1723,2015-12-27,1476.26,1
3549,2125,2006-06-19,240.41,1
3550,1298,2014-01-05,2999.2,1
3551,2202,2001-09-23,356.97,1
3552,2113,2024-10-16,8052.85,1
3553,2204,2019-01-25,1736.24,1
3554,1026,2023-08-09,10387.18,1
3555,1872,2015-04-27,1071.36,1
3556,1767,2004-01-07,8005.86,1
3557,1589,2025-10-11,983.42,1
3558,703,2024-09-24,546.45,1
3559,1463,2021-12-06,6820.64,1
3560,1228,2026-06-09,3056.5,1
3561,1343,2023-09-14,1474.17,1
3562,2369,2023-07-10,3932.1,1
3563,2272,2023-05-26,2778.52,1
3564,992,2017-11-19,593.66,1
3565,1281,2023-03-06,80.06,1
3566,1483,2017-01-28,1481.12,1
3567,322,2017-04-18,1258.88,1
3568,969,2023-11-25,575.69,1
3569,337,2000-10-05,664.25,1
3570,974,2011-10-22,44.35,1
3571,2446,2025-12-16,81571.02,1
3572,423,2014-08-20,162.91,1
3573,2440,2021-07-18,1243.99,1
3574,2238,1998-11-02,46138.83,1
3575,629,2023-06-02,9964.76,1
3576,1016,2007-04-14,853.87,1
3577,459,2021-04-13,38756.39,1
3578,1310,2022-06-06,701.46,1
3579,1363,2023-03-10,12400.93,1
3580,793,2021-03-08,2959.87,1
3581,575,1977-10-23,4950.77,1
3582,1845,2024-03-14,3405.92,3
3583,2388,2010-05-20,8384.43,1
3584,637,2004-09-09,6963.19,1
3585,234,2009-04-14,1012.04,1
3586,1019,2009-11-05,1329.91,1
3587,1142,2021-11-24,57.94,3
3588,766,2025-11-16,5270.87,1
3589,390,2013-10-05,149.18,1
3590,1055,2023-03-05,7649.39,1
3591,974,2012-06-22,610.9,1
3592,1259,2024-11-15,655.6,1
3593,2213,2024-05-17,6951.27,3
3594,559,2023-02-10,558.99,1
3595,2250,2002-10-26,332844.83,1
3596,1492,2015-04-28,11946.59,1
3597,1396,2024-02-10,777.9,1
3598,1110,2016-03-28,755.55,1
3599,1210,2023-01-16,3050.8,1
3600,43,2012-12-11,15290.31,1
3601,2185,2020-11-02,1058.35,1
3602,2115,2010-06-30,5289.02,1
3603,198,2010-05-27,1578.33,1
3604,1293,1997-02-22,181244.18,1
3605,1507,2012-03-23,8553.61,1
3606,1348,2018-06-24,7029.81,3
3607,724,2012-08-07,86.04,1
3608,968,2008-03-19,670.51,2
3609,2484,2012-03-22,246896.9,1
3610,769,2009-01-20,5626.02,3
3611,1334,2017-02-11,34020.14,1
3612,2292,2014-01-15,32852.97,1
3613,1419,2020-04-15,308.81,1
3614,767,2024-08-02,3959.76,3
3615,469,2015-03-03,1549.09,1
3616,576,2014-12-06,42747.9,1
3617,2301,2026-05-02,728.89,1
3618,1494,2020-09-11,7575.14,1
3619,2308,2022-11-12,5128.89,1
3620,1070,2004-03-17,5402.95,1
3621,1593,2014-07-27,4583.25,1
3622,602,2014-05-24,597.84,1
3623,1169,2022-01-17,995.01,1
3624,1678,2011-05-24,2964.81,1
3625,2041,2022-07-19,12771.85,1
3626,1065,2024-08-29,588.77,1
3627,2444,2023-05-15,3684.68,1
3628,1233,2005-01-29,2913.44,1
3629,620,2006-12-27,134969.32,1
3630,2326,2023-11-19,792.9,1
3631,460,2026-07-08,39774.45,1
3632,1424,2025-11-06,174888.4,1
3633,349,1986-07-16,1261.98,1
3634,1657,2025-05-31,11101.94,1
3635,1536,2024-03-01,466.49,1
3636,295,2008-09-04,12508.28,1
3637,770,2006-10-25,1228.42,1
3638,807,2026-05-24,1879.45,2
3639,438,2024-03-21,504.38,1
3640,1071,2023-01-24,3186.15,3
3641,327,2023-05-25,358.44,1
3642,1317,1991-10-05,475.33,1
3643,2307,1999-09-21,47531.23,1
3644,1327,2013-07-22,11166.62,1
3645,3,2023-09-28,1193.18,1
3646,953,2017-02-14,1470.66,1
3647,1808,1992-06-19,8118.63,1
3648,251,2015-01-12,26258.35,1
3649,1420,2019-12-22,15925.69,1
3650,738,2024-05-02,567.69,1
3651,1330,2025-11-27,171275.92,1
3652,270,2013-12-31,4007.27,1
3653,2436,2003-02-12,4902.06,1
3654,649,2011-05-27,3014.58,1
3655,436,2026-05-15,426.73,2
3656,739,2009-12-25,4319.01,1
3657,1675,2012-08-13,36427.59,1
3658,765,2023-10-11,15810.21,1
3659,140,2023-05-21,1460.62,1
3660,2008,2015-07-30,2066.51,1
3661,138,1997-04-16,7827.82,1
3662,1544,2021-12-12,85599.23,1
3663,271,2018-04-19,2622.4,1
3664,1785,2024-10-24,14359.17,1
3665,189,2011-01-10,271.01,1
3666,1199,2022-10-26,4825.23,1
3667,242,2010-08-27,607.06,1
3668,484,2015-07-10,6236.43,1
3669,1758,2023-12-28,10846.29,1
3670,445,2019-10-31,144782.26,1
3671,2469,2011-02-24,826.22,3
3672,1735,2026-05-23,426.77,1
3673,1679,2025-01-20,2887.39,1
3674,2279,2010-07-03,2024.94,1
3675,1399,2008-12-07,17725.77,1
3676,1617,2020-12-25,142543.18,1
3677,1164,2004-10-01,12648.85,1
3678,713,2018-06-09,1130.28,1
3679,1068,2017-06-25,10961.4,1
3680,988,2024-09-05,3449.81,1
3681,286,1994-03-07,402.74,1
3682,509,2016-10-12,960.98,1
3683,2112,2019-08-20,11843.53,1
3684,107,2007-08-06,21451.69,1
3685,898,2020-01-28,3016.58,1
3686,163,2025-09-28,16536.15,1
3687,1675,2009-05-15,7497.5,1
3688,1940,2024-03-27,2209.18,1
3689,786,2021-07-28,58277.91,1
3690,200,2009-11-14,755.66,1
3691,2274,2001-02-15,2696.67,1
3692,89,2020-02-08,3465.75,1
3693,207,2019-01-17,146.67,1
3694,690,2023-02-07,3649.81,1
3695,519,2006-01-04,19784.49,1
3696,2500,2025-07-07,3005.71,1
3697,315,2002-07-20,1472.3,1
3698,2319,2003-05-20,56307.11,1
3699,490,2025-07-28,9888.53,1
3700,1920,2010-11-18,42095.08,1
3701,1655,2026-03-13,618.31,1
3702,2490,2005-02-12,511.06,1
3703,426,2018-11-06,35117.24,3
3704,1615,2005-05-03,6035.87,1
3705,909,2025-10-16,278.11,1
3706,1137,2024-05-29,1356.71,1
3707,1120,2016-01-03,16336.11,1
3708,1692,2026-03-06,1706.11,1
3709,1576,2019-02-19,66292.94,1
3710,829,2015-09-28,1928.08,1
3711,495,2020-05-08,2383.92,1
3712,565,2019-05-21,4249.91,1
3713,2404,2022-12-26,1599.21,1
3714,182,2024-11-02,337.82,1
3715,2013,2013-11-17,65.99,1
3716,567,2018-10-11,494267.21,1
3717,1808,1995-05-03,7228.99,1
3718,1091,2016-10-24,1354.56,1
3719,377,2012-04-10,503.02,1
3720,987,2005-06-18,18256.82,1
3721,462,1983-11-07,1870.83,1
3722,1114,2023-11-07,21342.58,1
3723,225,2021-09-24,11245.86,1
3724,1099,2026-08-08,149.0,1
3725,44,2025-12-15,3486.16,1
3726,1980,2021-08-20,888.28,1
3727,1436,2016-03-10,255.2,1
3728,591,2012-09-16,63380.73,1
3729,1153,2022-02-16,9018.72,1
3730,365,2019-10-16,2248.26,1
3731,58,2022-01-22,2062.38,1
3732,125,2006-12-13,3527.66,2
3733,1116,2025-05-19,23923.72,1
3734,693,2011-03-05,3591.91,1
3735,1811,2012-10-15,628.14,1
3736,776,2003-06-02,7016.3,1
3737,2151,2010-08-28,1341.3,1
3738,1074,2024-01-06,677.59,1
3739,1149,2014-02-15,3010.85,1
3740,2101,2026-07-18,330.09,1
3741,1110,2020-06-06,1164.93,1
3742,251,2015-09-10,53534.84,1
3743,1460,2016-02-06,51578.01,1
3744,2499,2023-11-18,1371.54,1
3745,1711,2026-08-17,38327.51,1
3746,2481,1993-03-14,931.96,1
3747,1185,2002-03-08,8374.5,1
3748,397,2025-07-05,1262.37,1
3749,1421,1998-06-11,1078.18,1
3750,1005,1992-06-28,19079.08,1
3751,546,2024-06-18,27702.11,1
3752,591,2013-07-18,51031.59,1
3753,2020,2024-09-15,4898.96,1
3754,181,2022-05-15,7252.22,3
3755,1914,2023-08-16,340.25,1
3756,1112,2021-10-20,841.56,1
3757,1983,1979-03-25,536.76,1
3758,576,2013-11-13,22077.14,1
3759,1212,2026-06-28,6106.26,1
3760,1674,2001-09-08,43347.05,1
3761,1434,2025-09-15,2601.45,1
3762,1777,2024-03-26,2019.7,1
3763,209,2009-10-12,494.78,1
3764,692,2016-07-27,2282.63,1
3765,626,2025-07-07,82892.64,1
3766,1963,2025-11-16,229898.72,1
3767,1415,2022-12-01,658.5,1
3768,2080,2008-11-26,309.7,1
3769,1472,2010-07-13,50266.98,1
3770,890,2020-01-13,13046.33,2
3771,308,2014-12-03,470.92,1
3772,1508,2016-09-24,51.8,1
3773,1919,2023-02-10,12840.24,1
3774,875,2026-01-25,5557.29,3
3775,2288,2021-12-09,293.47,1
3776,1636,1980-06-05,23768.41,1
3777,459,2018-12-18,61289.43,1
3778,2171,2020-12-18,488223.18,1
3779,555,2019-09-28,5709.96,1
3780,2047,2022-07-30,3882.74,1
3781,1893,2025-09-13,603.85,3
3782,711,2010-06-25,47043.56,1
3783,1626,2013-09-07,9579.59,1
3784,1481,2016-03-27,1258.24,2
3785,2194,1993-09-09,7177.17,1
3786,880,2011-10-25,559.62,1
3787,1352,2023-10-19,518.83,1
3788,316,2006-03-17,112.7,1
3789,1221,2016-07-09,6214.33,1
3790,2022,2020-04-12,129737.08,2
3791,2462,2010-08-20,3824.98,1
3792,2429,2023-02-03,844.76,1
3793,882,2015-10-03,2502.83,1
3794,374,2017-09-29,23498.95,2
3795,266,2026-02-07,416.8,1
3796,1053,2003-07-25,8091.05,1
3797,81,2021-02-20,4033.5,1
3798,449,2021-06-15,36822.15,1
3799,823,2025-09-22,1073.81,1
3800,1357,2023-05-05,12.12,1
3801,1699,2022-03-29,29487.59,1
3802,374,2015-01-18,26455.01,1
3803,1236,2000-07-25,1205.61,1
3804,2248,2024-05-08,39998.69,3
3805,1135,2022-03-03,368831.53,1
3806,767,2024-07-01,27475.46,1
3807,1980,2016-11-05,12105.46,1
3808,1441,2005-11-26,801.14,1
3809,1257,2024-06-08,5512.19,1
3810,1876,2022-10-29,1725.46,1
3811,1470,2010-06-18,5398.14,1
3812,2093,2019-02-13,85.07,1
3813,1535,2026-09-14,4394.47,1
3814,1429,2016-11-21,1775.51,1
3815,451,2006-10-31,4726.76,1
3816,1994,2020-06-16,43162.96,1
3817,1790,2010-03-04,229.22,1
3818,1405,2005-11-10,9191.35,1
3819,1597,2024-06-27,20626.72,1
3820,1040,2024-05-04,597.43,1
3821,396,2020-01-15,2587.7,1
3822,1434,2025-08-01,1211.24,1
3823,2299,1990-12-17,373.73,1
3824,696,2023-10-23,46578.78,1
3825,726,2021-12-18,744.25,1
3826,1366,2025-02-03,385.39,1
3827,1480,2019-07-10,2403.55,1
3828,2051,2026-01-05,65453.29,3
3829,1359,2016-02-18,1623.39,1
3830,2229,2018-09-13,1559.86,1
3831,996,1993-02-08,6707.07,1
3832,1619,2021-12-07,20162.32,1
3833,1933,2023-03-26,17098.43,1
3834,1683,2020-07-10,2113.12,1
3835,1478,2026-04-16,9033.28,1
3836,366,1993-01-20,442.11,1
3837,727,2024-08-16,2994.12,1
3838,2478,2024-07-04,1337.34,1
3839,1731,2012-04-19,18409.99,1
3840,1423,2003-10-31,898.9,1
3841,910,2021-11-08,24499.02,1
3842,251,2014-11-19,65585.89,1
3843,1786,2026-03-18,417.3,1
3844,1744,2013-10-07,18426.48,3
3845,243,2008-08-13,4072.22,1
3846,2202,2002-06-16,299.31,1
3847,1649,2009-09-26,78127.47,1
3848,423,2013-08-09,515.5,1
3849,2144,2025-03-05,53.23,1
3850,819,2021-11-29,5397.84,1
3851,38,2024-12-07,16181.01,1
3852,1190,2023-09-02,129717.94,1
3853,1915,1990-08-09,374.38,1
3854,96,2016-05-29,4779.5,1
3855,875,2026-01-19,3417.74,1
3856,245,2006-07-04,904.71,1
3857,1194,2024-06-26,1070.97,3
3858,442,2020-02-23,7380.45,1
3859,1145,2011-09-12,1946.21,1
3860,783,2021-11-26,40080.18,1
3861,663,2026-03-21,14469.21,1
3862,1103,1983-06-10,1926.6,1
3863,979,2020-08-24,2835.44,1
3864,2018,2012-11-04,4234.36,1
3865,178,2020-10-26,1355.67,1
3866,639,2003-01-31,110741.14,1
3867,898,2020-02-01,1402.84,1
3868,2244,2004-10-07,5464.62,1
3869,1998,2004-11-11,7974.68,1
3870,1355,2012-05-08,1320.2,1
3871,2000,2012-08-07,2295.09,1
3872,1227,2002-03-30,235.76,1
3873,753,2026-07-17,74756.69,1
3874,889,2022-02-24,436.16,1
3875,181,2019-10-10,8426.11,1
3876,1472,2010-03-18,24438.92,1
3877,2469,2014-07-21,392.03,1
3878,522,2017-11-27,1234.31,1
3879,1536,2024-03-10,478.19,1
3880,144,2023-12-06,1429.19,1
3881,2136,2017-01-19,21.43,1
3882,1703,2022-01-14,23117.43,1
3883,789,2020-03-20,4082.31,1
3884,624,2012-01-11,8104.76,1
3885,156,2026-02-19,689.58,1
3886,309,2012-05-14,3641.45,1
3887,966,2021-03-10,1657.89,1
3888,878,2006-04-03,465.24,1
3889,2117,2012-05-08,1143.15,1
3890,1012,2026-04-23,6492.5,1
3891,2085,2018-01-22,1276.59,1
3892,2443,2016-11-17,241.22,1
3893,2481,1993-10-07,2007.84,1
3894,2124,2006-06-10,37983.1,1
3895,787,2024-02-06,1730.61,1
3896,2327,2003-05-03,4666.67,1
3897,1312,2025-03-14,1207.92,1
3898,343,2015-07-23,2077.73,1
3899,15,2021-09-04,13817.86,2
3900,704,2010-09-01,645.87,1
3901,190,2017-06-19,47105.36,1
3902,1233,2005-04-24,1439.57,1
3903,2465,2010-01-02,13838.02,1
3904,2141,2017-06-23,434.29,1
3905,908,1998-05-26,652.84,1
3906,101,2021-08-25,9312.89,1
3907,1818,2012-04-11,24921.54,1
3908,1205,2012-02-18,2912.67,1
3909,615,2008-01-29,2023.95,1
3910,111,2008-05-08,7629.68,1
3911,819,2021-11-12,8829.68,1
3912,2392,2017-10-14,67369.24,1
3913,1816,2024-02-07,41602.76,1
3914,772,2020-08-19,2324.16,1
3915,261,2026-07-16,2228.41,1
3916,1651,2020-02-19,60988.9,1
3917,1178,2014-03-04,302.54,1
3918,1944,2022-10-29,2603.93,1
3919,1459,2026-06-06,26716.95,1
3920,2397,2016-07-23,67837.97,1
3921,1541,2018-01-29,62166.92,1
3922,2224,2021-05-28,3167.15,1
3923,1726,2020-01-09,83787.16,1
3924,1702,2023-05-07,2452.5,1
3925,1227,1994-02-22,700.39,1
3926,236,2007-07-25,4781.41,3
3927,1602,2024-04-13,2431.18,1
3928,1639,2018-06-20,4924.51,2
3929,556,2016-05-13,244563.64,1
3930,1541,2014-01-11,62695.56,1
3931,2404,2025-02-24,16112.81,1
3932,1975,2019-09-12,10674.62,1
3933,2285,2017-04-10,1113.92,1
3934,1817,2013-02-11,4148.09,1
3935,2206,2023-08-29,2283.63,1
3936,1776,2012-03-23,746.71,1
3937,1364,2007-12-27,1102.56,1
3938,1583,2015-11-30,1802.65,1
3939,685,2017-12-02,3583.7,1
3940,1860,2011-09-30,399166.66,1
3941,1213,2015-09-08,3389.19,1
3942,1085,2026-06-02,20771.0,1
3943,2146,2017-09-10,36601.24,1
3944,1374,2023-05-25,47.66,1
3945,487,2006-04-03,793.22,1
3946,707,2002-04-26,3484.96,1
3947,103,2010-06-06,1897.33,1
3948,2146,2017-06-22,8955.3,1
3949,1069,2005-10-11,1525.67,1
3950,815,2007-05-27,786.45,2
3951,1506,2014-02-21,2327.77,1
3952,1290,2008-02-02,1258.24,1
3953,166,2003-01-09,1444.93,1
3954,2420,2022-06-08,917.4,1
3955,2029,2023-03-05,5189.46,1
3956,2211,2016-01-17,4186.57,1
3957,1582,2022-01-25,1851.48,1
3958,1889,2026-04-01,63288.08,1
3959,1620,2018-08-01,2350.7,1
3960,554,1989-06-06,37753.01,1
3961,1280,2026-06-20,46596.46,3
3962,1886,2021-05-25,5354.34,1
3963,1331,2019-07-31,769.99,1
3964,2466,2025-09-01,594.51,1
3965,1081,2011-08-24,1889.26,1
3966,2144,2025-05-25,349.97,1
3967,1859,2000-02-11,6630.58,1
3968,2187,2026-04-12,9952.19,1
3969,939,2014-01-31,1316645.54,1
3970,852,2022-11-15,600.59,1
3971,1412,2026-04-27,1860.67,1
3972,885,2009-02-15,3472.04,1
3973,610,2025-08-21,10699.54,1
3974,2391,2022-07-15,243566.21,1
3975,971,2014-04-14,10467.24,1
3976,1901,2007-04-29,12.42,1
3977,701,2013-10-21,20327.4,1
3978,162,2006-02-12,52649.19,1
3979,1084,2001-03-02,20743.85,1
3980,1224,2019-08-02,12691.44,1
3981,922,2025-07-05,2150.35,1
3982,1234,2009-08-13,2981.74,1
3983,440,2010-05-17,29742.43,1
3984,765,2025-11-10,19356.07,1
3985,1877,1995-10-16,1139.96,1
3986,1132,2023-09-13,5104.51,1
3987,674,2014-02-24,1412.65,1
3988,1544,2024-04-25,79957.42,1
3989,2008,1999-08-28,2266.9,1
3990,469,2015-09-29,652.52,3
3991,2050,2022-06-13,188.16,1
3992,112,1996-10-29,184991.47,1
3993,1624,2025-07-23,4541.62,1
3994,2416,2003-06-02,503.08,1
3995,189,2018-09-25,475.04,1
3996,2379,2005-03-02,110235.36,1
3997,1583,2015-06-05,3265.1,1
3998,2430,2021-02-16,2047.36,1
3999,1582,2014-08-18,174.39,1
4000,139,2015-09-07,10458.28,1
4001,1717,2025-02-16,331.38,1
4002,2283,2014-11-18,328.37,1
4003,16,2005-06-06,6125.02,1
4004,1247,2009-01-28,86.63,1
4005,1360,2009-01-21,25100.04,1
4006,1172,2025-04-21,64.42,1
4007,1839,2022-07-27,669.95,1
4008,87,2010-07-12,1364.79,1
4009,253,2021-05-31,6041.27,1
4010,1938,2003-06-17,2143.27,1
4011,1919,2023-02-16,8223.78,1
4012,1069,2005-02-04,627.22,1
4013,1111,2012-11-23,2244.48,3
4014,14,2014-01-02,6263.84,1
4015,95,2024-01-21,276.23,1
4016,980,2008-12-04,17367.58,1
4017,14,2013-01-14,277.72,1
4018,1183,2025-09-16,955.04,1
4019,167,2019-02-22,129232.37,1
4020,98,2008-05-31,4684.18,1
4021,646,1988-12-31,1278.4,1
4022,898,2020-02-24,691.97,3
4023,2024,2019-08-23,329.18,1
4024,2049,2022-11-20,536.09,1
4025,1712,2018-02-11,47395.56,1
4026,676,2024-05-18,146789.42,1
4027,1705,2005-10-03,3009.68,1
4028,2477,2013-11-05,69.39,1
4029,1027,2019-12-30,230558.92,1
4030,256,2023-08-01,126150.15,1
4031,525,2017-06-05,8424.82,3
4032,2240,2015-05-07,166.18,1
4033,738,2024-05-20,1494.59,1
4034,1793,2024-04-08,13198.47,1
4035,20,2007-09-02,727.52,1
4036,1657,2025-06-02,11875.61,3
4037,425,2023-04-17,1003.22,1
4038,2227,2023-01-27,3320.55,1
4039,80,2022-01-09,1970.89,1
4040,1984,2020-06-08,1850.06,1
4041,1373,2023-03-31,240.37,1
4042,29,2024-03-20,10356.88,1
4043,1787,2022-07-25,1665.84,1
4044,1258,2019-02-19,425.26,1
4045,45,2005-05-26,54870.46,1
4046,1098,2010-09-20,125072.65,1
4047,50,2026-08-04,42276.4,1
4048,815,2010-09-17,45.03,1
4049,2404,2022-09-27,5752.82,1
4050,2450,2025-03-02,21672.99,1
4051,909,2025-10-03,904.69,1
4052,392,2007-06-24,1145.73,1
4053,1772,2026-05-26,788.42,1
4054,870,2018-05-23,3449.57,1
4055,517,2022-10-30,1060.85,1
4056,2116,2018-11-19,9705.34,1
4057,2203,2025-08-29,63907.45,1
4058,399,2018-06-30,29097.88,3
4059,220,2024-08-20,1550.31,1
4060,1349,2024-11-05,26887.16,1
4061,2141,2017-08-14,1523.75,1
4062,2364,2024-08-21,1778.43,1
4063,1260,2021-09-14,795.42,1
4064,734,2026-03-05,12285.59,1
4065,2451,2020-04-27,2711.37,1
4066,1031,2026-04-30,3010.19,1
4067,125,2004-01-04,1273.85,1
4068,902,2019-08-27,5986.57,1
4069,1366,2025-05-07,2029.05,1
4070,1025,2018-03-02,2367.62,1
4071,1029,2014-01-26,12341.81,1
4072,571,2013-06-17,1143.31,1
4073,1148,2025-06-06,1545.57,1
4074,724,2011-09-17,723.64,1
4075,829,2015-08-12,1009.96,1
4076,1708,1999-05-10,5587.9,1
4077,418,2023-08-22,7706.19,1
4078,71,2007-03-03,5600.05,1
4079,2378,2026-03-25,562.5,1
4080,1945,2018-01-06,2084.6,1
4081,1435,2025-12-20,7348.81,1
4082,1378,2005-05-25,6980.61,1
4083,2208,2007-07-25,2153.51,1
4084,926,2007-04-14,167097.88,1
4085,1596,1979-09-04,5160.05,1
4086,203,2006-12-26,788.04,1
4087,1072,2023-05-16,891.33,1
4088,2336,2024-08-02,6849.4,1
4089,699,2017-06-11,12845.51,1
4090,1565,2024-06-27,3134.26,1
4091,1314,2004-04-09,144166.98,1
4092,126,2025-08-07,533.48,3
4093,1610,2025-03-27,8276.33,1
4094,2473,2023-10-08,23265.86,1
4095,1612,2025-09-03,6373.98,1
4096,654,2016-10-12,1720.71,3
4097,861,2026-03-02,126.88,1
4098,1466,2006-08-08,865.6,1
4099,2031,2023-08-06,10234.53,1
4100,954,2025-07-18,255.9,1
4101,2305,1999-02-03,106.69,1
4102,905,2023-01-11,1922.04,1
4103,1264,2017-09-03,101.65,1
4104,1174,2014-01-11,1452.77,1
4105,11,2022-03-18,369.55,1
4106,1115,2023-02-25,1033.71,1
4107,295,2008-07-06,10436.46,1
4108,480,2012-07-21,2822.93,1
4109,1569,2024-01-11,1696.99,1
4110,1481,2017-02-11,514.04,1
4111,1074,2023-04-04,1839.22,1
4112,1364,2007-10-14,392.14,1
4113,611,2003-04-17,720.81,1
4114,396,2020-07-19,1431.52,1
4115,842,2026-03-14,150689.1,1
4116,2081,2020-12-10,63240.39,1
4117,281,2014-06-16,4035.17,1
4118,973,2023-04-27,787.86,1
4119,1428,2017-06-05,3275.75,1
4120,563,2024-03-22,419.57,1
4121,512,2003-06-05,696.26,1
4122,2121,2013-10-10,3481.57,1
4123,148,2022-01-12,5717.77,1
4124,1387,2025-11-15,36624.32,3
4125,646,1994-05-27,1765.46,1
4126,2218,2016-01-20,19940.3,1
4127,2224,2018-03-22,1312.1,1
4128,1212,2026-03-27,755.05,1
4129,991,2015-04-25,5556.49,1
4130,864,2008-02-20,25425.13,1
4131,2250,2003-11-26,93881.91,1
4132,29,2024-03-12,8477.02,1
4133,185,2017-03-28,3155.39,1
4134,2175,2011-05-10,8551.18,1
4135,2365,2021-05-30,831.7,1
4136,644,2019-06-26,73830.96,1
4137,681,2009-05-16,3548.36,1
4138,1022,2016-11-10,3404.3,1
4139,2356,2021-07-22,29700.03,1
4140,2474,2000-11-14,4129.65,1
4141,442,2019-07-20,8440.79,1
4142,2114,2022-03-08,902.93,2
4143,2027,2020-06-20,1479.22,1
4144,1853,2018-07-28,1201.24,1
4145,2208,2004-06-04,9549.73,1
4146,1767,2004-03-10,2303.76,1
4147,2350,2020-09-08,1767.74,1
4148,82,2022-04-29,136.18,1
4149,1541,2012-08-01,4903.36,1
4150,743,2021-02-12,974.44,1
4151,1565,2023-12-29,43953.42,1
4152,1656,2018-06-10,827.18,1
4153,382,2020-07-01,38977.45,1
4154,1516,2019-06-14,3412.95,1
4155,148,2021-12-01,23093.72,1
4156,2289,2022-08-13,711.42,1
4157,1145,2010-12-04,993.57,1
4158,1847,2012-02-28,3652.13,1
4159,2441,2018-01-13,24161.02,1
4160,1818,2008-03-26,12514.56,1
4161,2118,2007-10-03,18332.31,1
4162,268,2019-09-14,27901.68,1
4163,419,2013-02-25,473.23,1
4164,2008,1995-09-08,1518.92,1
4165,536,2019-08-06,168.85,1
4166,163,2024-04-15,29148.76,1
4167,2366,1996-11-24,57226.95,1
4168,336,2022-02-09,345.92,1
4169,78,2024-02-17,125.5,1
4170,87,2000-05-13,1697.55,3
4171,1357,2022-12-26,1399.39,1
4172,344,2010-07-18,22268.86,1
4173,1864,2015-01-16,25256.06,1
4174,2132,2025-04-22,47065.47,1
4175,2295,2018-01-19,1102.6,1
4176,860,2024-11-27,2903.98,1
4177,399,2015-12-07,10644.25,1
4178,1713,2017-02-28,1736.94,1
4179,94,2006-05-25,12446.46,1
4180,578,2019-01-31,738.65,1
4181,2321,2016-03-08,3067.32,1
4182,2175,2010-11-29,5556.25,1
4183,280,2021-01-30,1932.85,1
4184,142,2024-11-25,148011.33,1
4185,295,2008-08-15,50153.89,2
4186,421,2024-04-28,895.86,1
4187,1928,2021-03-25,845.73,1
4188,229,2013-05-26,1609.15,1
4189,378,2025-12-31,2740.57,1
4190,1620,2018-09-02,1032.55,1
4191,2119,2000-07-14,572.29,1
4192,814,2021-02-04,95773.5,1
4193,1713,2016-12-29,2471.67,1
4194,1149,2016-10-06,1419.02,1
4195,1311,2025-10-26,142359.62,1
4196,2346,2009-07-24,34327.31,1
4197,2473,2022-05-20,4273.18,1
4198,1825,2021-03-15,2157.86,1
4199,711,1990-10-09,26662.25,1
4200,1621,1996-07-25,6536.18,3
4201,337,2002-01-13,7379.98,1
4202,1516,2019-09-27,12357.04,1
4203,377,2012-03-19,368.03,1
4204,1503,1994-05-24,116.69,1
4205,1571,2020-01-10,1341.68,1
4206,90,2024-03-14,2224.67,1
4207,37,2017-06-11,4908.34,1
4208,1817,2001-02-13,8645.21,1
4209,2469,2014-05-18,53.02,1
4210,1094,2001-01-25,25019.96,2
4211,64,2018-07-09,35676.46,1
4212,1656,2017-07-27,872.32,1
4213,1010,2021-01-21,2476.82,1
4214,1133,2006-06-05,2136.5,1
4215,392,2009-05-29,6235.64,1
4216,885,2009-03-11,191.99,3
4217,480,2014-11-05,11221.43,1
4218,2482,2018-08-03,1189.35,1
4219,2331,2015-08-03,11.96,1
4220,2398,1998-10-20,15714.21,1
4221,2255,2014-03-02,78198.61,1
4222,2134,2004-04-16,4999.97,1
4223,1347,2022-10-16,4225.44,1
4224,2252,1991-01-12,3576.31,1
4225,1246,2024-09-03,868.17,1
4226,1034,2026-01-27,25434.13,1
4227,1954,2025-10-27,1903.28,1
4228,805,2012-08-28,4166.37,2
4229,1649,2009-03-20,61569.82,1
4230,688,2018-09-03,1527.86,1
4231,1040,2023-10-17,2785.49,3
4232,2323,2018-08-27,5863.14,1
4233,653,2019-05-06,1257.86,1
4234,1318,2004-01-01,414.78,1
4235,42,2014-11-02,1133.02,1
4236,1180,2012-01-25,53.44,1
4237,1774,1995-12-28,554.59,1
4238,75,2020-03-04,1129.93,1
4239,892,2008-09-16,2029.97,1
4240,2103,2017-02-23,4118.17,1
4241,951,2025-12-27,574.63,1
4242,724,2010-01-21,841.73,1
4243,1088,2010-03-25,2238.87,1
4244,1419,2016-10-20,1215.13,1
4245,391,2012-04-15,558.6,1
4246,1589,2025-10-06,2671.89,1
4247,308,2014-03-20,1528.63,1
4248,1773,2025-04-11,4262.42,1
4249,1441,2007-02-22,667.2,1
4250,1198,2024-07-15,29502.87,1
4251,2058,2016-06-30,490.27,1
4252,504,2014-10-04,5072.62,1
4253,1757,2026-02-12,21215.33,1
4254,990,2022-11-11,17130.11,1
4255,1175,2014-10-02,53440.26,1
4256,1066,2026-04-14,215.16,1
4257,766,2026-04-29,8927.41,1
4258,955,2008-06-23,47.9,1
4259,732,2025-09-15,485.22,1
4260,1609,2025-03-26,34085.29,1
4261,1436,2020-09-28,2337.63,3
4262,1891,2019-02-17,908.01,1
4263,2343,2017-07-10,103253.28,1
4264,1915,1990-04-20,371.95,1
4265,1501,2026-08-17,10599.99,3
4266,670,2012-07-16,12561.03,1
4267,2060,2023-11-19,11559.27,1
4268,2152,2022-08-19,17479.9,1
4269,1573,2025-09-28,257482.44,1
4270,2045,2026-02-14,47.16,1
4271,707,2003-07-18,1536.34,1
4272,1822,2016-04-14,21938.3,1
4273,527,2012-04-06,517.77,1
4274,546,2024-05-20,61330.85,3
4275,90,2026-01-01,590.88,1
4276,2141,2017-03-10,3588.68,1
4277,977,2016-01-27,1.84,1
4278,1847,2010-10-02,2448.35,1
4279,461,2022-02-18,749.66,3
4280,1918,2008-07-17,7492.34,1
4281,242,2008-10-12,377.43,1
4282,1050,2004-07-09,16134.23,1
4283,1581,2022-07-11,345541.28,1
4284,1853,2019-05-22,465.32,1
4285,1371,2004-10-30,1402.94,1
4286,2269,2022-05-15,15712.19,1
4287,2254,2022-06-06,3295.69,1
4288,429,2026-08-16,32387.71,1
4289,1983,1979-12-31,392.42,1
4290,837,2025-09-19,719.07,1
4291,289,2002-08-24,1883.62,1
4292,1623,2020-08-01,3059.37,1
4293,1158,2021-11-11,930892.6,1
4294,80,2018-12-23,1535.07,3
4295,1102,2025-01-08,5820.79,1
4296,163,2025-10-07,4552.47,1
4297,2139,2005-09-20,686.74,1
4298,331,2014-12-16,7421.32,3
4299,1025,2009-09-06,5889.83,3
4300,1825,2021-03-16,812.36,1
4301,518,2020-03-31,4842.12,1
4302,1112,2023-07-24,794.18,1
4303,242,2011-12-23,653.87,1
4304,1218,2018-12-17,2500.71,1
4305,523,2017-05-17,819.2,1
4306,936,2018-02-15,1476.82,1
4307,2224,2021-08-06,2709.88,1
4308,388,2025-04-16,823.33,1
4309,1053,2017-11-02,3945.29,1
4310,295,2008-08-25,2102.54,1
4311,273,2025-03-22,4019.99,3
4312,89,2019-12-04,3045.29,1
4313,1240,2012-09-12,94949.37,1
4314,1316,2022-07-21,85521.52,1
4315,1200,2023-06-11,11046.23,1
4316,480,2016-03-31,339.09,1
4317,179,2023-07-10,258.84,1
4318,1280,2026-06-25,17829.37,1
4319,2143,2012-10-17,8718.43,1
4320,2456,2026-02-25,8383.84,1
4321,1345,2022-07-04,2843.33,1
4322,2490,1999-01-31,31.65,1
4323,852,2021-12-08,2440.34,1
4324,2311,2022-09-25,584.0,1
4325,1306,2026-01-30,1155.12,1
4326,2345,2022-05-25,1112.76,1
4327,935,2019-01-06,1208.0,3
4328,289,1995-11-08,1555.94,1
4329,295,2008-09-06,10858.18,1
4330,993,2021-08-30,13556.17,1
4331,572,2015-09-15,1170.47,1
4332,627,1997-03-26,800.14,1
4333,1509,2009-12-04,517.01,1
4334,244,2004-10-13,1578.4,1
4335,940,2016-05-16,3267.7,1
4336,93,2022-07-10,45845.24,1
4337,473,2016-04-14,545.38,1
4338,1353,2017-10-23,10016.82,1
4339,1413,2022-10-06,1555.28,1
4340,936,2021-05-16,746.91,1
4341,1929,2025-08-01,862.52,1
4342,708,2019-04-22,2261.39,2
4343,1206,2012-04-25,950.86,1
4344,2139,2005-02-04,2483.25,1
4345,2157,2021-08-31,69521.24,1
4346,1599,2024-05-10,3544.19,1
4347,772,2024-05-28,5515.03,3
4348,1251,2020-04-05,635.55,1
4349,791,2019-09-12,1205.03,1
4350,890,2020-10-31,3202.86,1
4351,604,2007-12-08,20978.8,1
4352,1158,2021-09-08,1108032.08,1
4353,828,2025-04-18,900.17,1
4354,1560,2026-01-04,501.5,2
4355,2369,2025-05-14,1762.91,1
4356,1360,2017-02-20,21034.0,1
4357,370,2021-06-25,685.09,1
4358,312,2025-02-07,372.13,1
4359,1260,2021-09-23,624.24,1
4360,1229,2024-11-16,9498.17,1
4361,525,2020-11-07,2596.71,1
4362,367,2006-07-30,2113.94,1
4363,1247,2009-02-11,1365.86,1
4364,464,2008-12-30,233.64,1
4365,235,2021-02-23,1356.96,1
4366,2044,2010-01-02,8846.34,1
4367,271,2017-12-11,268.73,1
4368,352,1989-06-13,9069.66,1
4369,2056,2011-03-04,674.68,1
4370,568,2020-08-31,362.55,3
4371,1591,2023-04-26,6004.22,1
4372,1715,2015-12-03,2452.12,1
4373,520,2005-10-19,539.3,1
4374,599,2024-11-05,847.16,1
4375,1364,2006-12-12,1233.34,1
4376,1602,2023-10-30,5977.52,1
4377,2011,2011-07-18,51589.23,1
4378,2494,2026-07-18,16554.52,1
4379,727,2023-12-07,3401.08,1
4380,435,2012-03-22,164752.06,1
4381,708,2019-03-13,8389.99,1
4382,606,2015-03-06,1131.52,1
4383,1218,2016-11-28,490.71,1
4384,2289,2025-01-10,590.48,1
4385,300,2007-10-27,151653.26,3
4386,1616,2016-08-21,6726.01,1
4387,1470,2010-07-05,1504.09,1
4388,1246,2024-08-26,893.98,1
4389,1915,2001-01-22,104.25,1
4390,2173,2007-09-28,2374.06,1
4391,1308,2022-02-07,73144.69,1
4392,2055,2022-03-11,20521.01,2
4393,891,2006-12-10,15111.68,3
4394,1753,2019-05-12,50235.38,1
4395,2045,2026-01-20,946.89,1
4396,694,2023-03-14,1133.81,1
4397,229,2011-06-30,4696.26,1
4398,1079,2026-05-14,185.61,1
4399,901,2007-05-12,24901.71,1
4400,403,2021-01-13,9559.74,1
4401,1810,2000-03-08,324.4,1
4402,1138,1997-11-30,187.26,1
4403,1174,2014-08-17,2275.49,1
4404,469,2014-05-30,2129.52,1
4405,1822,2014-06-08,16971.18,1
4406,2397,2011-10-31,98262.82,1
4407,1061,2020-08-01,1088.77,1
4408,635,2017-04-28,1308.89,1
4409,1482,2017-02-28,5597.62,1
4410,1256,2010-08-22,1888.13,1
4411,53,2022-01-29,1337.44,1
4412,1465,2025-01-03,876784.79,1
4413,1368,2014-10-29,20882.37,1
4414,267,1992-04-15,112293.85,1
4415,2243,2002-06-26,2604.4,1
4416,736,2016-04-19,2182.44,1
4417,271,2018-07-11,1522.77,1
4418,183,2021-05-30,199.17,1
4419,2247,2022-04-11,218.63,1
4420,41,1990-06-15,30851.57,1
4421,1951,2022-06-28,4570.84,1
4422,135,2025-10-07,813.18,1
4423,420,2024-09-09,990.45,1
4424,992,2017-06-04,401.81,1
4425,2256,2004-03-24,16214.22,1
4426,171,2004-10-14,8718.33,1
4427,561,2025-01-18,43160.77,1
4428,2471,2025-02-02,1365.19,1
4429,415,2020-04-24,1246.44,1
4430,502,2017-07-16,70294.03,1
4431,1991,2014-11-20,2236.88,1
4432,1418,2008-07-13,15325.45,1
4433,2397,2008-11-12,36933.54,2
4434,1997,2011-12-14,363508.75,1
4435,2032,2020-03-05,87306.41,1
4436,5,2016-10-09,11313.01,3
4437,2168,2024-02-21,1407.09,1
4438,1455,2014-06-26,2584.67,2
4439,800,2006-05-01,129181.16,1
4440,1492,2016-10-28,17249.11,1
4441,2140,2018-09-30,12368.96,1
4442,1528,2023-05-12,1977.5,1
4443,1012,2026-04-27,3093.27,1
4444,1851,2022-06-04,14371.13,1
4445,1854,2009-03-22,991.65,1
4446,1775,2012-02-25,253.73,1
4447,138,1998-11-24,9081.85,1
4448,318,2024-11-09,3353.53,1
4449,1604,2014-03-27,222958.03,1
4450,1326,2019-09-19,56355.46,1
4451,703,2024-07-01,347.8,1
4452,220,2020-09-15,1823.51,1
4453,618,2023-05-20,8234.59,1
4454,1347,2023-12-20,2827.07,1
4455,1449,2012-08-04,14273.58,1
4456,2332,2024-03-28,1163.78,1
4457,2204,2020-08-27,2118.29,1
4458,292,2005-10-26,18924.87,1
4459,169,2008-09-01,5308.18,1
4460,913,2013-09-25,518.32,1
4461,1713,2020-12-03,1597.13,1
4462,1153,2018-11-14,4547.46,1
4463,1748,2018-09-01,8960.99,1
4464,1327,2016-06-23,4905.48,1
4465,124,2019-11-23,92101.28,1
4466,31,2022-02-03,718.65,1
4467,99,2023-11-24,5989.97,1
4468,2076,2021-07-27,24183.28,1
4469,639,2002-10-11,89101.01,1
4470,579,2022-09-20,25231.59,1
4471,1411,1998-01-29,4531.18,3
4472,502,2012-01-07,31957.06,1
4473,748,2005-11-22,339.33,1
4474,144,2023-11-22,1827.03,1
4475,880,2015-11-07,1034.24,1
4476,961,2009-04-16,730.71,1
4477,197,2023-07-23,5924.37,1
4478,1396,2021-03-17,1409.61,1
4479,260,2024-06-07,43471.43,1
4480,1269,2023-01-06,23922.37,1
4481,437,2024-12-29,8299.79,3
4482,2478,2024-06-14,2974.29,1
4483,876,2003-04-30,2422.71,1
4484,1105,2006-08-15,2499.86,2
4485,1353,2012-03-19,4803.35,1
4486,2091,2003-05-18,10784.69,1
4487,2133,2002-11-03,21848.37,1
4488,900,2014-02-10,100946.76,3
4489,1245,2024-05-28,109.01,1
4490,808,2022-04-24,369.73,1
4491,2364,2021-05-02,1338.5,1
4492,688,2014-11-09,2224.03,1
4493,2082,1990-04-25,3262.4,1
4494,2492,2006-05-30,16605.16,1
4495,443,1993-02-10,25469.7,1
4496,245,2006-10-12,5100.44,1
4497,1308,2021-06-28,48974.38,1
4498,125,2011-07-16,648.83,1
4499,2404,2023-04-01,20802.08,1
4500,887,2016-01-21,1552.22,1
4501,1692,2026-07-27,3153.45,1
4502,932,2005-10-18,1225.54,1
4503,1043,2003-11-22,871.87,1
4504,1697,2015-09-06,20164.26,1
4505,1313,2017-11-10,519.36,1
4506,353,2010-07-30,2923.0,1
4507,610,2025-08-22,6088.82,1
4508,694,2025-06-23,964.16,1
4509,1893,2025-07-23,1685.06,1
4510,866,2022-08-16,12182.76,3
4511,1536,2023-01-17,182.52,1
4512,1544,2020-10-23,30646.03,1
4513,243,2007-09-22,1567.51,1
4514,1723,2016-07-27,1564.48,1
4515,1340,2021-06-07,48817.37,1
4516,312,2025-11-10,261.25,1
4517,884,2021-11-05,3748.07,1
4518,1076,2013-02-24,1016.38,1
4519,1369,2002-11-21,2875.68,1
4520,1424,2023-08-30,26169.4,1
4521,2422,2006-08-14,1069.94,1
4522,1928,2015-05-01,703.63,1
4523,709,2017-08-05,959.84,1
4524,2413,2016-07-08,1145.59,1
4525,1874,2009-05-20,484.67,1
4526,1965,2025-12-10,77.87,1
4527,1647,2026-06-25,446.41,1
4528,1307,2024-05-27,5608.15,1
4529,1085,2026-06-20,25223.34,1
4530,1369,2011-12-18,8231.94,3
4531,328,2017-05-28,432799.32,1
4532,235,2019-12-16,266.28,1
4533,200,2008-11-06,691.74,1
4534,1579,2025-06-14,582.7,1
4535,2129,2013-03-02,3199.58,1
4536,1266,2026-07-25,644.54,1
4537,705,2023-10-12,50877.47,1
4538,948,2003-06-09,1674.17,1
4539,1710,2023-03-13,8422.14,1
4540,1163,2020-09-01,14.99,1
4541,2180,2020-09-29,24018.18,2
4542,1039,2008-07-07,9052.79,1
4543,2394,2010-11-30,4848.08,1
4544,230,2023-08-22,1990.27,3
4545,981,2008-08-22,2146.33,1
4546,340,2023-09-30,1152.29,1
4547,85,2026-07-15,460.09,1
4548,1163,2021-01-31,1171.2,1
4549,452,2024-06-14,1005.46,1
4550,2378,2026-07-15,3437.4,1
4551,2001,2011-02-04,3341.66,1
4552,218,2008-07-11,4583.08,1
4553,2345,2022-11-05,835.4,1
4554,2331,2019-05-22,304.37,1
4555,155,2018-12-19,582.97,1
4556,2459,2007-06-08,794.03,1
4557,2135,2010-05-26,1336.43,1
4558,2335,2001-12-25,60642.72,1
4559,2311,2020-11-01,282.51,1
4560,1240,2009-12-29,135063.13,1
4561,725,2011-03-08,889.76,1
4562,2344,2024-08-10,1312.58,1
4563,2097,2008-09-27,7664.05,1
4564,2062,2006-05-24,30848.08,1
4565,1979,2019-06-07,495.76,1
4566,2308,2025-08-14,6372.21,1
4567,1717,2025-06-20,962.79,1
4568,2041,2025-02-22,735.86,1
4569,2348,2025-10-05,282750.07,1
4570,927,2010-09-09,1474.76,1
4571,175,2024-05-29,277.84,1
4572,596,2019-11-28,6387.79,1
4573,72,2017-10-24,300.32,1
4574,1849,2026-01-28,44627.06,1
4575,2374,2024-12-16,1045.33,2
4576,2238,1998-10-21,23374.92,1
4577,369,2019-05-18,294.84,1
4578,1910,2016-05-20,1516.87,1
4579,1642,2016-07-04,97340.83,1
4580,492,2004-02-13,8806.23,1
4581,1933,2023-02-27,21011.61,1
4582,399,2016-12-07,1607.27,1
4583,814,2021-12-22,169054.95,1
4584,2240,2018-10-26,1381.74,1
4585,579,2022-12-06,3220.17,1
4586,1704,2016-07-25,10249.6,1
4587,2210,2016-06-08,15154.63,1
4588,984,1999-10-20,497.08,1
4589,2167,2005-02-06,64187.9,1
4590,864,2005-03-22,14333.64,1
4591,2444,2023-05-17,395.02,1
4592,2194,1989-05-16,3440.03,1
4593,1944,1999-08-16,4474.4,1
4594,504,2014-12-28,4025.93,1
4595,1750,2011-09-22,13041.13,1
4596,343,2014-10-08,2640.08,1
4597,1352,2023-09-23,1330.49,1
4598,1496,1993-06-02,11636.65,1
4599,640,2014-11-15,1152.73,1
4600,2067,2010-01-15,5781.01,1
4601,593,2018-08-27,503.77,1
4602,83,2025-07-08,71552.86,1
4603,124,2020-02-09,28427.71,1
4604,1630,2014-12-27,891.94,1
4605,30,2018-07-16,6221.97,1
4606,2153,2012-04-01,14052.9,1
4607,1982,2024-12-29,41499.83,1
4608,502,2013-10-16,41329.49,1
4609,1822,2020-02-13,27336.03,1
4610,938,2014-08-17,187131.98,1
4611,1962,1993-03-13,956.94,2
4612,1200,2021-08-29,17524.79,1
4613,1219,2005-01-18,567.95,1
4614,1197,2016-09-18,420.48,3
4615,1671,2001-05-27,714.7,1
4616,1411,1998-05-07,16827.22,1
4617,80,2024-09-12,3048.54,1
4618,8,2023-03-16,327.87,1
4619,120,2020-09-17,25310.13,1
4620,1374,2023-07-14,786.83,1
4621,2054,2023-05-16,12924.92,1
4622,194,2017-03-12,6776.69,1
4623,1372,2021-03-06,1440100.09,1
4624,1408,2023-06-03,900.56,1
4625,2224,2012-02-17,328.11,1
4626,2426,2011-04-08,1806.52,2
4627,282,2020-07-23,4890.68,1
4628,174,2021-12-04,3164.71,1
4629,60,2007-02-10,7744.74,1
4630,1872,2013-12-15,549.98,1
4631,360,2020-08-10,781.98,1
4632,512,2004-02-18,797.6,1
4633,908,1996-08-23,423.06,1
4634,1390,2021-07-08,11775.88,1
4635,199,2021-03-01,127.98,1
4636,1880,2015-11-07,108638.07,1
4637,763,1999-06-17,17140.94,1
4638,1045,2025-08-01,703.79,1
4639,1856,2026-03-30,1090.96,1
4640,23,2021-07-12,540.97,1
4641,1185,2001-06-13,13246.17,1
4642,48,2000-09-17,2795.73,1
4643,1903,2006-10-06,3910.42,1
4644,1377,2009-07-16,1605.49,1
4645,824,2021-11-02,1986.47,1
4646,1035,1997-04-01,12515.71,1
4647,1900,2024-06-12,500.1,1
4648,864,2007-06-26,29551.15,1
4649,2273,2017-02-17,12520.46,1
4650,366,1989-07-30,1891.0,1
4651,1840,1994-04-03,1712.55,1
4652,1135,2022-06-01,2708919.71,3
4653,291,2009-07-02,376.18,1
4654,2062,2005-10-21,22136.16,1
4655,699,2018-06-24,24235.77,1
4656,696,2023-08-07,894.08,1
4657,2136,2020-12-23,1729.24,1
4658,1976,2009-08-04,14932.18,1
4659,1532,2015-08-01,3280.97,1
4660,414,2018-07-27,2969.46,1
4661,2365,2020-08-14,1386.87,1
4662,1923,2025-04-10,255.47,1
4663,1137,2021-07-15,11582.96,1
4664,838,2007-07-24,23765.83,1
4665,2053,2023-11-25,30745.13,1
4666,156,2026-02-22,1095.96,1
4667,103,2010-05-10,1654.23,1
4668,1838,2020-07-23,4504.91,1
4669,2345,2021-10-06,723.34,1
4670,2108,2026-01-21,297.44,1
4671,1098,2015-03-28,63041.55,1
4672,593,2014-08-18,1496.23,1
4673,2173,2023-08-01,3902.68,1
4674,683,2006-09-15,3667.39,1
4675,2310,2021-05-15,2893.14,1
4676,1024,2017-09-06,1508.07,1
4677,312,2025-03-04,314.85,1
4678,1085,2026-06-11,1486.47,1
4679,665,2010-10-20,1112.36,1
4680,158,2003-05-03,138382.13,1
4681,161,2018-02-28,129300.2,1
4682,1599,2020-10-28,5218.26,1
4683,1412,2026-04-07,357.47,1
4684,1495,2003-12-16,119.53,1
4685,619,2025-04-17,770.97,1
4686,380,2011-09-21,6005.61,1
4687,1404,2013-02-18,336.07,1
4688,1885,2012-10-24,1625.59,1
4689,747,2022-05-08,1897.91,1
4690,1051,2005-04-10,3097.32,1
4691,327,2023-12-13,228.86,1
4692,1071,2020-12-19,45781.38,1
4693,1239,2018-07-16,7517.48,1
4694,782,1990-11-08,2486.07,1
4695,2318,2002-07-01,39659.82,1
4696,1666,2019-11-22,474.86,1
4697,1806,2002-11-27,2625.44,1
4698,2476,1982-04-06,33706.27,1
4699,69,2014-11-07,125735.9,1
4700,887,2008-07-15,1254.2,1
4701,791,2025-11-01,1843.8,1
4702,2370,2019-11-08,782.34,3
4703,1524,2020-10-16,134088.18,1
4704,1137,2019-09-09,4019.45,1
4705,282,2021-12-02,15363.18,1
4706,2466,2025-10-03,182.93,1
4707,238,1989-09-28,486.77,1
4708,1313,2018-03-15,130.03,1
4709,2299,1988-06-11,1551.46,1
4710,265,2025-10-10,2180.16,1
4711,2197,2010-04-15,878.0,1
4712,1775,2010-01-09,1774.13,1
4713,162,2001-06-15,209485.28,3
4714,509,2016-10-30,109.93,1
4715,424,2014-10-23,1638.7,1
4716,1637,2023-03-25,129860.27,1
4717,2393,2025-02-28,979.31,1
4718,1113,2000-02-22,2061.18,1
4719,805,2018-04-07,2353.74,1
4720,611,2004-06-02,1427.56,1
4721,914,1996-08-12,4526.0,1
4722,165,2023-08-09,1236.47,1
4723,141,2025-12-17,57164.18,1
4724,349,1986-09-28,2459.14,1
4725,1278,1985-10-16,861.43,1
4726,2166,2019-03-10,232535.26,1
4727,1338,1996-07-20,42354.79,1
4728,2417,2021-05-04,167.0,3
4729,1836,2021-07-03,1654.7,1
4730,559,2021-02-10,3141.66,1
4731,1179,2002-01-18,3633.63,1
4732,1124,2019-03-30,42415.71,1
4733,425,2019-04-12,1802.29,1
4734,839,2012-09-02,1497.13,2
4735,1690,1997-12-19,14293.01,1
4736,2253,2026-07-16,4759.01,3
4737,1087,2013-01-10,3240.73,1
4738,1609,2025-05-30,17759.4,1
4739,17,2023-07-02,94.04,1
4740,426,2018-02-25,84594.1,1
4741,485,2016-09-28,2075.13,1
4742,2321,2018-02-15,2742.41,1
4743,2389,1989-09-03,4618.47,1
4744,1228,2025-12-29,10389.89,1
4745,660,2001-02-09,837.49,1
4746,927,2010-12-26,3195.29,1
4747,355,2008-09-15,72.75,1
4748,2274,2001-09-27,14670.85,1
4749,238,2016-10-26,909.98,1
4750,653,2016-04-29,1595.26,1
4751,944,2007-08-27,2298.04,1
4752,699,2019-08-07,28197.33,1
4753,380,2011-05-08,4019.27,1
4754,656,2014-02-17,986.63,1
4755,2023,2023-04-09,23499.34,1
4756,2467,2000-08-19,1257.38,1
4757,950,2010-09-10,3344.06,1
4758,606,2017-07-05,509.37,1
4759,481,2022-12-18,2110.68,1
4760,1190,2024-08-10,128904.99,1
4761,1859,2001-09-11,3593.97,1
4762,2146,2015-08-24,14090.24,1
4763,715,2021-06-24,6311.13,1
4764,1026,2023-03-31,17814.34,1
4765,401,2024-11-09,277.49,1
4766,1925,2014-10-18,791.49,1
4767,1705,2004-01-08,337.53,1
4768,664,2021-09-30,70954.62,1
4769,270,2018-12-04,2711.36,1
4770,131,2018-11-30,77164.01,1
4771,2112,2018-08-30,95.47,1
4772,2292,2014-04-24,6664.76,1
4773,256,2024-02-26,9513.29,1
4774,1599,2020-03-21,1972.58,1
4775,1432,2007-06-23,446.29,1
4776,2163,2019-01-01,1761.36,1
4777,2433,2022-05-24,1672.32,1
4778,879,2017-12-04,153727.39,1
4779,873,2018-01-23,1813.79,1
4780,1587,2021-11-24,162.02,1
4781,691,2015-10-03,404.28,1
4782,2279,2012-05-22,113850.69,1
4783,1686,2022-11-16,590.08,1
4784,142,2026-01-22,43419.99,1
4785,906,2026-06-25,26.04,1
4786,1310,2023-04-28,1001.65,1
4787,1264,2019-03-14,560.53,1
4788,1589,2025-12-05,2432.49,1
4789,1120,2013-12-12,1115.17,1
4790,611,2003-09-13,411.11,1
4791,1723,2015-04-30,811.68,1
4792,995,1994-07-29,175277.91,1
4793,1689,2012-10-26,8521.92,1
4794,973,2023-03-18,674.61,1
4795,357,2005-11-08,10807.69,1
4796,2035,2026-03-14,291.9,1
4797,1041,2018-08-24,1584.49,1
4798,442,2019-06-23,4836.31,1
4799,366,1993-03-26,1631.04,1
4800,67,2021-10-28,404.76,1
4801,1224,2017-11-27,192532.47,1
4802,2455,2020-12-16,638.39,1
4803,1867,2016-10-07,7684.63,1
4804,2080,2019-05-31,3429.43,1
4805,2354,2015-08-08,1886.99,1
4806,1584,2004-03-08,597.1,1
4807,732,2025-09-12,549.99,1
4808,1966,2008-10-20,4072.54,1
4809,1820,2025-09-29,4665.72,1
4810,1402,2023-10-20,490.71,1
4811,68,2023-03-28,3006.43,1
4812,2007,2014-03-06,1206.79,1
4813,517,2021-08-13,1395.54,1
4814,2394,2009-04-26,9106.32,1
4815,1738,1999-01-06,5860.58,1
4816,1345,2021-05-21,6161.07,1
4817,314,2023-08-13,224.63,1
4818,1829,2014-01-22,2842.38,1
4819,443,1995-11-28,17649.42,1
4820,868,1998-04-17,3075.17,1
4821,33,1992-02-08,9806.93,1
4822,2003,2013-02-03,636.96,1
4823,526,2013-10-03,64509.19,1
4824,1769,2025-09-29,27.8,1
4825,1919,2022-10-25,8806.0,1
4826,806,2013-11-25,2423.84,1
4827,47,2006-10-24,17271.88,1
4828,443,1989-08-19,58085.7,1
4829,1960,2020-05-01,473.67,1
4830,1236,2002-11-27,581.24,1
4831,2015,2018-07-15,2689.0,1
4832,2086,2009-01-30,71475.1,1
4833,1348,2018-05-29,2376.13,1
4834,1267,2022-04-27,2405.01,1
4835,2428,2006-06-16,391.71,1
4836,2452,2022-09-01,3218.64,1
4837,1007,2025-06-08,115962.06,1
4838,2402,2026-06-21,893.76,1
4839,1445,1993-12-19,2180.36,1
4840,986,2007-07-15,757.81,1
4841,1505,2021-02-25,6482.07,1
4842,2088,2010-01-06,12965.64,1
4843,1813,2016-11-17,1684.15,1
4844,840,2021-01-26,283781.96,1
4845,1403,2025-12-22,1257.59,1
4846,1136,2025-07-16,243087.56,1
4847,6,2017-05-23,27514.69,1
4848,2483,2020-09-21,1274.88,3
4849,966,2020-11-28,999.26,1
4850,53,2020-05-18,1883.1,1
4851,191,2014-08-17,1828.7,1
4852,2247,2022-09-30,325.73,1
4853,1951,2023-04-20,400.51,1
4854,618,2024-05-31,3147.73,1
4855,234,2016-05-02,1722.05,1
4856,808,2019-07-28,616.24,1
4857,1354,2021-03-10,233.76,1
4858,459,2015-06-11,87305.23,1
4859,5,2016-10-20,15443.56,1
4860,2493,2017-10-04,5778.93,1
4861,2496,2012-07-13,4959.12,1
4862,1385,2026-07-09,1114.52,1
4863,778,2018-04-22,7462.9,2
4864,1607,2024-09-04,3133.33,1
4865,1237,2002-02-23,8062.11,1
4866,1816,2022-08-07,13668.09,1
4867,911,2009-01-28,1201.18,1
4868,1540,2024-07-26,8292.94,1
4869,1205,2014-01-12,2453.0,1
4870,1008,2024-03-13,2627.6,1
4871,475,2001-09-30,2334.82,1
4872,1588,2016-08-31,377324.51,1
4873,1570,1999-03-05,1224.62,1
4874,1441,2002-06-04,1296.45,1
4875,798,2022-12-07,1682.83,1
4876,2141,2017-03-28,3392.5,1
4877,1240,2008-08-10,29790.24,1
4878,1863,2023-08-14,21845.01,1
4879,1693,2007-02-10,8220.31,1
4880,2005,2015-01-04,3973.88,1
4881,2124,2012-04-05,5320.03,1
4882,1558,2024-01-12,67560.69,1
4883,2495,2022-06-19,16218.57,1
4884,906,2026-07-01,558.97,1
4885,2369,2024-09-08,1068.61,1
4886,2163,2019-01-08,2380.46,1
4887,1060,2025-04-08,1096.6,1
4888,2388,2012-08-12,10972.43,1
4889,454,2008-09-26,1404.94,1
4890,2014,2010-01-18,209.61,1
4891,652,2017-04-06,65024.41,1
4892,1317,1991-11-20,2207.11,1
4893,1953,2016-08-02,872.54,1
4894,569,2002-08-18,64621.06,1
4895,293,1992-07-27,2298.67,1
4896,42,2012-02-05,1091.84,1
4897,1217,2026-01-26,124174.98,1
4898,2338,2022-08-16,128799.52,2
4899,193,2011-05-21,466.2,1
4900,284,2009-06-23,1305.93,1
4901,125,2004-09-24,619.98,1
4902,737,2022-04-28,1683.38,1
4903,579,2022-11-11,9314.42,1
4904,2408,2017-03-11,6082.62,1
4905,2204,2019-07-30,1286.53,1
4906,1415,2022-05-26,1641.09,1
4907,1462,2014-07-30,2653.5,3
4908,1193,2023-10-22,4988.61,1
4909,1395,2018-12-29,9317.52,1
4910,365,2013-05-28,1599.96,1
4911,2325,2022-06-04,864.8,1
4912,1103,1983-06-02,6180.28,1
4913,1445,1987-12-14,1867.5,1
4914,704,1992-08-06,422.48,1
4915,1894,2005-03-11,5594.61,1
4916,1268,2014-04-19,7369.02,1
4917,2260,2020-01-26,52751.04,1
4918,1969,2025-01-02,1053.96,1
4919,926,2007-03-17,184140.14,1
4920,1923,2025-04-18,94.22,1
4921,156,2026-02-17,957.65,1
4922,30,2017-06-24,16763.63,1
4923,1273,2021-03-09,327.32,1
4924,286,2005-07-08,694.52,1
4925,2453,1998-08-27,237.77,1
4926,1912,2009-12-24,1138.63,1
4927,1610,2025-07-05,7016.23,1
4928,1057,2024-04-15,5064.58,1
4929,641,2022-11-04,4275.98,3
4930,16,2007-05-15,7213.1,1
4931,1373,2012-09-10,2694.7,1
4932,785,2015-04-22,2381.65,1
4933,718,2026-09-03,1801.86,3
4934,829,2015-06-16,670.34,3
4935,36,2020-05-09,14379.93,1
4936,2077,2013-07-20,1926.93,1
4937,1505,2013-05-24,984.34,1
4938,1382,2026-06-17,11534.85,1
4939,387,2015-02-28,10175.96,1
4940,365,2011-06-19,1787.71,1
4941,931,1997-06-13,746.95,1
4942,1634,2018-05-23,14891.73,1
4943,266,2025-08-30,695.7,1
4944,246,1995-06-11,4858.93,1
4945,1799,2017-07-06,9058.01,1
4946,1769,2025-09-26,648.21,1
4947,399,2016-08-16,12147.85,1
4948,75,2018-07-28,578.7,1
4949,492,2016-05-07,796.6,1
4950,731,2000-11-28,13350.83,1
4951,1578,2020-05-11,14806.84,3
4952,1773,2025-03-26,854.85,1
4953,658,2004-11-03,14355.6,1
4954,1913,2014-10-20,2124.35,1
4955,1563,2018-01-25,28.56,1
4956,1358,1999-05-14,1024.82,1
4957,2335,2015-10-28,43308.6,1
4958,562,1993-02-18,296.84,1
4959,119,2002-12-13,4870.23,1
4960,2061,2020-10-19,1732.89,1
4961,108,2022-08-04,102005.0,1
4962,1225,2025-04-11,5167.13,1
4963,434,2017-12-25,5259.21,1
4964,1803,2026-07-29,447.47,1
4965,2112,2020-01-07,11141.8,1
4966,501,2010-04-19,33629.26,1
4967,904,2011-04-30,701.29,1
4968,215,2024-09-26,808.09,1
4969,2193,2011-02-15,3204.49,1
4970,47,2009-02-01,50577.22,1
4971,2272,2023-05-19,12873.81,1
4972,43,2015-03-25,9317.2,1
4973,815,2024-10-16,692.06,1
4974,2178,2008-03-27,27194.81,1
4975,1304,2005-05-13,2110.81,1
4976,1995,2018-05-31,719.78,1
4977,1413,2022-05-05,2389.88,1
4978,1172,2025-05-04,775.78,1
4979,915,2011-02-04,2221.05,1
4980,462,2003-11-07,6530.3,1
4981,241,2026-06-01,1981.94,1
4982,773,2010-08-25,6088.63,1
4983,588,2017-04-05,177551.3,1
4984,1738,1994-07-30,3789.29,1
4985,594,2025-04-07,4355.94,1
4986,116,2022-03-03,281111.68,3
4987,1967,2006-06-11,168228.08,3
4988,1105,2003-07-13,820.75,1
4989,2294,2020-11-04,949.78,1
4990,9,2009-06-09,11453.9,1
4991,1501,2026-05-16,3815.19,1
4992,1878,2003-07-03,2610.37,1
4993,191,2016-06-23,1836.59,2
4994,1475,2012-11-01,3558.02,1
4995,925,2003-08-17,50727.27,1
4996,401,2024-12-17,92.17,1
4997,89,2019-12-06,1189.27,1
4998,1815,2025-11-04,197.55,2
4999,1812,2020-09-01,562.16,1
5000,2383,2016-02-17,84662.17,1
5001,1931,2016-10-18,21440.0,1
5002,1206,2001-12-22,88.65,1
5003,2019,1988-10-11,3549.47,1
5004,1336,2012-02-29,2206.12,1
5005,371,2003-06-17,134785.06,1
5006,1522,2009-08-16,1184.83,1
5007,351,2026-01-21,469.68,2
5008,492,2015-10-11,2437.82,1
5009,323,2025-09-18,269450.87,1
5010,1048,2017-03-24,4217.77,1
5011,92,2022-02-25,28670.03,1
5012,2070,2022-01-16,2092.14,1
5013,1000,1997-04-27,2524.3,1
5014,867,2023-10-28,4019.01,1
5015,370,2009-04-09,906.69,1
5016,1884,2017-07-23,27598.41,1
5017,1169,2022-12-16,2051.63,1
5018,2083,2022-02-16,758.22,1
5019,2035,2026-03-21,664.32,1
5020,294,2013-10-28,570.52,1
5021,473,2017-12-07,954.62,1
5022,202,2015-04-19,2990.76,1
5023,1801,2024-08-16,21.05,1
5024,1281,2023-01-28,1737.55,1
5025,622,2025-05-09,5257.44,1
5026,1034,2025-10-05,8441.56,1
5027,1468,2002-06-15,1227.6,1
5028,1097,2021-12-13,5123.73,1
5029,683,2023-05-08,1000.25,3
5030,2055,2022-05-31,46923.75,1
5031,832,2012-08-26,4981.7,1
5032,898,2020-01-17,1894.31,1
5033,1720,2016-06-06,9991.63,1
5034,1217,2026-02-25,60948.21,1
5035,683,2014-06-14,4836.22,1
5036,1273,2017-10-13,622.81,1
5037,1741,2025-08-19,4045.15,1
5038,1775,2010-11-22,1195.82,1
5039,1936,2013-01-10,476.25,1
5040,351,2025-12-12,130.37,1
5041,1083,2007-04-10,35021.55,1
5042,454,2006-11-01,1913.56,1
5043,753,2026-07-08,99555.05,1
5044,1532,2015-07-19,24.09,1
5045,448,2025-10-11,7550.93,1
5046,250,2024-06-27,69.58,1
5047,1654,2017-01-05,9745.92,1
5048,1000,1996-09-04,3479.4,1
5049,1501,2026-07-23,5510.48,3
5050,1486,2017-12-19,1815.95,1
5051,1384,2025-02-03,4160.7,1
5052,1232,2022-04-09,467.23,1
5053,1654,2018-01-07,8054.5,1
5054,1068,2018-06-06,7248.77,1
5055,464,2010-08-05,881.87,1
5056,2362,2005-09-29,331335.42,1
5057,1029,2004-04-30,42233.71,1
5058,1170,2013-06-30,381.84,1
5059,1640,2011-07-27,1222.59,1
5060,1416,2023-08-31,5532.1,1
5061,1552,2023-04-30,25195.45,1
5062,378,2025-12-30,2273.82,1
5063,1178,1990-07-25,22.56,1
5064,1570,2000-01-07,958.24,1
5065,662,2026-01-02,45493.33,1
5066,2492,2005-05-21,10244.38,1
5067,787,2024-05-26,2565.5,1
5068,1570,1998-12-19,1528.8,1
5069,1557,2012-12-12,33663.45,1
5070,2470,2014-09-25,527.68,1
5071,233,2012-02-27,1196.08,1
5072,1908,2019-10-26,93003.17,1
5073,986,2008-04-22,758.7,1
5074,703,2023-09-10,164.36,1
5075,1405,2008-08-07,7254.52,1
5076,1403,2026-02-24,1601.0,1
5077,2110,2026-07-17,5257.15,1
5078,28,2015-11-30,5405.88,1
5079,1866,2006-11-16,2763.81,1
5080,758,2017-11-08,2914.95,1
5081,1117,2019-10-30,2410.32,1
5082,1106,2025-11-30,6040.9,1
5083,1430,2014-07-15,1372.49,1
5084,778,2016-06-23,1291.03,1
5085,1594,2021-06-07,407.19,1
5086,1250,2016-04-07,754.09,1
5087,1420,2020-01-13,13589.54,1
5088,419,2007-07-24,634.62,1
5089,1807,2018-01-08,252.89,1
5090,2433,2017-04-27,528.73,1
5091,777,2021-07-15,304.18,1
5092,460,2026-07-16,45093.24,1
5093,729,2012-11-21,537.22,1
5094,58,2022-11-09,5726.61,1
5095,1129,2014-10-15,4989.56,1
5096,1330,2025-12-13,49538.85,1
5097,2051,2025-12-19,19489.66,1
5098,2304,2014-05-22,2403.94,1
5099,40,2017-02-22,929.13,1
5100,913,2013-06-29,424.21,1
5101,165,2023-10-06,443.72,1
5102,1053,2018-02-24,282.16,1
5103,31,2021-12-09,349.23,1
5104,802,2025-04-14,721.55,1
5105,1261,2011-04-22,1850.12,1
5106,125,2014-07-04,162.79,1
5107,2111,2022-03-25,386751.0,1
5108,868,1998-03-21,12441.75,1
5109,1609,2023-11-23,7139.83,1
5110,1217,2026-01-17,46693.34,1
5111,468,1998-06-14,2965.55,1
5112,1365,2009-02-03,151.72,1
5113,1943,2019-03-08,96029.88,1
5114,1500,2025-12-17,50900.14,3
5115,1562,2026-01-14,3840.56,1
5116,1352,2023-09-01,2864.86,3
5117,2207,2003-02-19,11225.18,1
5118,1723,2016-08-23,894.42,1
5119,1138,2002-03-05,5125.71,1
5120,1385,2026-08-01,563.03,1
5121,934,1999-07-22,46231.68,1
5122,228,1995-08-25,3842.1,3
5123,2315,2011-03-09,254162.77,1
5124,1664,2021-06-06,9111.9,1
5125,1787,2023-12-12,12201.7,1
5126,216,1996-05-18,60874.21,1
5127,779,2017-09-08,2153.33,1
5128,416,2010-08-27,121968.37,1
5129,2254,2021-09-15,2706.59,1
5130,1267,2021-11-13,2513.18,1
5131,1493,2010-12-30,192561.66,1
5132,12,2017-02-20,1655.31,1
5133,1041,2019-06-03,3745.8,1
5134,2138,2022-03-17,17507.26,1
5135,1422,2020-03-17,242.29,1
5136,434,2015-10-15,5182.16,1
5137,252,2018-08-30,1752.79,1
5138,911,2016-02-09,237.81,1
5139,2392,2008-12-22,141439.51,1
5140,758,2013-11-21,2025.69,1
5141,431,2016-01-05,15192.11,1
5142,55,2025-02-24,1382.21,1
5143,381,2015-09-06,2126.39,1
5144,1071,2020-11-04,7213.3,1
5145,1833,1997-07-30,138.59,1
5146,344,2011-01-18,5552.2,1
5147,901,2009-03-30,8720.91,1
5148,87,2016-01-01,4237.82,1
5149,16,2006-08-09,7400.1,1
5150,2323,2019-06-27,5893.56,1
5151,585,1992-10-23,9094.58,1
5152,2463,2020-03-20,4969.75,1
5153,354,2013-07-12,2204.93,1
5154,1888,2008-01-13,157.66,1
5155,359,2018-05-04,2391.81,1
5156,1119,2011-12-02,50190.8,1
5157,1727,2012-12-30,307151.93,1
5158,712,2011-08-26,3774.81,1
5159,2145,2009-08-22,1188.95,1
5160,393,2013-11-28,11326.41,1
5161,294,2016-08-15,1373.42,1
5162,1704,2016-12-29,11883.84,1
5163,1719,2018-07-24,238.7,1
5164,1698,2010-06-11,3686.24,1
5165,12,2016-01-03,279.07,1
5166,2472,2014-12-17,74478.17,1
5167,2206,2023-11-04,2684.66,1
5168,605,2024-09-30,633.89,2
5169,377,2006-08-21,2103.26,3
5170,2063,2026-01-19,1621.46,1
5171,1453,1999-11-21,40567.21,3
5172,102,2017-04-10,3980.48,1
5173,2048,2003-03-27,2306.43,1
5174,1829,2016-08-06,2737.14,1
5175,1796,2019-10-29,3276.39,1
5176,610,2025-08-23,10669.84,1
5177,2349,2009-12-20,2721.7,1
5178,810,2024-11-07,3855.43,1
5179,816,2016-04-16,31915.95,1
5180,489,2022-01-31,71478.32,1
5181,103,2009-06-15,1305.87,1
5182,2168,2022-11-03,287.94,1
5183,379,2021-11-29,2654.95,1
5184,1621,1996-07-26,10846.8,1
5185,1410,2004-07-09,102493.32,1
5186,12,2016-05-21,1490.47,1
5187,452,2022-06-02,596.19,1
5188,2226,2020-02-26,1987.03,1
5189,1418,2012-09-16,7382.31,1
5190,2305,2013-07-03,780.51,1
5191,1396,2017-12-14,946.43,1
5192,806,2015-10-21,829.29,1
5193,1971,2012-07-26,1473.54,1
5194,2036,2013-07-18,7407.09,1
5195,1245,2025-01-15,9112.17,1
5196,29,2024-10-14,3853.53,1
5197,1506,2012-11-04,4551.8,1
5198,2309,2024-08-20,2935.74,1
5199,149,2021-01-30,20378.17,1
5200,2156,2020-09-22,2610.48,1
5201,2225,2017-08-23,2595.13,1
5202,1552,2022-04-14,26405.68,1
5203,1774,1992-11-22,413.82,1
5204,752,2010-07-04,6854.75,2
5205,1533,2023-01-26,559.25,1
5206,210,1988-12-26,18079.23,1
5207,443,1993-11-20,175017.83,3
5208,2389,1990-03-14,368.39,1
5209,126,2022-06-24,1052.84,1
5210,164,2019-03-05,1808.44,1
5211,333,2023-06-12,3458.45,1
5212,225,2019-11-14,2039.22,1
5213,1476,2007-09-10,21945.72,3
5214,725,2015-01-12,1313.95,1
5215,1851,2022-10-28,23425.55,1
5216,1958,2017-01-23,9607.17,1
5217,2413,2014-08-03,965.54,1
5218,1571,2023-11-22,654.72,1
5219,397,2025-06-02,2246.81,1
5220,776,2003-09-22,19738.01,3
5221,1455,2013-12-27,785.87,1
5222,1740,2025-11-15,455.33,1
5223,2443,2017-05-29,1393.66,1
5224,2497,2020-04-03,971.1,1
5225,279,2008-06-09,633.8,1
5226,207,2018-07-21,1009.92,1
5227,381,2012-08-24,1070.19,2
5228,2307,2005-01-01,14626.11,1
5229,1468,2006-01-28,2119.97,1
5230,1016,2007-12-21,404.76,1
5231,2261,2024-09-09,190653.66,1
5232,917,2022-05-27,13119.71,1
5233,1555,2005-04-08,182.15,1
5234,731,2005-01-09,82007.07,1
5235,1443,2024-05-11,675.69,1
5236,1402,2023-01-24,612.34,1
5237,1926,2016-11-02,6335.16,1
5238,1662,2007-12-12,5260.06,1
5239,318,2024-04-10,1225.21,1
5240,2470,2013-08-30,9275.06,1
5241,2196,2023-09-06,2048.78,1
5242,1335,2012-02-12,696.03,1
5243,662,2025-12-30,26861.36,1
5244,171,2005-10-18,17732.29,1
5245,1796,2021-04-18,1214.4,1
5246,1405,2013-11-18,1465.6,1
5247,1537,2015-12-13,507.83,1
5248,1496,1997-12-05,367.03,1
5249,454,2008-09-25,3165.64,1
5250,578,1996-11-13,2579.0,1
5251,1777,2024-02-17,3008.88,1
5252,309,2016-04-08,583.98,1
5253,1092,2010-03-08,1059.72,1
5254,1234,2009-09-15,1084.99,1
5255,2342,2016-09-14,34732.01,1
5256,2308,2024-05-02,1420.81,1
5257,2111,2022-02-04,365891.12,2
5258,2025,2023-10-09,557.32,1
5259,2019,1987-06-19,1047.98,1
5260,1016,2009-07-08,4093.45,1
5261,2113,2024-03-12,8345.83,1
5262,1373,2013-03-15,741.96,1
5263,18,2013-10-19,2160.52,3
5264,1325,2022-10-20,10601.16,1
5265,1696,2008-02-22,709.7,1
5266,888,2003-03-24,893.7,1
5267,2364,2021-03-17,510.2,1
5268,1150,2020-09-14,11896.78,1
5269,2351,2025-10-15,17258.79,1
5270,983,2019-09-12,158479.55,1
5271,255,1999-01-07,141.24,1
5272,1206,2000-10-04,1158.0,1
5273,1480,2015-07-01,2640.05,1
5274,916,2024-01-14,752.42,1
5275,2214,2020-03-01,402.19,1
5276,2147,2023-12-13,613.42,2
5277,2096,2026-07-04,7056.09,1
5278,567,2016-11-12,370298.2,2
5279,1396,2018-04-20,54.37,1
5280,800,2025-10-06,52166.82,1
5281,762,2026-03-27,835.48,1
5282,2461,2023-10-04,5720.75,1
5283,1804,2023-04-09,12661.19,1
5284,1460,2019-12-18,41882.11,1
5285,665,2015-04-11,406.1,1
5286,780,2024-07-23,665.11,3
5287,2135,2004-03-23,1225.43,1
5288,2022,2019-12-06,116580.95,1
5289,1207,2017-11-08,1115.97,1
5290,2071,2024-03-27,537.28,1
5291,1363,2021-11-12,27020.23,3
5292,1686,2022-10-18,724.66,1
5293,1481,2017-06-16,244.88,1
5294,1196,2024-12-28,95039.24,1
5295,1974,2011-07-18,385.2,1
5296,635,2015-04-11,2044.18,1
5297,1691,2020-03-17,98461.81,1
5298,2500,2025-06-16,4605.75,1
5299,266,2025-08-21,179.19,3
5300,1283,2006-08-09,1305.75,1
5301,69,2016-01-10,93589.88,3
5302,765,2024-06-16,15498.87,1
5303,833,2022-12-29,10935.65,1
5304,605,2025-01-26,2242.49,1
5305,2310,2020-02-01,1931.43,1
5306,1569,2022-11-28,751.75,1
5307,595,2021-08-31,5008.69,1
5308,1006,2021-02-15,1688.27,1
5309,2241,2019-01-17,1556.61,1
5310,1645,2024-08-26,9024.28,1
5311,38,2024-12-11,5457.22,1
5312,2449,1978-07-14,585.7,1
5313,615,2010-08-15,2800.9,1
5314,1845,2023-02-24,636.4,1
5315,2217,2019-05-29,28722.63,1
5316,2382,2018-04-06,12987.56,1
5317,2043,2018-03-08,45572.28,1
5318,519,2007-02-26,1379.62,1
5319,515,2012-04-09,18852.96,1
5320,2128,2002-09-06,89.16,3
5321,2108,2026-03-22,1202.56,1
5322,602,2014-03-17,391.76,1
5323,2124,2006-07-24,27713.86,1
5324,216,1997-12-14,402770.71,1
5325,1315,2004-01-21,723.72,1
5326,1149,2020-08-19,703.58,1
5327,275,2023-09-28,2614.96,1
5328,694,2019-03-28,9392.09,1
5329,1004,2010-05-12,1720.55,1
5330,442,2020-06-07,1288.03,1
5331,1297,2020-08-31,67701.64,1
5332,62,2018-08-09,962.33,1
5333,2486,2024-09-20,1838.02,1
5334,1355,2005-03-06,177.87,1
5335,448,2025-10-01,54272.73,1
5336,1807,2016-11-11,3221.47,1
5337,318,2024-03-27,926.2,1
5338,1159,2020-03-02,872.12,1
5339,2071,2024-05-12,399.39,1
5340,662,2025-12-08,65438.72,1
5341,71,2003-09-13,17332.29,1
5342,437,2024-12-18,3272.24,1
5343,306,2026-04-05,1621.95,1
5344,2333,2007-07-30,65984.17,1
5345,2450,2025-05-31,37708.31,1
5346,1402,2024-06-03,381.87,1
5347,1655,2026-03-29,78.65,1
5348,2224,2010-03-31,1585.4,1
5349,220,2022-04-07,66.72,1
5350,1497,2002-10-05,2340.48,1
5351,2189,2026-03-22,53667.92,1
5352,344,2020-01-23,12620.91,1
5353,183,2024-04-13,1931.38,1
5354,53,2017-01-07,971.28,1
5355,1190,2024-02-06,44822.79,1
5356,213,2022-01-03,125.07,1
5357,997,2019-01-06,4645.09,1
5358,275,2025-02-22,828.5,1
5359,1558,2022-07-29,229950.35,1
5360,1160,2019-04-12,3289.56,1
5361,974,2011-12-14,54.56,1
5362,129,2012-03-01,8286.34,1
5363,654,2016-05-08,476.04,1
5364,1104,2005-06-24,6352.37,1
5365,2112,2018-10-21,6289.19,1
5366,1833,1996-08-30,168.06,1
5367,545,2005-08-13,48001.15,1
5368,2157,2019-01-16,14486.57,1
5369,688,2016-11-20,419.25,1
5370,1167,2024-05-26,2844.91,1
5371,389,2024-08-14,80884.2,1
5372,1171,2001-07-12,417.64,1
5373,1432,2010-06-15,1775.28,1
5374,1910,1995-12-28,1317.19,1
5375,1234,2009-08-03,6390.74,1
5376,654,2013-07-30,148.16,1
5377,1760,2011-12-09,2060.62,1
5378,2376,2024-04-08,8424.09,1
5379,492,2002-02-02,32.02,1
5380,2212,2014-04-11,698.55,1
5381,64,2017-10-12,34753.65,1
5382,1973,2026-07-15,245.07,1
5383,1797,2026-01-24,2217.82,1
5384,686,2018-05-03,3389.79,1
5385,1120,2022-12-19,9343.78,1
5386,2136,2021-06-18,643.99,1
5387,2478,2024-08-02,790.47,1
5388,317,2014-04-19,454.75,1
5389,639,2001-10-24,77966.84,1
5390,1778,2024-04-03,6285.56,1
5391,888,1997-10-15,1353.49,1
5392,2471,2024-12-25,476.58,1
5393,642,2006-02-03,289220.72,1
5394,2298,2022-10-14,4347.0,1
5395,1154,2006-02-02,42545.51,1
5396,2342,2015-04-20,33243.21,1
5397,1540,2020-02-02,4607.38,1
5398,1790,2006-05-03,1088.81,1
5399,847,2026-08-16,5332.1,1
5400,897,2026-06-28,4341.74,3
5401,1972,2023-09-24,12088.08,1
5402,1316,2022-05-10,76999.56,1
5403,1207,2007-03-19,1249.46,1
5404,2147,2023-12-13,2088.04,1
5405,793,2020-10-23,3033.16,1
5406,641,2016-03-17,2722.97,1
5407,265,2025-10-01,3349.44,1
5408,802,2024-06-02,334.06,1
5409,404,2017-09-25,26450.38,1
5410,2483,2021-05-03,4301.32,1
5411,1010,1998-06-29,1573.65,1
5412,669,2016-03-14,3478.56,1
5413,1721,2026-03-04,337.27,1
5414,724,2011-04-06,555.25,1
5415,327,2020-08-25,29.58,1
5416,895,2006-01-25,6106.47,1
5417,615,2012-05-22,1413.29,1
5418,563,2021-01-29,288.34,1
5419,1785,2024-11-24,65195.43,1
5420,1976,2009-12-16,38664.42,1
5421,1039,2011-11-25,12476.75,1
5422,1294,2006-01-24,1860.35,1
5423,859,1999-07-28,260.32,1
5424,1397,2014-07-07,4525.25,1
5425,108,2025-02-12,40500.93,1
5426,2249,2003-01-25,120109.38,1
5427,705,2022-02-10,90316.51,1
5428,721,2018-12-02,1213.27,1
5429,205,2013-10-02,37272.7,1
5430,1218,2017-01-10,44.75,1
5431,1579,2025-05-25,268.38,1
5432,2206,2024-01-05,535.72,1
5433,694,2017-12-15,14585.0,1
5434,1599,2024-04-30,3927.8,1
5435,2431,2025-11-27,22178.16,1
5436,2498,2025-05-29,2941.28,1
5437,2109,2016-05-22,4500.52,1
5438,1862,2019-02-18,329214.09,1
5439,2325,2011-11-06,1894.76,1
5440,2327,2011-06-30,4247.62,1
5441,2304,2015-09-27,2702.06,1
5442,1102,2024-11-21,1273.07,1
5443,968,2005-08-17,6226.84,1
5444,1946,1997-10-13,6232.08,1
5445,744,2001-06-10,65007.82,1
5446,140,2025-08-31,1735.34,1
5447,2041,2024-09-07,11259.31,1
5448,869,2019-10-24,369136.91,2
5449,1806,1996-10-25,1953.36,1
5450,2181,1994-11-10,47147.21,2
5451,2446,2025-11-10,59596.38,1
5452,2194,1991-06-09,536.54,1
5453,2003,2013-02-08,610.46,1
5454,1207,2016-07-18,1175.71,1
5455,955,2011-03-02,927.57,1
5456,1758,2023-12-19,38656.41,1
5457,2324,2015-09-02,7388.94,1
5458,739,2025-11-16,8818.04,1
5459,1933,2023-02-26,19503.93,1
5460,1868,2020-02-16,867.75,1
5461,304,2019-11-17,341054.0,1
5462,2052,2023-05-05,13817.84,1
5463,1836,2024-08-23,458.4,1
5464,210,1989-02-24,28619.84,1
5465,1180,2013-02-05,761.41,1
5466,2449,1977-07-27,850.96,1
5467,1033,2012-04-25,3023.36,1
5468,2082,1995-07-15,5494.12,1
5469,9,2008-05-20,7283.26,1
5470,1959,2022-03-08,444.05,1
5471,682,2018-12-01,1296.32,1
5472,1920,2022-03-22,21383.97,1
5473,2417,2024-05-13,2778.39,1
5474,2264,2013-03-27,2631.15,1
5475,1070,2003-01-06,8099.24,1
5476,1561,2024-01-18,4812.46,1
5477,999,2011-12-01,25044.3,1
5478,1491,2026-07-18,1211.64,1
5479,1886,2022-12-01,6456.21,2
5480,250,2025-01-26,145.05,1
5481,1178,2017-12-22,1375.84,2
5482,1825,2023-06-09,732.23,1
5483,376,2023-06-16,417.88,1
5484,77,2021-08-16,5674.48,1
5485,1783,2004-09-11,782.9,1
5486,778,2014-10-15,261.53,1
5487,866,2023-07-13,23493.94,1
5488,1915,1991-07-16,191.64,1
5489,2184,2022-04-22,228.97,1
5490,734,2026-05-30,27733.1,1
5491,1821,2013-11-13,312.06,1
5492,2140,2013-09-02,35636.57,1
5493,1794,2014-09-05,2813.47,1
5494,879,2018-09-28,145465.67,1
5495,949,2015-05-16,216.43,1
5496,624,2011-01-19,959.44,1
5497,1949,2018-02-19,107008.29,3
5498,986,2008-07-16,824.03,1
5499,1233,2007-03-24,1950.89,1
5500,70,2015-02-22,9776.45,1
5501,1171,2006-04-09,646.97,1
5502,307,2016-07-07,104533.96,1
5503,2221,2015-02-12,9848.99,3
5504,1689,2011-05-21,27697.99,1
5505,529,2023-10-25,70306.1,1
5506,738,2024-01-07,439.58,1
5507,1304,2004-07-23,652.27,1
5508,1284,2018-07-21,254423.31,1
5509,876,2002-07-11,14801.97,1
5510,1188,1995-09-18,3532.99,1
5511,131,2019-01-23,51264.26,1
5512,666,2015-09-25,806.16,1
5513,1328,2020-06-13,11727.46,1
5514,1082,2014-05-13,949.75,1
5515,1419,2018-06-12,1323.26,1
5516,2366,1998-03-20,62209.61,1
5517,749,2010-11-05,54052.54,1
5518,1372,2024-05-03,855095.71,1
5519,1058,2024-08-02,600.43,1
5520,1835,2022-05-15,649.5,1
5521,109,2025-04-06,12499.9,1
5522,1147,2015-12-08,8236.59,1
5523,1160,2018-11-04,3055.71,1
5524,1454,2010-12-28,116.17,1
5525,2338,2024-02-29,50973.08,1
5526,202,2015-04-04,1648.76,1
5527,80,2020-08-22,126.82,1
5528,210,1990-06-25,19767.11,1
5529,1992,2021-05-22,5813.09,1
5530,950,2009-06-07,616.06,1
5531,38,2024-09-15,21968.83,1
5532,446,2006-10-26,705.78,1
5533,1237,2000-07-21,137772.47,3
5534,1394,2018-07-09,93244.04,1
5535,1735,2026-05-23,6241.65,1
5536,238,1984-11-23,240.63,1
5537,421,2013-07-25,1050.01,1
5538,874,2018-12-28,6297.64,1
5539,2303,2016-09-17,27184.01,1
5540,246,1997-08-06,4166.26,1
5541,2490,2000-12-24,51.55,1
5542,2402,2026-07-08,350.93,1
5543,345,2016-08-18,13032.81,1
5544,343,2015-01-06,3854.77,1
5545,1364,2008-07-07,1216.9,1
5546,645,2003-01-06,5626.64,2
5547,2453,1998-06-22,3347.73,1
5548,2080,2009-03-25,3136.61,1
5549,376,2023-01-06,370.92,1
5550,308,2015-04-18,2274.94,1
5551,1797,2026-01-25,3307.63,1
5552,790,2026-03-03,1363.4,1
5553,748,2005-06-30,498.55,1
5554,695,2015-08-27,3000.0,1
5555,1813,2017-04-08,1725.18,1
5556,1004,2013-07-15,2390.58,1
5557,57,2022-06-25,51065.44,1
5558,175,2024-09-27,220.23,1
5559,278,2012-06-27,20911.19,1
5560,796,2022-08-15,3117.49,1
5561,1888,2008-06-14,947.2,1
5562,513,2026-05-08,163937.8,1
5563,1117,2019-06-14,41.75,1
5564,497,2010-04-13,37418.53,1
5565,1210,2023-05-26,5429.11,1
5566,1125,1996-10-18,658.64,1
5567,577,2013-08-03,15375.29,1
5568,2493,2007-12-12,18226.74,1
5569,818,2012-08-04,1535.11,1
5570,2120,2026-03-17,2224.14,1
5571,2301,2025-08-04,4318.33,1
5572,2212,2015-06-29,482.49,1
5573,334,2021-11-06,288.88,1
5574,1786,2026-02-11,705.61,1
5575,1926,2023-11-18,8483.44,1
5576,1076,2013-09-24,1382.34,1
5577,294,2016-02-10,2974.76,1
5578,1158,2021-08-04,43744.11,1
5579,1223,2025-05-18,10463.25,1
5580,1148,2024-10-03,1740.32,1
5581,2103,2018-04-11,1576.74,3
5582,2172,2009-09-09,87210.11,1
5583,123,2015-05-23,63688.97,1
5584,150,2026-03-29,7237.92,1
5585,1801,2024-08-17,260.48,1
5586,2463,2018-09-11,4456.71,1
5587,1366,2025-03-09,1619.57,1
5588,1928,2018-02-21,1016.52,1
5589,536,2019-04-03,1674.02,1
5590,2043,2008-10-18,8904.46,1
5591,1091,2016-06-29,927.62,1
5592,1610,2022-04-02,2108.42,1
5593,119,2012-12-14,416.59,1
5594,2229,2018-04-06,368.08,1
5595,1062,2023-03-23,3078.59,1
5596,1362,2003-10-25,1703.25,1
5597,389,2024-10-18,81673.44,1
5598,1584,2009-02-11,130.01,1
5599,1105,2012-12-26,894.96,1
5600,1052,2014-11-13,19473.75,1
5601,1690,1999-04-26,50911.16,1
5602,707,1994-12-22,1177.01,1
5603,1356,1993-04-29,1116.65,1
5604,163,2025-10-02,20149.27,1
5605,2312,2018-08-12,1061.34,3
5606,1554,2013-04-22,408.43,1
5607,991,2015-11-14,4048.45,1
5608,2125,2000-02-20,931.4,1
5609,1176,2007-06-01,11450.89,1
5610,2084,2017-05-03,123740.23,1
5611,671,2008-09-13,1861.65,1
5612,1193,2023-02-26,442.87,3
5613,4,2023-12-18,4010.14,1
5614,1549,2013-04-05,188782.09,3
5615,2406,2002-02-20,42835.98,1
5616,169,2008-07-01,1555.44,1
5617,465,2017-02-25,2178.55,1
5618,399,2017-09-07,5434.4,1
5619,414,2014-07-28,2602.55,1
5620,520,2005-04-14,921.49,1
5621,1893,2025-10-09,2114.43,1
5622,1474,2009-05-21,620.34,1
5623,1554,2013-10-04,322.39,1
5624,235,2020-01-29,1316.33,1
5625,893,2023-09-15,62692.47,1
5626,2276,2022-03-10,49.01,1
5627,1399,2007-01-12,27967.53,1
5628,450,2023-12-16,1566.61,1
5629,2038,2009-11-09,2507.6,3
5630,1456,2021-11-18,82863.36,1
5631,1221,2018-03-27,1895.12,1
5632,2281,2000-12-01,1191.86,1
5633,1591,2021-05-03,12043.57,1
5634,2063,2022-11-11,1294.51,1
5635,1000,1993-04-17,534.84,1
5636,1447,2011-05-21,6770.03,1
5637,1161,2010-12-15,41368.02,1
5638,2426,2015-06-26,3962.83,1
5639,2039,2019-05-18,170633.14,3
5640,1708,2000-04-13,6223.28,1
5641,1044,2008-04-04,3930.01,1
5642,2050,2022-01-01,780.02,1
5643,2424,2024-07-18,5644.05,1
5644,1677,2012-04-28,336.64,1
5645,1612,2025-10-31,6144.49,1
5646,2028,2000-03-13,6655.4,1
5647,1031,2026-05-08,3359.36,1
5648,963,2018-07-06,1677.77,1
5649,1876,2018-09-14,28515.23,3
5650,2176,2025-12-13,10456.97,1
5651,983,2019-07-26,46114.2,1
5652,980,2008-11-09,3980.63,1
5653,957,2005-02-06,1206.24,1
5654,896,2019-01-24,26209.4,1
5655,1168,2017-07-23,2947.83,3
5656,2015,2016-05-20,1292.15,1
5657,1239,2016-09-04,11894.6,1
5658,700,2018-05-11,16498.38,1
5659,2285,2016-05-20,198.03,1
5660,1503,1991-06-19,2086.12,1
5661,1025,2015-02-08,3339.02,1
5662,953,2017-02-05,9299.68,1
5663,1865,2020-10-11,2935.68,1
5664,598,2005-06-05,1114.16,1
5665,913,2012-06-17,510.94,1
5666,633,1997-03-03,490.58,1
5667,2074,2004-07-14,1451.57,1
5668,2308,2019-05-28,2996.99,1
5669,1398,2026-07-14,7800.31,1
5670,775,2007-03-30,2025.44,1
5671,1544,2019-03-25,2566.17,1
5672,789,2020-07-05,4663.61,1
5673,844,2020-11-26,9247.31,1
5674,1191,2018-06-14,17868.67,1
5675,440,2005-08-05,65646.02,1
5676,479,2025-09-26,2766.79,1
5677,1754,2021-02-12,8291.43,1
5678,855,2026-08-12,4624.22,1
5679,681,2009-12-29,1876.18,1
5680,2288,2019-10-05,137.61,1
5681,1657,2025-07-15,1170.28,3
5682,1740,2025-08-21,2978.46,1
5683,1634,2016-01-24,9603.38,1
5684,1466,2006-05-07,941.81,1
5685,803,2016-11-25,2405.49,1
5686,878,2009-02-05,1472.97,1
5687,1763,2025-11-22,2344.72,1
5688,2104,2002-08-11,3127.03,1
5689,2409,1995-05-19,44894.81,1
5690,653,2016-12-02,3431.57,2
5691,167,2017-08-05,251908.47,3
5692,1120,2023-02-02,27478.45,1
5693,548,2023-11-01,2159.52,1
5694,1,2022-01-18,1002.26,1
5695,965,2015-05-27,32515.55,1
5696,691,2013-04-28,240.63,1
5697,6,2020-01-30,15014.1,3
5698,1222,2019-06-21,81514.15,1
5699,2130,2018-05-01,405.2,1
5700,1086,2012-12-24,5050.95,1
5701,2289,2015-07-19,1170.3,2
5702,817,2004-11-17,1046.35,1
5703,1759,2024-04-17,10155.55,1
5704,2197,2012-04-10,213.07,1
5705,2280,2024-05-24,4769.65,1
5706,1515,2012-01-18,3754.5,3
5707,109,2025-02-27,14891.53,1
5708,1631,1998-03-09,319.85,1
5709,1685,2025-08-04,1519.31,1
5710,1631,1998-05-20,458.42,1
5711,883,2024-10-16,7340.55,1
5712,534,2012-06-17,4185.67,1
5713,1163,2021-07-02,1137.93,1
5714,1840,1984-08-25,552.66,1
5715,490,2026-03-29,9824.82,1
5716,583,2007-12-29,1000.76,1
5717,158,2000-05-26,28533.65,1
5718,455,2006-06-07,2052.87,1
5719,1847,2009-10-25,2069.65,1
5720,2061,2020-07-17,1610.47,1
5721,520,2006-07-11,1031.22,1
5722,2478,2024-06-25,2714.36,1
5723,622,2021-01-13,4405.13,1
5724,38,2024-08-27,17870.1,1
5725,1360,2011-12-10,16134.39,1
5726,2352,2021-09-11,10859.75,1
5727,1236,2006-12-05,4747.07,1
5728,457,2004-05-03,446.97,1
5729,1121,2005-09-23,2432.8,1
5730,77,2021-06-16,3756.32,1
5731,1409,2014-11-28,10489.62,1
5732,1419,2018-03-02,624.63,1
5733,1478,2026-04-25,1999.04,1
5734,1772,2025-05-09,797.11,1
5735,881,2025-10-11,146018.13,1
5736,2342,2016-06-15,56014.02,1
5737,1819,2009-12-01,42607.13,1
5738,1131,2005-02-12,6428.75,1
5739,1991,2018-12-27,1762.67,1
5740,193,2011-12-14,145.36,1
5741,1909,2009-03-03,3011.26,1
5742,654,2012-07-25,1017.93,1
5743,54,2019-10-18,165601.26,1
5744,2305,1995-02-14,2232.13,3
5745,1602,2023-11-05,3601.12,1
5746,27,2010-07-12,2322.13,1
5747,1415,2022-06-03,1762.84,1
5748,883,2024-04-09,3529.74,1
5749,36,2020-09-06,10725.55,1
5750,1450,2018-02-02,3306.6,1
5751,641,2015-05-03,10479.3,1
5752,2130,2019-01-20,11168.54,1
5753,566,2021-03-26,1872.97,1
5754,79,2014-12-16,40337.82,1
5755,82,2020-05-09,534.91,1
5756,1587,2021-02-20,1526.51,1
5757,1497,2003-01-21,968.76,1
5758,1180,2013-07-11,401.11,1
5759,1929,2025-06-10,1975.92,1
5760,2229,2018-11-01,215.19,1
5761,1594,2022-08-06,404.91,1
5762,2,2024-06-25,25895.22,1
5763,2337,2003-05-12,6739.67,1
5764,1004,2014-07-09,540.22,1
5765,1377,2013-02-12,1178.85,1
5766,2212,2014-11-23,682.46,1
5767,1574,1998-02-28,2076.14,1
5768,1721,2026-03-04,124.28,1
5769,578,2005-09-06,3683.09,1
5770,467,2008-03-16,2126.92,1
5771,1731,2011-02-15,8446.09,1
5772,1471,2011-03-12,1452.59,1
5773,1813,2017-07-21,1369.32,1
5774,1732,2024-06-08,4132.51,1
5775,508,2021-03-29,33415.96,1
5776,2024,2020-02-29,9169.91,1
5777,1821,2016-09-12,4767.31,1
5778,1929,2026-01-03,1600.29,1
5779,1329,2023-02-02,1921.99,1
5780,2043,2013-10-13,24251.45,1
5781,382,2019-12-31,39261.68,1
5782,1335,2011-08-06,1274.38,1
5783,97,2022-12-15,3923.01,3
5784,1283,2008-03-14,1489.19,1
5785,1251,2020-11-23,1130.82,1
5786,1687,2021-06-08,11920.78,3
5787,2133,2002-09-21,15791.09,1
5788,573,2024-12-16,38.29,3
5789,2139,2005-12-06,1757.0,1
5790,2280,2020-06-21,4777.41,1
5791,816,2013-04-11,15702.99,1
5792,1045,2025-09-24,283.4,1
5793,831,2020-07-31,2058.12,3
5794,1357,2022-10-08,1302.99,1
5795,195,2025-07-13,6243.53,1
5796,112,2000-06-30,182756.01,3
5797,1705,2005-09-07,10564.25,1
5798,1471,2023-02-28,1412.19,1
5799,969,2024-07-02,573.93,1
5800,1531,2013-03-06,1340.58,1
5801,568,2022-07-20,760.01,1
5802,500,2007-09-16,81037.56,1
5803,1525,2018-02-05,11824.35,1
5804,273,2026-01-18,5193.46,1
5805,1709,2018-06-26,221.83,3
5806,1208,2001-12-02,103548.66,1
5807,1649,2007-10-09,54429.48,1
5808,1749,2023-05-16,1964.65,1
5809,2210,2022-01-11,11414.54,1
5810,808,2016-08-13,790.92,1
5811,1536,2022-06-25,539.28,1
5812,986,2008-04-17,195.07,1
5813,1045,2025-08-01,630.39,1
5814,651,2025-04-06,1555.74,1
5815,2275,2026-05-06,2208.63,1
5816,801,2024-05-19,242.33,1
5817,760,2017-12-21,74274.12,1
5818,2236,2022-06-02,293.05,1
5819,409,2017-11-19,8663.95,1
5820,557,2024-12-03,1209.91,1
5821,1761,2018-01-30,17532.25,1
5822,2226,2020-06-08,1479.41,1
5823,1312,2024-10-02,789.18,1
5824,326,2017-04-29,16175.6,1
5825,1717,2025-12-11,521.62,3
5826,1940,2024-03-28,4167.72,1
5827,1591,2020-10-14,2531.13,1
5828,146,2024-05-02,6163.86,1
5829,2177,2025-03-11,9724.88,1
5830,482,1992-12-16,67585.64,1
5831,495,2018-11-25,413.73,1
5832,459,2016-07-02,129149.57,1
5833,1217,2026-01-14,24246.93,1
5834,869,2012-07-05,62641.58,1
5835,1611,2005-07-05,7556.78,1
5836,1232,2023-01-29,477.2,1
5837,1508,2015-10-13,779.44,1
5838,234,2017-04-16,1082.63,1
5839,1569,2023-03-10,2300.34,1
5840,2392,2011-03-05,163575.92,1
5841,725,2010-12-16,1546.67,1
5842,349,1987-04-17,3716.01,1
5843,1576,2018-05-14,2908.13,1
5844,300,2007-02-21,45181.25,1
5845,65,2009-03-30,201.5,1
5846,2228,2020-08-07,48506.24,1
5847,32,2026-02-11,129254.01,1
5848,722,2004-06-23,24588.81,1
5849,594,2024-11-03,13762.21,1
5850,2166,2021-05-30,164563.19,2
5851,796,2024-07-05,2253.22,1
5852,534,2009-09-03,3461.75,1
5853,446,2006-11-04,537.35,1
5854,2465,2013-12-28,41030.95,1
5855,650,2008-04-18,2173.34,1
5856,2182,2021-10-17,1351.55,1
5857,183,2022-12-06,2160.7,1
5858,2078,2006-02-26,256586.45,1
5859,2355,2014-08-02,657.52,1
5860,1855,2021-08-01,3451.22,1
5861,884,2021-10-07,3179.22,1
5862,2365,2022-01-12,68.05,1
5863,2393,2025-01-26,1827.01,1
5864,1651,2021-04-19,59890.98,1
5865,2069,2006-10-28,622.61,1
5866,299,2008-11-23,87.15,1
5867,978,2001-01-23,69999.1,1
5868,1973,2026-05-21,88.76,1
5869,1151,2009-11-04,1669.54,1
5870,1901,2000-02-03,77.22,1
5871,2266,2018-03-30,1063.33,1
5872,1345,2024-08-19,11243.16,1
5873,2404,2024-09-30,28546.87,1
5874,993,2021-06-30,10257.43,1
5875,721,2018-07-08,496.34,1
5876,1792,2023-08-12,98899.53,1
5877,875,2026-05-25,1894.7,1
5878,29,2024-04-25,5170.1,1
5879,577,2012-03-26,26745.04,1
5880,1877,1995-01-04,6838.31,1
5881,1831,2024-12-31,2948.54,1
5882,2409,2004-11-29,103358.05,1
5883,320,2023-03-30,8946.88,1
5884,2185,2018-02-02,2544.16,1
5885,1130,2014-07-29,1063.38,1
5886,2123,1999-12-25,182037.77,1
5887,911,2012-11-17,852.1,1
5888,1105,2002-11-16,660.65,1
5889,1029,2011-02-10,31529.97,1
5890,616,2021-05-10,2325.35,1
5891,1996,2022-04-21,635.12,1
5892,570,2025-07-28,1289.73,1
5893,867,2025-06-12,4520.24,1
5894,170,2012-01-01,398.78,1
5895,1479,2018-10-29,6804.33,1
5896,2123,1998-12-02,30751.18,1
5897,1509,2009-12-20,437.75,1
5898,534,2004-08-30,484.47,1
5899,251,2018-03-11,43085.38,1
5900,426,2018-10-25,43440.21,2
5901,1544,2021-07-10,763.64,1
5902,467,2008-06-11,2060.46,1
5903,2452,2025-05-29,2233.32,1
5904,1303,2002-05-27,8520.19,1
5905,1771,2021-11-01,5388.77,3
5906,1160,2019-09-05,80.53,1
5907,929,2006-04-06,509.59,1
5908,1530,2024-03-21,63125.27,1
5909,1017,2021-06-26,571.5,1
5910,2414,2011-12-17,198322.88,1
5911,460,2026-07-15,30886.04,1
5912,369,2020-10-18,1194.02,1
5913,1430,2014-07-30,672.11,1
5914,645,2002-12-03,3670.66,1
5915,2062,2009-11-29,4480.13,3
5916,1759,2024-11-11,3883.24,1
5917,1022,2007-05-25,1231.97,1
5918,1861,2012-06-06,2446.21,1
5919,994,2022-11-09,9996.41,1
5920,2387,2007-03-11,719.76,1
5921,1965,2025-11-06,798.19,1
5922,1493,2012-11-24,87865.48,1
5923,527,2013-11-13,453.28,1
5924,403,2019-04-23,6483.45,1
5925,1496,1996-08-22,6947.02,1
5926,2309,2025-08-02,260.8,1
5927,129,2017-12-01,20187.1,1
5928,988,2025-08-13,16127.08,1
5929,1095,2024-09-08,3813.63,1
5930,1581,2021-11-17,56735.56,1
5931,1789,2025-05-09,1263.16,1
5932,1387,2025-10-05,2975.17,1
5933,2124,2009-04-16,24777.18,1
5934,1805,2025-11-23,16690.78,1
5935,483,2009-04-11,68036.61,1
5936,566,2022-08-09,2809.26,1
5937,1549,2010-12-14,59322.88,1
5938,55,2024-03-03,2239.76,1
5939,1805,2025-10-14,37202.59,1
5940,887,2005-12-01,1903.83,1
5941,1874,2015-10-25,4689.55,1
5942,2357,2011-08-18,16067.6,1
5943,1227,1996-06-14,625.06,1
5944,2325,2024-08-22,1538.25,1
5945,2136,2020-09-20,5428.76,1
5946,2068,2024-09-19,1930.52,1
5947,901,2006-03-29,9177.43,1
5948,1989,2022-09-26,9711.55,1
5949,1555,2013-03-23,563.6,1
5950,1429,2017-12-05,1018.79,1
5951,1454,2012-07-10,520.91,1
5952,1403,2025-11-15,441.97,1
5953,2292,2012-12-20,23798.45,1
5954,1379,2025-03-05,1235.57,1
5955,1819,2012-12-24,31912.07,1
5956,2064,2026-01-27,3867.02,1
5957,986,2007-11-04,2726.52,2
5958,1951,2023-07-30,4386.42,3
5959,126,2023-08-01,1195.49,1
5960,2259,2021-12-08,3768.65,1
5961,887,2019-03-04,1950.64,1
5962,2443,2016-11-05,1027.95,1
5963,1774,1990-10-25,438.52,3
5964,993,2020-11-13,2292.53,3
5965,314,2023-09-21,504.97,1
5966,24,2018-11-08,1885.0,1
5967,2347,2011-01-25,3048.15,1
5968,546,2024-06-16,18866.69,1
5969,2158,2022-03-30,83046.9,1
5970,1725,2021-03-31,2670.71,1
5971,2005,2014-08-20,60465.66,1
5972,1130,2014-08-05,1234.87,1
5973,1749,2023-11-30,2166.44,1
5974,2277,2024-09-20,15401.71,1
5975,1224,2001-01-07,106215.81,1
5976,1771,2023-12-08,1819.54,1
5977,1401,2019-12-15,506.45,1
5978,1388,2024-07-12,4729.28,1
5979,2390,2014-09-17,3187.41,1
5980,6,2018-12-11,25193.1,1
5981,2200,2012-02-25,2100.25,1
5982,1111,2014-10-31,2242.96,1
5983,1913,2015-08-24,1780.74,1
5984,2025,2025-05-24,157.37,1
5985,110,2025-09-18,366.69,1
5986,824,2022-09-14,1080.6,1
5987,1370,2022-12-11,12113.33,1
5988,163,2025-02-23,4865.98,1
5989,1994,2018-06-20,19516.6,1
5990,760,2022-07-29,95622.67,1
5991,2264,2018-10-13,99.42,1
5992,491,2012-05-04,17.96,3
5993,149,1996-07-04,11734.48,1
5994,2118,2006-01-25,2515.46,1
5995,839,2002-07-31,3508.42,1
5996,1914,2023-03-01,157.5,1
5997,1798,2020-01-31,135231.58,1
5998,1209,2010-04-01,15942.15,1
5999,1593,2019-05-07,3484.18,1
6000,1840,1991-01-11,2862.26,1
6001,1962,1998-07-01,9256.44,1
6002,2232,2018-09-25,364.9,1
6003,1052,2014-09-16,4232.26,3
6004,351,2025-10-24,201.45,1
6005,1770,2020-09-03,2904.93,1
6006,616,2016-05-11,8705.53,1
6007,1504,2022-08-15,30648.05,1
6008,1366,2025-05-15,10745.17,3
6009,1415,2021-10-10,491.84,1
6010,1133,2007-03-13,2139.02,1
6011,78,2025-07-19,1651.68,1
6012,2027,2020-07-15,869.75,1
6013,1647,2026-08-27,117.27,1
6014,1445,1997-01-02,480.2,1
6015,1535,2026-08-06,1690.58,1
6016,1707,2025-01-19,2797.43,1
6017,1409,2017-05-09,62411.8,1
6018,965,2015-10-24,17905.42,3
6019,1095,2024-07-08,4014.02,1
6020,2453,1998-12-16,32426.6,1
6021,151,2019-08-21,613.61,1
6022,549,2012-03-29,2433.27,1
6023,1071,2019-09-16,46827.29,3
6024,427,2022-10-17,621.96,1
6025,842,2026-04-18,232678.28,1
6026,449,2020-03-20,3303.23,1
6027,2466,2025-10-25,286.85,1
6028,2048,2004-09-24,838.67,1
6029,1022,2006-06-14,3528.37,1
6030,914,1998-11-04,3587.73,1
6031,1218,2016-08-26,1442.88,1
6032,2019,1988-03-30,106.68,1
6033,854,2024-04-01,16618.41,2
6034,731,2014-11-27,89412.78,1
6035,2146,2017-08-02,95065.57,2
6036,217,2010-02-13,254.63,1
6037,1163,2021-04-05,722.65,1
6038,1635,2020-05-21,6431.21,1
6039,2049,2022-11-15,455.05,1
6040,1354,2016-08-16,242.37,1
6041,2153,2002-07-03,8083.46,1
6042,2123,2007-07-07,418983.98,1
6043,195,2025-07-21,3781.19,1
6044,11,2022-05-10,415.13,1
6045,2066,2023-04-16,170333.3,1
6046,2043,2016-10-26,33680.49,1
6047,315,2002-11-23,232.99,1
6048,59,2023-04-27,1114.62,2
6049,1189,2007-07-12,62.67,1
6050,1802,2013-03-16,3849.3,1
6051,1277,2015-04-07,22887.11,1
6052,1404,2012-08-21,37.29,1
6053,1550,2022-11-18,4722.05,1
6054,1599,2019-03-15,4823.31,1
6055,1348,2019-12-25,9288.51,1
6056,2141,2017-09-22,369.93,1
6057,10,2025-10-22,34.77,1
6058,1809,2022-07-12,1610.78,3
6059,2088,2007-03-05,4140.05,1
6060,19,1992-11-14,1059.15,1
6061,1571,2021-08-13,1374.72,1
6062,1411,1999-10-17,1972.14,1
6063,1,2022-02-14,1454.61,1
6064,1085,2026-06-13,25858.95,1
6065,387,2016-01-30,31767.35,3
6066,2160,2022-08-20,4367.7,1
6067,1890,2016-09-16,709.41,1
6068,591,2012-09-21,5004.81,1
6069,1923,2024-12-10,283.8,1
6070,1575,2024-05-07,12303.37,1
6071,548,2024-01-07,1437.3,1
6072,671,2010-12-03,6093.83,1
6073,886,2014-05-16,2155.09,1
6074,1892,2005-04-24,6272.6,1
6075,1849,2026-02-06,47292.29,1
6076,1816,2022-04-12,22042.38,1
6077,407,2008-10-17,502.2,1
6078,508,2020-01-26,37270.06,1
6079,1079,2025-11-05,5544.01,1
6080,841,1991-08-20,262.68,2
6081,11,2022-04-12,185.06,1
6082,1233,2004-12-12,781.07,1
6083,2237,2014-12-26,8159.14,1
6084,1926,2020-06-18,122.33,1
6085,750,2023-01-08,101827.96,1
6086,1306,2026-04-01,618.61,1
6087,1680,2018-11-26,69805.17,1
6088,1745,2013-06-12,4981.75,1
6089,2133,2001-08-04,517.36,1
6090,425,2026-05-29,2427.55,1
6091,1883,2021-09-04,706.53,1
6092,1923,2025-01-22,259.98,1
6093,303,2023-05-31,24295.99,1
6094,369,2020-09-26,311.99,1
6095,1218,2015-03-30,1068.61,1
6096,111,2004-04-20,5924.04,1
6097,1596,1979-08-19,87444.81,1
6098,1686,2021-12-10,877.57,1
6099,1769,2025-09-23,870.65,1
6100,2191,2010-01-16,13908.86,1
6101,917,2023-06-09,26114.77,1
6102,1872,2016-01-30,1274.94,1
6103,653,2017-10-10,2688.65,1
6104,1808,2001-11-08,2985.61,1
6105,615,2011-01-25,724.3,1
6106,250,2024-04-01,139.18,1
6107,1644,2023-09-18,227.59,1
6108,1582,2018-06-28,4741.46,3
6109,1269,2017-03-26,22240.12,1
6110,1961,1998-12-01,196.87,1
6111,879,2004-09-13,351581.92,2
6112,1613,2002-12-20,15583.95,1
6113,1252,2026-04-15,5910.87,1
6114,1109,2025-12-10,730.56,1
6115,1782,2005-09-20,4757.44,1
6116,538,2021-11-08,9692.03,1
6117,167,2022-12-13,92156.42,1
6118,1196,2025-01-01,39548.25,1
6119,124,2019-12-28,106492.69,1
6120,2236,2021-02-11,819.97,1
6121,503,2005-10-18,5757.58,1
6122,2247,2023-06-25,280.67,1
6123,479,2024-08-23,1554.56,1
6124,2005,2013-08-28,39917.1,1
6125,1906,2026-07-23,19930.32,1
6126,562,1992-06-10,1395.21,1
6127,715,2021-05-18,38077.59,1
6128,2436,2002-08-31,1608.74,1
6129,1343,2022-01-16,311.3,1
6130,293,1992-08-31,1592.36,1
6131,231,2020-04-11,40092.43,1
6132,2192,1999-09-19,13146.46,1
6133,1940,2023-11-19,4048.31,1
6134,1420,2014-07-02,19370.09,1
6135,125,2004-08-15,1038.15,1
6136,1893,2025-08-15,1106.73,1
6137,1213,2016-08-04,3535.49,1
6138,2106,2015-10-21,1496.2,1
6139,506,2017-07-11,99725.73,1
6140,1734,2019-05-20,620.03,1
6141,1108,2012-06-09,3893.52,1
6142,1009,2015-12-31,2764.36,1
6143,242,2012-02-01,717.45,1
6144,2176,2026-04-15,5753.64,1
6145,1638,2015-01-16,625.79,1
6146,690,2021-12-12,269.3,1
6147,2314,2023-03-05,934.25,1
6148,1041,2022-01-12,3314.73,1
6149,1468,2007-04-23,1799.38,1
6150,1029,2007-04-06,41658.07,1
6151,1097,2021-06-19,21538.56,1
6152,1779,2025-02-14,24709.42,1
6153,2078,2025-11-24,254753.69,1
6154,1783,2006-01-31,1709.94,1
6155,823,2024-07-22,2997.95,1
6156,1576,2020-02-27,71276.69,1
6157,564,2018-09-02,855.03,1
6158,1070,2001-05-27,11335.58,1
6159,1417,2001-12-19,4246.22,1
6160,557,2025-03-28,2932.95,1
6161,1547,2021-03-05,173463.5,1
6162,800,2011-11-12,139228.89,1
6163,1550,2022-03-17,3259.04,1
6164,1235,2024-05-03,394358.37,1
6165,1578,2019-12-02,11532.65,1
6166,1994,2021-05-12,36335.97,1
6167,1111,2014-01-18,2140.0,1
6168,1957,2000-06-20,14406.21,1
6169,2193,2017-01-19,6508.74,1
6170,1706,2015-08-11,14738.78,1
6171,1746,2024-03-14,6785.28,1
6172,541,2024-05-11,53742.5,1
6173,955,2009-07-04,1492.87,1
6174,1384,2025-03-13,6096.14,1
6175,1593,2017-09-19,3631.22,1
6176,1494,2020-05-22,19635.76,1
6177,1190,2024-11-15,108448.67,1
6178,757,2025-05-27,488.97,1
6179,1158,2021-07-11,1190463.69,1
6180,1835,2020-07-23,593.02,1
6181,287,2014-01-26,2263.61,1
6182,1088,2010-02-07,1322.27,1
6183,1404,2013-04-19,588.52,1
6184,1364,2006-06-28,523.93,1
6185,377,2014-11-05,1399.81,1
6186,307,2014-07-16,36924.64,1
6187,1687,2020-06-15,1060.53,1
6188,1715,2019-07-26,2333.55,1
6189,2210,2021-06-14,20586.63,1
6190,1050,2000-05-16,1481.09,1
6191,2295,2018-04-09,1095.53,1
6192,2001,2008-12-11,2950.67,1
6193,2038,2008-04-18,2063.35,1
6194,826,2000-07-29,62201.64,1
6195,1431,2007-06-28,1140.71,1
6196,1338,2009-05-24,25600.27,1
6197,2491,2006-01-03,5816.35,1
6198,1155,2009-10-05,7944.1,3
6199,2425,1993-11-29,1167.48,1
6200,1993,2019-07-18,3546.7,1
6201,2243,2004-10-22,1221.56,1
6202,1436,2013-05-07,1444.76,1
6203,1898,2016-07-14,2052.28,1
6204,1667,2022-04-07,4033.82,3
6205,279,2009-04-13,1367.5,1
6206,366,1993-10-21,1898.74,1
6207,1744,2014-01-17,7781.57,1
6208,2197,2011-06-12,239.02,1
6209,1362,2005-02-08,406.18,1
6210,1127,2005-09-30,374.68,1
6211,336,2022-05-22,3425.98,1
6212,1562,2026-02-21,2000.79,1
6213,1052,2014-11-09,9680.89,3
6214,331,2006-02-16,3605.16,1
6215,2492,2010-12-23,7325.88,1
6216,470,2022-10-24,1018.66,1
6217,312,2025-01-05,246.45,1
6218,2219,2025-03-30,8401.63,1
6219,882,2018-12-19,1815.06,1
6220,767,2024-12-18,9330.52,1
6221,1082,2008-02-01,36.91,1
6222,2088,2020-10-06,4176.55,1
6223,1240,2014-12-03,93601.24,1
6224,1917,2020-01-14,1812.78,1
6225,1562,2026-02-06,4656.54,1
6226,2432,2016-05-31,125127.4,1
6227,592,2022-04-28,177.19,1
6228,899,2012-10-06,19915.51,1
6229,1321,2010-02-22,1181.17,1
6230,1737,2020-01-02,2593.1,1
6231,2236,2022-01-24,2738.81,1
6232,1211,2025-05-10,5998.75,1
6233,1168,2019-07-08,3153.64,1
6234,1738,1995-05-20,3867.85,1
6235,217,2011-07-28,491.02,2
6236,1349,2024-08-07,13751.75,1
6237,1875,2014-11-14,1538.63,1
6238,753,2026-05-31,62143.79,1
6239,870,2019-08-28,3285.54,1
6240,977,2014-05-02,1247.89,1
6241,2027,2020-07-20,238.69,1
6242,719,2023-08-11,466.89,1
6243,623,2022-07-06,4267.52,1
6244,1609,2025-06-25,14108.75,1
6245,68,2024-08-06,885.34,3
6246,2482,2019-10-23,1983.51,1
6247,124,2020-03-09,25217.67,1
6248,1044,2009-04-16,16063.56,3
6249,2366,1998-12-23,77090.52,1
6250,103,2014-01-09,500.16,1
6251,219,2021-06-11,17547.79,2
6252,459,2021-04-27,3498.13,1
6253,812,2026-07-18,113.63,1
6254,2184,2022-05-31,339.17,1
6255,2093,2019-02-09,512.96,3
6256,2493,2007-01-25,9945.49,1
6257,1560,2025-01-27,1010.37,1
6258,1682,2009-09-12,43082.05,1
6259,438,2022-04-27,1735.33,1
6260,2484,2011-04-30,124331.74,1
6261,1514,2022-12-21,1884.28,1
6262,45,2015-01-05,45269.1,1
6263,1915,1990-07-30,12.48,1
6264,720,2025-10-09,135624.76,1
6265,1379,2025-04-14,2676.61,1
6266,79,2015-03-22,121756.09,1
6267,37,2020-07-31,1516.53,1
6268,1743,2022-08-29,1017.24,1
6269,59,2023-04-12,663.13,1
6270,2445,2011-10-23,184848.22,1
6271,1043,1999-05-09,3934.02,1
6272,10,2017-02-18,375.32,1
6273,5,2016-10-10,15588.06,1
6274,869,2020-07-23,43941.75,1
6275,1724,2012-09-26,5662.2,1
6276,1875,2019-09-07,668.41,1
6277,2181,2006-09-05,23709.12,1
6278,1837,2021-02-18,14105.86,1
6279,2471,2024-08-03,1598.44,1
6280,2116,2018-09-24,979.48,1
6281,762,2026-03-04,673.4,1
6282,1866,2004-10-04,5097.36,1
6283,1366,2025-04-22,2006.07,1
6284,1653,2024-01-07,2448.35,1
6285,2300,2023-02-17,346.7,1
6286,2151,2012-07-12,1183.44,1
6287,1059,2024-01-24,1534.04,1
6288,381,2013-09-22,2664.92,1
6289,973,2023-01-01,539.43,1
6290,33,2013-09-24,12844.08,3
6291,912,2014-12-17,240905.67,1
6292,1735,2026-05-23,18172.07,1
6293,1881,2011-04-16,63071.11,1
6294,848,2023-08-20,10193.0,1
6295,2037,2019-10-03,16906.6,1
6296,121,2010-06-15,1545.95,1
6297,1776,2013-01-09,747.35,1
6298,954,2025-06-12,1257.68,1
6299,1011,2020-09-25,894.9,1
6300,2015,2017-02-10,2522.03,1
6301,1228,2026-01-13,18966.63,1
6302,180,2011-12-03,38406.06,1
6303,1779,2025-01-13,1304.22,1
6304,521,2022-01-15,2467.52,1
6305,1252,2026-06-08,1516.49,1
6306,1713,2019-11-11,950.94,1
6307,116,2023-11-15,200680.36,1
6308,2247,2022-10-25,127.5,1
6309,862,2021-05-19,23548.1,1
6310,2448,2009-04-17,1678.83,1
6311,175,2024-07-04,304.6,1
6312,750,2023-01-11,100336.4,1
6313,1978,2025-07-05,2125.3,1
6314,2288,2024-01-17,85.13,1
6315,681,2012-03-19,9835.59,1
6316,233,2019-11-13,821.71,1
6317,281,2014-07-05,1930.7,1
6318,1770,2017-03-08,564.04,1
6319,1976,2011-01-26,113046.72,3
6320,1815,2026-02-01,394.03,1
6321,836,2025-06-27,98027.91,1
6322,897,2026-05-20,6839.94,1
6323,836,2024-10-04,30247.88,1
6324,1438,2007-06-13,24.71,1
6325,1852,1984-02-03,252.26,1
6326,973,2023-04-07,374.37,1
6327,1659,2025-09-17,11150.29,1
6328,1256,2018-07-29,6604.85,1
6329,1920,2001-10-29,8867.68,1
6330,1750,2011-01-04,4232.6,1
6331,1283,2006-10-09,1555.42,1
6332,886,2012-09-11,2407.43,1
6333,299,1999-11-19,509.67,1
6334,449,2020-04-21,55107.07,1
6335,434,2017-02-27,5282.85,2
6336,527,2015-11-30,657.14,1
6337,1655,2026-03-21,1656.88,1
6338,2173,2018-03-14,1901.47,1
6339,2384,1991-07-17,1002.65,1
6340,137,2017-06-02,5465.56,1
6341,2262,2012-11-26,80855.8,1
6342,370,2013-04-19,4715.98,1
6343,2051,2025-11-26,27654.9,1
6344,246,2009-08-06,3108.83,1
6345,1275,2023-11-03,1212.39,1
6346,1413,2022-06-16,1058.76,1
6347,3,2023-09-26,8364.9,1
6348,717,2023-11-06,237.62,1
6349,2500,2025-06-01,15435.72,2
6350,686,2009-12-03,3252.09,1
6351,2410,2021-07-06,98.12,1
6352,2027,2020-05-30,2098.67,1
6353,1155,2007-04-02,3068.6,1
6354,1258,2021-01-21,499.05,1
6355,1565,2024-02-29,29165.09,1
6356,1891,2020-04-13,19161.01,1
6357,1443,2024-09-17,648.52,1
6358,979,2021-06-03,812.15,1
6359,515,2011-04-25,2601.93,1
6360,1890,2015-08-26,2789.57,1
6361,474,2019-12-11,2428.08,3
6362,1214,2019-05-31,20484.71,1
6363,2481,1993-03-10,1241.0,1
6364,201,1998-06-18,2479.46,1
6365,1285,2021-12-28,5408.59,1
6366,921,2016-06-16,1720.12,1
6367,892,2013-01-04,441.5,1
6368,2459,2005-12-09,2177.91,1
6369,13,2019-03-03,1868.17,1
6370,207,2017-09-18,545.75,1
6371,197,2023-05-02,97.76,3
6372,2199,2023-04-26,16438.86,1
6373,976,2019-08-11,885.96,1
6374,241,2026-04-01,463.5,1
6375,1929,2025-09-04,2209.53,1
6376,1515,2011-11-19,8158.82,1
6377,102,2017-11-05,7188.27,3
6378,629,2012-07-03,10475.57,1
6379,2409,1991-02-14,53334.94,1
6380,627,2015-10-06,3003.73,3
6381,787,2024-01-28,2821.82,1
6382,394,2012-12-31,71392.22,1
6383,163,2024-02-14,24175.17,1
6384,283,2017-04-04,58495.45,1
6385,1150,2020-04-03,68.46,1
6386,753,2026-06-14,24439.74,1
6387,1127,2010-07-12,413.64,1
6388,1912,2007-11-07,65.9,1
6389,2122,2003-08-06,3287.34,1
6390,2087,2017-10-11,8394.45,3
6391,1541,2019-10-16,7813.6,1
6392,1610,2025-09-16,3545.98,1
6393,743,2020-09-19,598.94,1
6394,1006,2020-01-12,17940.93,1
6395,1923,2024-10-14,198.1,1
6396,2174,2011-05-31,850.91,1
6397,2030,2023-12-05,2215.54,1
6398,1821,2004-10-25,4192.63,1
6399,1960,2021-07-20,801.17,1
6400,2276,2022-03-16,1331.6,1
6401,822,2024-10-03,56378.52,1
6402,166,2002-02-19,4328.63,1
6403,174,2018-10-06,5406.35,3
6404,1454,2005-09-14,493.34,1
6405,490,2026-02-15,2205.4,1
6406,546,2024-09-13,2015.12,1
6407,704,2013-07-30,185.09,1
6408,1320,2015-12-06,2315.61,1
6409,1620,2013-01-08,663.3,1
6410,70,2019-04-30,22524.07,1
6411,2307,1998-09-24,24653.87,1
6412,1942,2018-10-25,31.89,3
6413,31,2021-11-10,427.72,1
6414,1437,2009-12-25,106342.66,1
6415,1235,2024-03-08,329607.76,3
6416,2378,2025-11-29,2417.14,1
6417,886,2012-08-31,8014.89,1
6418,732,2025-08-08,526.76,1
6419,1882,2001-11-12,772.95,1
6420,1306,2024-08-15,458.27,1
6421,595,2017-06-19,2651.26,1
6422,1001,2015-06-02,4735.41,1
6423,452,2021-12-13,594.76,1
6424,611,2004-10-11,2517.95,1
6425,1618,2016-07-03,61025.36,1
6426,223,2010-09-04,496.86,1
6427,78,2024-02-14,2122.91,1
6428,2119,2002-07-28,586.28,1
6429,2437,1989-08-10,1168.78,1
6430,2182,2022-01-02,1250.2,1
6431,1730,2012-04-01,4396.02,1
6432,1845,2016-08-24,1776.11,1
6433,2294,2020-11-05,821.13,1
6434,1304,2007-11-14,771.4,1
6435,2264,2014-12-18,380.03,1
6436,1160,2020-06-18,448.55,1
6437,1426,2017-01-08,1050.37,1
6438,770,2005-04-06,746.76,1
6439,434,2017-09-16,2364.31,1
6440,494,2024-03-18,3320.21,1
6441,370,2009-09-15,1742.64,3
6442,707,2000-06-13,1300.58,3
6443,609,2009-04-27,408.76,1
6444,898,2020-03-20,5035.63,1
6445,1211,2025-03-31,5134.95,1
6446,71,2003-06-07,27502.47,1
6447,2238,1999-09-11,33265.48,1
6448,1417,2006-05-01,12042.01,1
6449,649,2012-03-17,2482.31,1
6450,442,2021-05-12,2342.63,1
6451,1670,2021-10-24,4848.25,1
6452,1896,2007-07-03,3957.04,2
6453,2262,2013-01-21,91228.07,1
6454,437,2025-02-05,2456.63,1
6455,2413,2015-04-27,2013.54,1
6456,2277,2024-07-28,20805.0,1
6457,912,2015-07-01,91441.39,1
6458,1220,2012-05-23,2588.97,1
6459,2144,2025-05-23,84.37,1
6460,821,2005-01-21,64346.84,1
6461,169,2008-06-28,7213.59,1
6462,935,2019-06-09,860.26,1
6463,70,2014-10-31,801.07,1
6464,373,2002-05-16,656.24,1
6465,377,2008-10-15,614.98,1
6466,62,2011-05-22,1568.43,1
6467,521,2021-02-24,905.34,1
6468,113,1997-07-28,3413.1,1
6469,647,2026-01-21,188.74,1
6470,1361,2024-12-19,7005.59,1
6471,2117,2014-10-29,1053.04,1
6472,1630,2009-05-21,20795.49,1
6473,2415,2020-04-27,264446.85,2
6474,2471,2024-04-01,346.98,1
6475,1549,2013-01-01,75944.94,1
6476,2146,2018-08-05,25083.44,1
6477,910,2022-08-29,151753.16,1
6478,694,2014-03-27,4399.18,1
6479,1540,2017-02-14,29793.69,1
6480,209,2009-07-17,397.49,1
6481,1491,2026-08-05,474.37,1
6482,1519,2010-08-20,2415.01,1
6483,992,2017-09-04,1439.49,1
6484,1516,2020-01-27,12430.28,1
6485,1776,2013-01-22,183.41,1
6486,2420,2022-04-05,3528.47,1
6487,6,2019-11-27,5902.84,1
6488,1774,1994-09-05,860.82,1
6489,404,2015-10-09,24440.17,1
6490,1890,2019-02-19,2716.46,1
6491,2225,2019-03-07,2839.51,1
6492,1304,2005-02-04,1887.15,1
6493,98,2015-12-07,5266.24,1
6494,2324,2019-03-19,5099.3,1
6495,413,2009-12-27,8038.92,1
6496,716,2008-03-13,3644.08,1
6497,61,2013-05-30,407.51,1
6498,1367,2023-04-05,11265.72,1
6499,922,2025-06-09,10978.53,1
6500,1515,2011-07-07,3660.08,1
6501,149,2015-02-22,155339.57,2
6502,252,2013-02-02,264.77,1
6503,882,2020-12-19,3045.58,1
6504,688,2019-02-09,2570.55,1
6505,2316,2024-05-10,15416.46,1
6506,1686,2022-12-26,46.49,1
6507,68,2024-09-23,2010.43,3
6508,1843,2004-10-04,17398.12,1
6509,1096,2010-05-11,12812.29,1
6510,518,2015-01-29,11967.16,1
6511,2183,2025-01-31,924.07,1
6512,1022,2013-11-22,866.11,1
6513,945,2013-10-07,267.02,1
6514,1604,2018-04-16,160792.92,1
6515,876,2001-11-18,20355.58,1
6516,914,1993-08-19,3228.72,1
6517,208,1989-10-18,12265.31,1
6518,2077,2013-06-07,1503.33,1
6519,321,2012-02-17,2059.24,1
6520,713,2018-04-03,1538.47,1
6521,1979,2020-02-20,506.29,1
6522,731,2017-05-23,61200.05,1
6523,1754,2022-09-17,20.32,1
6524,437,2025-02-12,3763.36,1
6525,880,2007-05-05,2164.45,1
6526,1638,2016-01-20,4214.88,1
6527,1805,2025-09-23,36349.75,1
6528,959,2025-10-06,738.11,1
6529,1820,2025-11-22,629.05,1
6530,1968,2022-08-26,10802.9,1
6531,1687,2020-08-26,8308.37,1
6532,338,2020-07-28,30660.12,1
6533,845,2017-10-26,545.2,1
6534,909,2025-11-20,260.72,1
6535,456,2015-09-23,3687.12,1
6536,2336,2024-06-07,4847.83,1
6537,2134,2004-11-28,390.62,1
6538,638,2014-04-09,2099.91,1
6539,32,2026-01-12,124251.27,1
6540,1723,2014-07-23,1373.55,1
6541,876,2005-07-07,11578.25,1
6542,690,2018-12-22,3617.15,1
6543,910,2023-07-10,173581.7,1
6544,124,2019-12-31,135095.21,1
6545,2451,2018-12-02,2410.11,1
6546,973,2023-03-22,115.14,1
6547,1556,2013-03-08,3384.53,1
6548,1398,2026-08-24,2769.4,1
6549,820,2018-09-26,2912.67,1
6550,1814,2015-01-12,13485.88,1
6551,487,2005-01-19,2563.64,1
6552,1396,2018-03-18,862.36,1
6553,423,2009-06-06,444.82,1
6554,1086,2017-06-08,2058.62,3
6555,40,2015-05-23,464.11,1
6556,2162,2020-10-29,2252.34,1
6557,373,2001-08-21,1130.07,1
6558,1945,2018-12-11,1167.0,1
6559,2006,2005-12-21,1413.04,1
6560,1942,2016-09-27,668.04,1
6561,2012,2020-07-12,295242.43,1
6562,1841,2001-08-08,2266.04,1
6563,1843,2005-07-03,5243.91,1
6564,979,2020-10-25,384.57,1
6565,1855,2024-11-25,2763.04,1
6566,1908,2018-06-17,28999.41,1
6567,1417,2002-04-22,4007.88,1
6568,52,2023-09-24,864.11,1
6569,523,2017-06-03,305.83,1
6570,2314,2013-02-18,1254.11,1
6571,20,2010-11-03,4960.37,1
6572,1719,2017-09-08,412.6,1
6573,1010,1993-07-18,1610.0,1
6574,1270,2025-07-15,1034.38,1
6575,1652,2026-03-28,11126.9,1
6576,2405,2026-01-21,17134.99,1
6577,2253,2026-07-05,7743.25,1
6578,1868,2020-01-12,1612.72,1
6579,198,2009-12-02,510.51,1
6580,1238,2014-05-16,601.7,1
6581,1872,2016-03-25,1566.39,1
6582,955,2012-08-05,1328.94,1
6583,1034,2025-10-25,21943.6,1
6584,129,2022-07-30,5164.27,1
6585,721,2018-11-14,374.69,1
6586,144,2023-12-10,278.21,1
6587,1934,2014-04-02,312941.61,1
6588,2251,2012-12-16,14074.84,1
6589,22,2021-12-11,2697.16,1
6590,340,2023-01-09,1232.93,1
6591,1465,2025-02-20,1453131.42,1
6592,462,2015-06-24,8392.34,1
6593,98,2014-09-17,6246.31,1
6594,1021,2013-06-07,1985.33,1
6595,2474,2000-10-24,1770.04,1
6596,778,2016-05-30,2614.1,1
6597,702,2023-12-06,2867.85,1
6598,2195,2005-05-21,124.53,1
6599,550,2019-10-08,12426.35,1
6600,2425,1998-07-13,2742.88,1
6601,1203,2018-06-23,53902.47,1
6602,1374,2020-12-11,683.09,1
6603,1952,2018-03-17,4135.4,1
6604,130,2024-06-06,31450.18,1
6605,1365,2008-06-24,405.32,1
6606,401,2024-11-16,308.22,1
6607,2211,2017-04-06,4.12,1
6608,1467,2025-01-16,37263.16,1
6609,233,2017-12-11,73.19,1
6610,1641,2020-09-28,443.47,1
6611,1401,2020-12-21,1912.85,1
6612,714,2011-02-21,5827.97,1
6613,1441,2005-10-20,1406.77,1
6614,1783,2001-08-18,2175.4,3
6615,2225,2018-10-21,268.75,1
6616,786,2021-03-07,46791.83,1
6617,1387,2026-07-05,79154.47,1
6618,1119,2011-08-18,20958.76,1
6619,543,2009-11-21,1368.89,1
6620,1538,2002-12-06,50731.82,1
6621,878,2010-07-02,75.19,2
6622,1066,2026-04-25,142.69,1
6623,452,2022-04-05,1182.77,1
6624,291,2011-08-26,2644.5,1
6625,1928,2014-04-15,464.86,1
6626,645,2008-02-23,2011.05,1
6627,95,2024-01-18,274.87,1
6628,2346,2020-03-25,23509.1,1
6629,656,2009-07-22,752.0,1
6630,1455,2013-07-12,836.6,1
6631,1233,2006-04-26,351.59,1
6632,2312,2014-02-20,6038.61,3
6633,1029,1998-09-11,24531.31,1
6634,347,2003-02-27,165.97,1
6635,1936,2014-09-23,2211.24,1
6636,1787,2021-07-28,729.87,1
6637,483,2020-03-23,36195.27,1
6638,2189,2026-03-24,67972.05,1
6639,867,2026-03-25,2074.19,1
6640,1961,1998-12-20,513.52,1
6641,1635,2013-11-08,5204.68,1
6642,1451,2025-07-11,9351.63,1
6643,1432,2010-04-09,1406.0,1
6644,1890,2018-06-29,1797.77,1
6645,1842,2024-11-03,238.13,1
6646,1526,2018-01-11,481.74,1
6647,865,2026-01-22,487.63,1
6648,2195,2005-05-08,423.38,1
6649,566,2022-02-21,14033.72,1
6650,771,2023-06-27,25472.7,1
6651,1394,2019-01-02,99019.32,1
6652,936,2019-10-18,258.12,1
6653,1874,2014-03-01,2434.66,1
6654,350,2008-10-11,8317.25,1
6655,2464,2020-08-22,5043.34,1
6656,2132,2025-01-19,35880.66,1
6657,2243,1993-06-30,221.16,1
6658,583,2009-05-14,850.56,1
6659,1450,2018-02-15,1549.96,1
6660,2331,2016-06-01,669.81,1
6661,826,2005-05-06,139370.93,1
6662,1231,2006-10-26,3751.67,1
6663,1484,2015-06-13,2202.89,1
6664,1490,2015-05-21,1240.98,1
6665,358,2026-03-22,228.21,1
6666,1641,2021-05-11,7625.62,1
6667,1916,2020-07-01,817.67,1
6668,1057,2024-03-21,3309.62,1
6669,1825,2016-12-27,2430.14,1
6670,2099,2017-04-21,49198.99,1
6671,607,2024-01-06,11729.32,1
6672,926,1999-07-26,24704.69,1
6673,302,2018-02-12,1818.67,1
6674,1114,2021-09-26,16316.82,1
6675,877,2004-02-04,6288.1,1
6676,1067,2023-10-31,972.56,1
6677,941,2015-05-10,4865.71,1
6678,1260,2022-04-21,276.65,1
6679,785,2017-09-28,462.35,1
6680,874,2020-02-12,14426.95,1
6681,789,2019-10-25,11138.27,1
6682,1399,2010-07-07,24872.3,1
6683,280,2021-03-06,2985.16,1
6684,67,2021-10-16,355.42,1
6685,427,2012-03-05,1316.27,1
6686,644,2023-05-15,54793.71,1
6687,687,2025-02-22,959.4,1
6688,1259,2024-12-12,3226.21,3
6689,1563,2022-05-15,2127.17,1
6690,1402,2024-12-31,446.01,1
6691,1016,2006-06-24,3104.32,3
6692,671,2011-04-20,4043.32,1
6693,745,2013-05-31,2553.89,1
6694,357,2005-12-29,7107.67,1
6695,120,1997-10-18,33212.16,1
6696,853,2025-07-23,24049.4,1
6697,879,2006-10-20,73834.71,3
6698,302,2022-03-31,866.08,1
6699,1163,2022-06-27,524.49,3
6700,1833,1998-11-15,218.07,1
6701,828,2025-04-30,405.2,1
6702,280,2021-02-17,1743.3,1
6703,1460,2018-06-21,110549.3,2
6704,1403,2026-04-03,1251.63,1
6705,2394,2009-09-13,23343.15,1
6706,1231,2006-04-29,13.71,1
6707,368,2005-08-12,17431.66,1
6708,1574,1999-03-11,2296.68,1
6709,771,2023-06-28,24280.61,1
6710,2181,2007-01-27,14909.1,1
6711,1423,2011-08-17,257.7,1
6712,2385,2022-04-03,31043.74,1
6713,404,2019-03-14,12928.13,1
6714,501,2003-12-02,64887.39,1
6715,1504,2015-04-12,22714.69,1
6716,951,2026-03-03,616.06,1
6717,2450,2025-05-31,9782.28,1
6718,25,2016-02-04,63813.2,1
6719,1104,2004-09-11,5865.37,1
6720,2429,2023-02-01,915.29,1
6721,1454,2004-03-05,484.37,1
6722,1025,2010-10-25,2197.6,1
6723,1943,2021-02-27,164783.13,3
6724,1656,2016-12-28,762.61,1
6725,517,2021-03-04,1944.56,1
6726,418,2023-11-15,13760.69,1
6727,1503,2003-05-31,230.71,1
6728,2351,2025-11-17,113601.09,1
6729,1007,2025-09-12,36372.41,1
6730,1709,2018-08-28,24802.69,1
6731,116,2021-10-10,215429.28,1
6732,641,2021-09-13,2843.78,1
6733,1760,2012-03-01,1789.0,1
6734,2138,2022-06-01,53312.31,1
6735,2258,2016-12-10,9355.14,1
6736,781,2008-07-09,265529.07,1
6737,684,2024-02-14,106.65,1
6738,995,1992-07-06,176529.62,1
6739,2366,1997-08-18,78638.96,1
6740,818,2012-04-05,1150.56,1
6741,668,2020-11-02,2976.2,1
6742,1059,2024-08-18,3217.53,1
6743,1142,2021-08-08,412.43,1
6744,1982,2025-06-02,58293.65,1
6745,101,2022-03-15,13039.19,1
6746,1394,2016-03-17,113158.3,1
6747,1109,2025-02-12,2556.25,1
6748,1629,2013-01-24,142644.45,1
6749,2145,2009-11-07,3517.31,1
6750,1264,2017-03-09,1558.3,1
6751,1896,2007-08-19,5503.96,1
6752,1985,2006-06-04,13812.66,1
6753,767,2023-06-22,20443.29,1
6754,2050,2018-10-13,281.53,1
6755,261,2026-07-11,225.38,1
6756,1905,2024-09-13,5725.98,1
6757,314,2018-08-22,137.68,1
6758,1016,2008-11-15,2993.13,1
6759,1728,2019-09-11,1710.04,1
6760,963,2018-09-26,2049.29,1
6761,1947,2009-07-20,2982.68,1
6762,2368,2026-06-24,3186.16,1
6763,11,2022-05-18,309.71,1
6764,2113,2024-02-01,8658.42,1
6765,149,1998-08-06,34043.47,1
6766,389,2025-03-15,204552.33,1
6767,1147,2015-06-20,23415.37,3
6768,908,1998-08-31,1673.01,1
6769,808,2019-02-16,1239.74,1
6770,687,2023-07-26,121.52,1
6771,1579,2025-05-20,571.12,1
6772,1033,2013-10-15,1304.31,2
6773,906,2026-07-01,1941.35,1
6774,491,2013-02-18,1194.04,3
6775,782,1990-07-03,1788.67,1
6776,331,2006-11-09,4202.46,1
6777,1842,2019-10-26,1261.87,1
6778,59,2023-04-09,1416.73,1
6779,2410,2022-11-12,1161.77,1
6780,1382,2026-06-17,9077.58,3
6781,1961,1999-07-11,274.52,1
6782,705,2022-09-20,123732.51,1
6783,931,1997-06-04,3047.53,1
6784,1854,2010-09-24,13272.89,2
6785,1595,2019-09-10,26.94,1
6786,1775,2011-10-15,1082.06,1
6787,432,2024-03-18,102.17,1
6788,1439,2007-11-03,2406.79,1
6789,326,2017-03-07,20442.88,1
6790,2434,2025-03-10,6849.52,1
6791,316,2016-03-02,2714.04,1
6792,147,2022-03-07,754.05,1
6793,1785,2024-01-30,25975.65,1
6794,869,2014-10-09,41465.63,1
6795,731,2004-05-23,79999.22,1
6796,135,2025-07-23,335.85,1
6797,430,2017-10-13,4207.25,1
6798,643,2021-12-10,3362.65,1
6799,2347,2011-01-31,24034.36,1
6800,1106,2025-11-23,5013.49,1
6801,1247,2009-02-06,1214.11,1
6802,178,2021-11-14,1395.67,1
6803,677,2026-04-08,7762.47,1
6804,1189,2005-03-01,506.06,1
6805,1961,1999-01-24,328.83,1
6806,2119,2003-04-11,410.83,1
6807,1709,2016-12-07,25603.81,1
6808,1704,2016-08-20,12018.17,1
6809,274,2019-09-17,218.49,1
6810,1526,2023-09-10,1822.26,1
6811,512,2011-07-23,2126.3,1
6812,200,2010-04-16,1302.15,1
6813,1446,2017-09-06,27.72,1
6814,2106,2018-05-10,182.34,1
6815,206,2012-10-12,2550.56,1
6816,569,1996-10-04,30994.43,1
6817,402,2010-12-22,3039.97,1
6818,1103,1983-02-24,4185.1,1
6819,1341,2017-12-18,5978.94,1
6820,1371,2007-02-06,873.59,1
6821,1128,1993-06-07,4138.23,1
6822,2066,2023-04-28,154610.13,1
6823,1037,2011-02-14,10102.06,1
6824,2016,2019-02-17,5739.23,1
6825,72,2014-10-26,1261.3,1
6826,1558,2021-05-16,54104.45,1
6827,687,2023-10-18,1275.26,1
6828,1465,2023-10-08,681262.21,1
6829,236,2007-11-07,7931.23,1
6830,979,2021-01-31,152.73,1
6831,88,2001-10-05,4612.31,3
6832,943,2016-09-08,1121.56,1
6833,1089,2015-08-28,1083.57,1
6834,2425,1994-09-07,4068.34,1
6835,2304,2016-04-12,588.15,1
6836,2207,1996-10-09,10836.87,1
6837,1556,2014-05-23,7574.98,1
6838,1751,2015-08-28,1893.92,1
6839,1567,2008-06-20,115980.08,1
6840,2224,2014-08-16,779.56,1
6841,837,2025-09-20,4768.22,1
6842,27,2013-12-21,1403.05,1
6843,1232,2023-12-30,568.14,1
6844,400,2023-03-21,5598.93,1
6845,1253,2022-09-21,542.59,1
6846,1224,2016-12-09,97606.87,1
6847,1554,2016-02-02,735.01,1
6848,232,2014-02-23,12.66,1
6849,2465,2001-06-29,41773.84,1
6850,1111,2019-08-20,2145.56,1
6851,2487,2003-08-06,1605.5,1
6852,2067,2019-05-11,9179.18,1
6853,1134,2026-03-26,4649.15,1
6854,484,2004-09-19,69519.0,1
6855,1363,2022-07-22,16077.15,1
6856,1305,2018-05-10,1323.45,1
6857,114,2013-06-21,202.8,1
6858,598,2012-09-15,1142.59,1
6859,2140,2023-08-16,6087.57,1
6860,1311,2025-11-13,101956.14,1
6861,1936,2011-03-17,4763.17,1
6862,1585,2023-08-09,105.4,3
6863,2008,1996-02-04,4098.49,1
6864,2427,2023-12-09,9664.67,1
6865,357,2005-12-17,13490.88,1
6866,10,2021-10-17,595.82,1
6867,2364,2020-12-02,1527.31,1
6868,1324,2016-05-22,2847.18,1
6869,1676,2020-01-30,2681.15,1
6870,1716,2009-06-15,29157.56,1
6871,1782,2013-04-12,2276.06,1
6872,812,2026-07-18,127.55,1
6873,2344,2020-06-23,4715.82,1
6874,1341,2018-09-30,1546.26,1
6875,1234,2009-09-02,4756.97,1
6876,1482,2016-04-25,67086.47,1
6877,2381,2014-07-10,2236.37,1
6878,1583,2014-06-17,2726.33,1
6879,129,2019-02-05,33108.06,1
6880,91,2000-08-18,14843.26,3
6881,639,2003-10-02,25424.03,1
6882,1397,2019-09-21,631.63,1
6883,1529,2025-09-22,387.83,1
6884,1582,2000-11-27,104.78,1
6885,1230,2024-06-18,309289.99,1
6886,367,2006-07-08,2136.48,1
6887,1827,1996-07-13,30298.2,1
6888,2500,2025-06-24,4333.69,1
6889,198,2009-11-12,1083.84,3
6890,377,2014-04-13,181.5,1
6891,493,2015-05-29,2695.28,1
6892,177,2018-05-07,527.12,1
6893,1120,2021-05-31,32458.88,1
6894,307,2012-05-22,27777.32,1
6895,1658,2019-03-23,1874.81,1
6896,1189,2018-02-10,244.05,1
6897,1748,2017-04-16,3300.85,1
6898,961,2007-03-15,2262.37,1
6899,1488,2007-03-19,2230.9,1
6900,1296,2026-05-26,4989.22,1
6901,1502,2021-07-06,956.81,1
6902,1633,2002-11-17,1104.09,1
6903,2029,2024-05-07,9309.56,1
6904,19,1997-11-24,1312.99,1
6905,2192,2000-12-18,2583.76,1
6906,2096,2026-07-15,44747.03,1
6907,1040,2023-07-13,1447.47,1
6908,351,2025-10-27,171.18,1
6909,2304,2013-09-18,402.63,1
6910,2210,2018-03-25,39077.55,1
6911,28,2015-12-10,5636.37,1
6912,2476,1982-03-08,42208.01,1
6913,81,2019-03-12,2727.25,1
6914,1509,2010-01-05,1081.29,1
6915,634,2019-10-07,2364.86,1
6916,463,2016-08-25,43301.16,3
6917,1629,2020-12-17,87260.36,1
6918,132,2026-03-07,76959.11,1
6919,499,2016-05-11,1420.29,1
6920,1170,2016-09-15,132.91,1
6921,483,2016-03-04,382103.03,1
6922,765,2023-11-18,18574.1,1
6923,1422,2023-10-22,246.4,1
6924,1384,2026-01-18,2979.31,1
6925,468,1997-06-10,1626.65,1
6926,155,2015-06-26,768.38,1
6927,468,1997-03-08,1432.15,1
6928,785,2004-03-05,3703.79,1
6929,1794,2015-06-23,740.97,1
6930,1396,2020-06-17,1284.01,1
6931,1960,2025-09-24,83.64,1
6932,1355,1997-03-20,32.18,1
6933,1931,2019-08-14,16570.99,1
6934,279,2008-07-31,561.08,1
6935,1996,2021-12-24,500.26,1
6936,1720,2016-10-10,8373.58,1
6937,1248,2013-08-11,130458.99,1
6938,1499,2005-01-20,1479.27,1
6939,1775,2011-07-28,2087.76,1
6940,848,2022-11-04,4219.54,1
6941,1257,2023-06-27,1302.27,1
6942,2369,2017-08-24,4746.86,1
6943,375,2016-03-21,965.72,1
6944,747,2022-05-07,4386.45,1
6945,2105,2015-02-19,101198.04,3
6946,1850,2014-09-15,2365.96,1
6947,655,2026-05-21,1421.64,1
6948,2462,2009-04-10,2717.53,1
6949,255,1998-12-26,896.2,1
6950,2246,1995-01-26,5659.04,1
6951,344,2016-02-06,20110.27,1
6952,1782,2014-01-25,2566.72,1
6953,1592,2025-12-07,1693.36,2
6954,1243,2025-01-16,1571.7,1
6955,1212,2026-07-07,30392.02,1
6956,1736,1999-09-06,1070.76,1
6957,2493,2009-03-20,3067.06,1
6958,1892,2005-05-12,7747.93,3
6959,1891,2021-09-18,13990.31,1
6960,269,2025-10-30,6311.22,1
6961,515,2007-12-01,36441.37,1
6962,60,2006-04-05,95515.4,1
6963,1501,2026-07-08,4661.32,1
6964,2197,2011-10-22,345.56,1
6965,414,2012-04-16,645.71,1
6966,2009,2000-12-18,1637.31,1
6967,457,2003-10-27,1221.51,1
6968,2129,2015-08-07,13220.44,1
6969,2432,2017-12-19,100671.42,1
6970,534,2015-05-01,13429.77,2
6971,1454,2008-01-23,253.49,1
6972,2360,1997-01-10,149451.76,1
6973,989,2014-02-14,3596.62,1
6974,415,2017-01-24,4171.77,1
6975,225,2015-10-20,26927.33,1
6976,1291,2025-05-10,4024.57,1
6977,698,2014-01-09,4089.54,1
6978,2195,2005-06-15,405.61,1
6979,813,2024-10-16,28840.39,3
6980,2288,2025-05-27,984.23,1
6981,1856,2026-04-05,852.64,1
6982,139,2012-03-10,6779.69,1
6983,137,1991-06-26,4851.12,1
6984,48,1999-09-13,3472.29,1
6985,1702,2022-11-10,3442.18,1
6986,1628,2014-06-02,750.96,3
6987,2018,2011-09-02,442.88,1
6988,1987,2010-09-01,641.56,1
6989,1064,2013-03-08,281.73,1
6990,246,2009-12-01,7413.07,1
6991,484,2005-09-19,11868.65,1
6992,1301,2007-08-09,983.98,1
6993,1801,2025-03-04,909.11,1
6994,2382,2001-01-06,118020.51,1
6995,515,2013-01-23,2594.62,1
6996,1196,2025-03-05,39637.68,1
6997,1562,2026-05-01,2928.39,1
6998,203,2007-03-09,789.68,1
6999,1954,2025-06-23,164.61,1
7000,2400,2022-11-13,1433.82,1
7001,416,2016-10-22,40049.18,3
7002,2360,2008-10-28,124134.7,1
7003,2292,2013-12-28,30383.43,1
7004,777,2018-04-23,4181.21,1
7005,478,2025-11-27,9251.08,1
7006,630,2025-10-01,12202.41,1
7007,2144,2025-01-07,592.34,1
7008,359,2019-01-01,2221.92,1
7009,505,2024-10-01,1914.64,1
7010,244,2001-05-03,11155.43,1
7011,2018,2008-09-20,1517.84,1
7012,1342,2010-07-14,110582.42,1
7013,2203,2025-08-27,46192.78,1
7014,1812,2023-07-15,1863.79,1
7015,1269,2018-09-14,6977.74,3
7016,1888,2007-11-23,1840.98,1
7017,384,2022-06-07,2189.77,1
7018,1255,2004-12-07,1028.41,1
7019,1701,2006-09-06,280.31,1
7020,10,2021-05-13,499.21,1
7021,1431,2006-01-29,588.81,1
7022,195,2025-07-28,6602.68,1
7023,369,2018-05-22,1182.19,1
7024,1084,1989-07-04,86808.3,1
7025,766,2026-04-09,479.65,1
7026,1260,2021-05-08,688.41,1
7027,383,2020-11-06,197855.98,1
7028,2434,2024-10-28,4217.25,1
7029,2366,1998-07-24,32950.49,1
7030,1216,2005-06-18,3858.26,1
7031,2247,2022-07-20,74.38,1
7032,1795,2020-02-17,2409.66,1
7033,884,2022-12-15,481.89,1
7034,320,2022-10-23,23349.96,1
7035,527,2015-10-01,222.57,1
7036,2418,2002-11-01,3844.75,3
7037,2264,2013-02-16,4265.99,1
7038,2436,2002-06-23,6878.54,1
7039,1630,2010-03-09,10060.15,1
7040,1753,2018-01-13,7283.15,1
7041,895,2006-02-08,35293.18,1
7042,1314,2001-05-03,136413.51,1
7043,1560,2023-05-08,1053.83,1
7044,346,2021-12-02,2460.46,1
7045,1960,2022-03-23,1102.91,1
7046,1363,2023-01-23,101578.99,1
7047,2463,2019-04-06,8810.08,3
7048,861,2026-02-03,1519.76,1
7049,1817,2014-01-18,1067.82,3
7050,1779,2025-08-05,12899.25,1
7051,1970,2026-08-16,4117.44,1
7052,2045,2025-12-28,197.97,1
7053,1004,2011-02-18,1112.6,1
7054,2239,2023-12-24,13149.13,1
7055,23,2022-07-02,644.72,1
7056,764,2020-09-30,645.91,1
7057,1571,2023-02-13,3090.33,3
7058,710,2021-05-29,349152.62,1
7059,1873,1989-02-24,32237.02,1
7060,1519,2010-11-20,2061.91,1
7061,255,1998-09-11,215.59,1
7062,245,2004-11-16,1346.85,1
7063,2437,1985-08-03,779.09,1
7064,890,2019-05-05,18887.3,3
7065,2411,2021-12-01,13176.2,1
7066,485,2015-01-04,585.6,1
7067,705,2023-06-15,28777.52,1
7068,175,2024-02-16,176.84,1
7069,728,2004-12-13,49641.43,1
7070,1745,2014-05-12,439.27,1
7071,1859,1998-11-20,4431.28,1
7072,2116,2018-12-24,3045.52,1
7073,478,2025-08-04,21199.33,2
7074,753,2026-04-06,87544.29,1
7075,318,2024-08-01,3935.08,1
7076,1782,2006-08-23,1290.73,1
7077,408,2022-07-25,445.81,1
7078,1011,2020-09-05,2830.88,1
7079,907,2006-01-26,14500.74,1
7080,231,2020-12-08,29405.35,1
7081,662,2026-02-02,9700.31,1
7082,547,2014-07-16,1415.06,1
7083,609,2009-02-10,1385.18,1
7084,2080,2018-04-17,5905.81,1
7085,106,2018-11-13,4753.77,1
7086,1959,2022-01-21,948.54,1
7087,969,2023-02-02,167.37,1
7088,10,2019-05-09,207.69,1
7089,211,2001-04-02,1844.56,1
7090,420,2023-03-13,333.32,1
7091,2405,2025-12-30,71796.71,1
7092,2216,2019-05-02,3325.91,1
7093,288,2015-12-28,1025.94,1
7094,1560,2026-03-21,36.52,1
7095,869,2015-03-23,94740.22,1
7096,1883,2025-11-02,1317.66,3
7097,1522,1996-12-20,4285.68,1
7098,599,2024-10-14,1075.86,1
7099,570,2016-08-17,1076.99,1
7100,2365,2021-03-28,261.27,1
7101,2384,1993-05-15,497.35,1
7102,599,2024-12-21,687.6,1
7103,909,2025-12-15,606.87,1
7104,1340,2022-06-13,11966.44,1
7105,179,2023-11-07,604.26,1
7106,1148,2024-05-31,229.37,1
7107,162,2005-06-09,49323.39,1
7108,2300,2021-12-14,602.66,1
7109,818,2010-11-10,861.88,1
7110,2062,2006-09-02,55441.51,1
7111,1611,2010-10-29,9900.54,1
7112,2403,2020-05-30,4402.81,1
7113,173,2024-05-18,3532.46,1
7114,1736,1989-06-12,7705.8,1
7115,1258,2019-05-14,682.97,1
7116,1107,2022-01-10,415.16,1
7117,2064,2026-04-13,4661.25,1
7118,412,2022-10-27,5220.93,1
7119,1739,2024-06-21,16439.85,1
7120,1672,2010-12-22,5554.09,1
7121,777,2016-10-30,1260.05,1
7122,918,2010-01-22,108722.4,1
7123,1402,2022-07-21,379.78,1
7124,1617,2020-05-04,197960.43,1
7125,2065,2024-05-28,146875.86,1
7126,1946,1997-08-17,4154.86,1
7127,977,2013-08-25,685.48,1
7128,1142,2021-10-24,167.2,1
7129,801,2026-05-11,36.13,1
7130,1595,2022-01-02,2133.53,1
7131,1348,2019-10-13,3335.36,1
7132,1468,2008-07-24,442.02,1
7133,2423,2018-08-31,5793.85,1
7134,472,2018-12-31,2422.51,1
7135,2161,2003-04-16,62835.96,1
7136,724,2014-04-24,414.55,1
7137,72,2015-07-02,521.16,1
7138,15,2021-04-28,4234.72,1
7139,81,2020-04-07,1719.5,1
7140,1161,1999-06-15,40527.46,1
7141,434,2016-11-20,5979.28,1
7142,1761,2017-11-03,11886.63,1
7143,1370,2024-01-17,17965.35,1
7144,2210,2023-09-03,34481.5,1
7145,784,2018-03-23,2128.14,1
7146,2339,2018-03-11,42325.75,1
7147,37,2021-03-23,1564.57,1
7148,2264,2011-05-16,1597.87,1
7149,911,2018-03-05,1.81,1
7150,1126,2026-07-12,19782.86,1
7151,1757,2024-07-05,37612.64,1
7152,1923,2024-12-22,339.97,1
7153,920,2015-02-26,1017.47,1
7154,1050,2000-10-04,13117.72,1
7155,1996,2022-06-10,364.63,1
7156,696,2024-03-30,49132.1,1
7157,1946,1997-08-22,2470.31,1
7158,628,2022-05-03,430.4,1
7159,861,2025-12-04,924.6,1
7160,1618,2015-05-22,138241.96,1
7161,1384,2024-09-25,850.33,1
7162,1627,2020-12-19,1995.98,1
7163,41,1990-01-25,22061.65,1
7164,263,2010-11-03,1144.68,1
7165,1785,2024-09-13,5869.16,1
7166,1896,2006-07-06,2043.38,1
7167,2001,2012-02-07,5933.59,3
7168,1905,2025-11-20,457.53,1
7169,1114,2023-06-28,5167.28,1
7170,2281,1998-09-07,1407.58,1
7171,186,2017-07-05,179403.68,1
7172,1421,1998-08-06,2257.97,1
7173,944,2007-06-08,849.42,1
7174,1159,2023-04-01,265.79,1
7175,372,1999-11-22,3115.46,1
7176,421,2023-11-27,2133.83,1
7177,1316,2022-12-05,83079.07,1
7178,120,2017-11-13,49047.41,1
7179,794,2000-07-27,12829.92,1
7180,936,2019-05-26,617.79,3
7181,1336,2011-04-04,4298.85,1
7182,596,2019-10-10,3991.17,1
7183,997,2019-03-05,21920.35,1
7184,1077,2009-09-21,1804.05,1
7185,2101,2026-07-23,380.79,1
7186,295,2008-06-29,4914.49,1
7187,2499,2023-03-12,4552.89,1
7188,2032,2019-07-13,242522.25,1
7189,689,2021-09-06,31847.6,1
7190,84,2025-12-26,3979.34,1
7191,11,2022-05-31,108.33,1
7192,1212,2026-05-10,42098.0,1
7193,1769,2025-12-22,181.12,1
7194,1186,2022-04-14,36.31,1
7195,1570,1999-05-06,1885.87,1
7196,393,2011-07-20,22810.06,1
7197,1711,2020-12-02,78428.7,1
7198,120,2021-05-05,12417.8,1
7199,1294,2006-03-11,51.96,1
7200,2164,1996-11-16,1086.6,3
7201,431,2013-06-07,18290.94,1
7202,878,2007-05-01,2325.62,1
7203,991,2025-02-02,1265.05,1
7204,2152,2022-02-28,20575.02,1
7205,2225,2020-12-06,5522.86,2
7206,995,1993-07-29,109447.91,1
7207,1794,2014-08-20,1144.04,1
7208,2346,2023-08-07,34084.62,1
7209,2018,2014-07-26,5010.26,1
7210,807,2026-02-16,503.97,1
7211,589,2022-10-01,1849.07,1
7212,733,2023-04-29,51308.4,1
7213,2491,2006-01-16,7866.1,1
7214,501,2002-07-05,4252.83,1
7215,1466,2007-01-05,244.98,1
7216,2367,2017-10-07,3377.42,1
7217,996,1993-02-08,12156.09,1
7218,292,2005-11-26,28657.62,1
7219,172,1999-05-11,754.61,1
7220,191,2016-07-09,1442.93,3
7221,2287,2015-08-19,2215.96,1
7222,1966,2007-05-20,2190.52,1
7223,596,2018-04-28,5989.37,1
7224,177,2018-04-02,2544.27,1
7225,489,2021-09-29,28233.54,1
7226,2115,2014-11-02,4380.43,1
7227,961,2012-02-23,217.74,1
7228,982,2014-08-10,120051.07,3
7229,66,2014-11-21,420.13,1
7230,942,2018-07-02,4330.57,1
7231,2040,2016-04-14,21488.55,1
7232,1810,2002-03-15,1326.42,1
7233,2301,2025-10-08,5665.32,1
7234,1865,2020-12-05,1501.87,1
7235,1369,2013-06-16,2337.04,1
7236,697,2026-01-05,1884.77,1
7237,1979,2021-07-09,247.71,1
7238,2372,2022-04-16,65132.96,1
7239,297,2018-02-18,4043.61,1
7240,334,2019-07-08,84.81,1
7241,1116,2025-01-21,9035.09,1
7242,1400,2016-11-19,1719.78,3
7243,2419,2019-01-12,3488.28,1
7244,1000,1993-05-25,2224.83,1
7245,1251,2020-09-23,678.79,1
7246,664,2021-07-14,84140.48,1
7247,627,1997-04-08,1984.35,1
7248,376,2022-09-08,174.85,1
7249,1448,2019-11-11,155749.9,1
7250,118,2022-07-24,2415.91,1
7251,767,2022-03-22,21841.23,1
7252,143,2013-05-19,15631.94,1
7253,1508,2016-05-01,191.75,1
7254,238,2003-11-14,1859.26,1
7255,1233,2008-08-24,1601.46,1
7256,208,1989-07-16,7991.24,1
7257,1711,2018-02-24,233008.56,1
7258,172,2017-02-21,220.33,1
7259,1261,2022-08-12,453.2,1
7260,65,2007-12-25,1121.57,3
7261,2482,2024-03-06,1574.99,1
7262,2251,2001-01-29,14902.94,3
7263,2005,2014-11-28,27992.43,1
7264,2382,2023-07-30,104729.01,1
7265,2124,2012-04-09,15526.33,1
7266,1170,2013-04-06,107.69,1
7267,647,2025-11-23,25497.53,1
7268,707,1995-06-13,2433.54,2
7269,74,2024-06-15,2299.71,1
7270,1085,2026-06-06,16707.27,1
7271,340,2023-08-20,566.92,1
7272,1778,2006-07-07,4633.9,1
7273,132,2026-05-15,73740.49,1
7274,764,2021-11-18,958.19,1
7275,888,2002-07-29,739.18,1
7276,1993,2017-03-11,2078.65,1
7277,757,2025-05-17,1291.68,1
7278,1121,2014-08-13,771.99,1
7279,1477,2017-05-05,166124.03,1
7280,1116,2025-01-09,21754.07,1
7281,548,2024-04-29,1454.61,1
7282,1872,2012-09-12,2142.32,2
7283,794,2006-02-28,8371.45,1
7284,604,2011-11-29,3911.13,1
7285,1584,2011-10-08,2168.47,1
7286,1127,2014-05-18,86.92,1
7287,899,2011-10-22,11039.2,1
7288,1538,2002-06-06,46947.06,1
7289,1943,2021-10-19,15027.66,1
7290,1984,2019-06-14,6921.77,1
7291,1333,2017-07-01,2393.52,1
7292,563,2021-09-30,530.62,1
7293,828,2025-11-28,47.47,1
7294,1793,2024-10-04,15050.12,1
7295,358,2026-03-09,358.64,1
7296,2255,2016-12-19,70329.58,2
7297,1997,2014-06-27,97700.11,1
7298,1209,2011-03-01,9407.88,1
7299,1271,2018-05-11,1703.66,1
7300,1239,2015-11-09,316.32,1
7301,2331,2015-12-14,670.06,1
7302,851,2023-07-30,94081.95,1
7303,287,2011-01-04,3238.53,1
7304,8,2020-02-04,51.37,1
7305,1396,2019-07-30,561.89,1
7306,2438,2015-12-04,3344.92,1
7307,135,2025-08-21,1223.09,1
7308,2148,2017-04-03,3400.63,1
7309,2125,2004-01-23,89.15,1
7310,117,2016-11-28,22216.81,1
7311,322,2017-06-03,1079.03,1
7312,91,2001-02-24,8295.86,1
7313,832,2012-07-21,3449.53,1
7314,660,2005-04-15,1058.03,1
7315,1988,2006-11-05,1999.64,1
7316,1371,2008-03-13,1453.58,1
7317,1798,2007-06-17,51821.68,1
7318,1343,2022-06-16,262.03,1
7319,475,2005-03-06,1147.32,1
7320,1561,2024-01-23,4470.76,1
7321,1604,2016-05-25,98515.72,1
7322,2350,2013-07-29,1381.74,1
7323,2013,2012-12-17,563.48,1
7324,608,2012-10-14,7302.11,1
7325,2429,2023-03-16,1455.83,1
7326,733,2023-04-28,19425.94,1
7327,903,2023-11-30,815.75,1
7328,565,2018-02-15,3184.71,1
7329,375,2024-06-08,32.24,1
7330,1291,2025-04-12,2295.03,1
7331,1948,2010-09-27,13850.16,1
7332,106,2017-03-15,3989.43,1
7333,1327,2014-07-16,23220.19,1
7334,403,2015-12-26,753.1,1
7335,545,2009-03-23,11991.81,1
7336,1313,2018-02-10,1647.06,1
7337,356,2011-12-25,1795.43,1
7338,138,1999-11-16,43056.99,1
7339,1971,2019-03-16,1224.15,1
7340,1701,2006-03-05,6263.96,1
7341,826,2000-01-23,27814.0,1
7342,661,2019-07-08,853.2,1
7343,263,2011-01-29,2201.01,1
7344,105,2021-12-02,335.23,1
7345,2095,2019-03-01,344.88,3
7346,283,2017-11-05,100880.2,1
7347,2278,2025-11-21,7026.41,1
7348,1901,2000-04-09,576.86,1
7349,704,2004-11-25,33.66,1
7350,1885,2020-03-26,8555.35,1
7351,342,2019-12-13,41073.96,1
7352,1637,2021-08-31,96333.27,1
7353,1946,1997-08-24,3131.49,1
7354,2472,2015-05-28,5441.22,1
7355,1180,2012-07-20,742.54,1
7356,924,2016-12-16,519.0,1
7357,1679,2025-01-07,352.45,1
7358,1481,2012-05-08,507.74,1
7359,1906,2026-06-30,10489.83,1
7360,1833,1995-07-19,255.59,1
7361,1627,2019-11-21,17995.14,1
7362,1321,2007-11-23,5219.22,1
7363,1124,2018-11-09,61965.1,1
7364,742,2010-07-26,406106.11,1
7365,2012,2021-10-20,311854.77,3
7366,2013,2018-09-19,707.49,1
7367,1831,2026-08-07,2558.25,1
7368,2045,2026-01-08,1468.8,1
7369,289,2014-04-02,2002.12,1
7370,1605,2024-11-05,863.67,1
7371,449,2023-02-22,55081.49,1
7372,880,2018-02-15,1721.89,1
7373,1400,2017-05-15,2296.47,1
7374,1704,2016-07-17,2679.54,1
7375,555,2020-05-18,5546.13,1
7376,1965,2025-09-07,367.01,1
7377,1382,2026-06-17,15233.3,1
7378,620,2007-05-13,67479.71,1
7379,183,2024-03-30,75.99,1
7380,724,2017-06-02,421.25,1
7381,2215,2018-11-23,3313.01,1
7382,258,2017-07-25,1221.87,1
7383,2400,2021-02-18,806.53,1
7384,1879,2020-03-11,31094.38,1
7385,659,2012-03-12,71.43,1
7386,364,2025-06-05,9116.75,1
7387,1062,2023-04-16,2488.94,1
7388,2145,2009-08-06,488.44,1
7389,2035,2026-04-19,743.91,1
7390,448,2025-10-24,21164.64,1
7391,467,2015-12-15,1089.6,1
7392,1206,2006-07-30,234.94,1
7393,2406,2001-12-08,51791.86,1
7394,1900,2024-08-02,2326.55,1
7395,869,2023-05-12,38427.19,2
7396,844,2020-09-17,3696.32,1
7397,669,2022-03-11,4077.52,1
7398,26,2026-03-29,1044.17,2
7399,1577,2024-08-15,7477.27,1
7400,250,2023-08-23,458.14,1
7401,1513,2023-02-09,1623.43,1
7402,250,2023-10-28,258.03,1
7403,577,2014-11-05,37509.42,2
7404,1966,2014-11-21,1941.52,2
7405,1414,2007-10-03,247670.56,1
7406,74,2026-05-25,9369.02,1
7407,652,2019-01-23,48824.49,1
7408,2167,2002-07-24,175358.21,1
7409,1546,2003-06-24,6005.91,3
7410,2371,2011-07-08,3596.38,1
7411,233,2010-10-29,785.14,1
7412,2315,2011-08-07,126568.52,3
7413,445,2019-10-29,40237.63,1
7414,2055,2021-10-16,12327.87,1
7415,1391,2010-06-28,20640.61,1
7416,633,1997-03-08,1481.55,1
7417,381,2014-04-17,368.32,1
7418,1498,2012-02-05,15891.77,1
7419,1794,2010-01-08,819.13,1
7420,2395,2005-11-10,2002.18,1
7421,2105,2015-04-29,46295.35,1
7422,864,2007-11-04,5662.2,1
7423,905,2023-05-16,2454.52,1
7424,1858,2021-08-23,26315.3,1
7425,1947,2011-01-27,630.85,1
7426,2141,2017-02-15,2828.04,1
7427,227,2013-10-16,1803.31,1
7428,1738,1999-06-15,5176.62,1
7429,2484,2011-07-18,189778.02,3
7430,231,2019-04-24,56917.43,1
7431,1810,2001-09-08,993.63,1
7432,936,2023-03-10,1538.63,1
7433,1891,2016-11-23,15093.2,1
7434,1750,2013-01-28,2293.5,1
7435,1127,2005-02-23,454.0,1
7436,1931,2021-10-22,27845.64,1
7437,97,2013-12-30,2392.87,1
7438,674,2013-08-28,986.13,1
7439,997,2019-01-07,30536.36,2
7440,2500,2025-06-22,2396.22,1
7441,2458,2000-03-13,5408.54,1
7442,1638,2015-03-07,1175.97,1
7443,367,2006-08-11,2491.64,1
7444,1179,1996-01-13,2538.78,1
7445,2159,2015-05-20,3912.88,1
7446,2266,2017-09-19,654.27,1
7447,1677,2013-03-26,288.43,1
7448,932,2019-02-06,1359.51,1
7449,1762,2010-10-09,7986.0,1
7450,1919,2023-02-19,18028.3,1
7451,549,2012-06-16,5615.39,1
7452,550,2022-11-20,9379.16,1
7453,404,2019-01-24,20788.97,1
7454,1861,2014-05-28,3881.46,1
7455,1467,2025-05-07,12946.87,1
7456,145,2023-02-06,346.69,1
7457,470,2020-11-13,2535.15,1
7458,308,2014-11-26,398.94,1
7459,752,2024-02-06,8778.84,1
7460,2466,2025-09-25,143.49,1
7461,877,2011-08-26,2497.88,1
7462,1002,2011-04-13,905.78,1
7463,1320,2015-01-02,126.95,1
7464,1058,2022-12-20,484.14,1
7465,988,2024-06-26,6109.38,1
7466,1223,2023-10-16,12214.12,1
7467,2102,2016-11-12,2542.01,1
7468,2136,2019-03-15,397.69,1
7469,2156,2021-12-06,2007.99,1
7470,944,2004-12-26,1742.65,1
7471,1783,2003-08-19,1862.17,1
7472,2,2024-06-20,11452.58,1
7473,2349,1988-06-25,3950.2,1
7474,2256,1997-10-30,17430.91,1
7475,179,2024-11-29,882.34,1
7476,138,2000-12-13,42616.21,1
7477,1145,2011-06-17,929.36,1
7478,411,2002-06-12,226.09,1
7479,1078,1997-12-07,758.22,1
7480,77,2021-07-21,403.47,1
7481,884,2021-08-16,2284.27,1
7482,1243,2025-03-10,6338.25,1
7483,949,2009-08-04,208.25,1
7484,922,2025-04-25,13446.9,1
7485,612,2015-03-19,1023.76,1
7486,2267,2024-05-29,62879.94,1
7487,1315,2003-11-04,1025.83,1
7488,2052,2023-06-20,1653.56,1
7489,2008,1994-11-21,2222.59,1
7490,2214,2017-02-28,220.53,1
7491,2114,2025-03-01,6512.01,1
7492,1132,2020-10-09,6065.72,1
7493,400,2025-07-09,1224.29,1
7494,995,1992-03-12,2376.03,1
7495,2492,2014-09-03,877.32,1
7496,1462,2006-02-02,1624.23,1
7497,1064,2012-07-22,3745.78,1
7498,15,2020-04-11,3299.13,1
7499,635,2019-06-19,2616.01,1
7500,1019,2012-05-18,1210.21,1
7501,2283,2013-06-20,3275.69,1
7502,382,2021-04-29,7940.09,1
7503,343,2016-03-19,567.52,1
7504,121,2022-02-22,2723.38,1
7505,1132,2025-11-04,11344.44,1
7506,796,2023-11-11,3047.37,1
7507,986,2008-04-11,19.55,1
7508,2056,2011-05-17,1301.95,1
7509,640,2014-11-05,4382.47,1
7510,2447,2006-10-20,23309.36,1
7511,775,2016-10-11,31.68,1
7512,1130,2014-05-15,410.83,1
7513,847,2026-02-09,30212.93,1
7514,909,2025-10-26,350.9,1
7515,2422,1998-03-21,9105.02,1
7516,2092,2025-08-22,27150.79,1
7517,747,2022-04-18,5446.07,3
7518,109,2025-02-27,9213.36,3
7519,2072,2021-10-09,16835.84,1
7520,1269,2022-07-09,6112.94,1
7521,1989,2022-11-25,37552.41,1
7522,2331,2018-09-06,1036.62,1
7523,2179,2024-03-07,42655.6,1
7524,1501,2026-08-04,6197.27,1
7525,2281,1999-01-03,1412.82,1
7526,2088,2007-10-31,7373.4,1
7527,1490,2011-08-19,215.91,1
7528,555,2019-06-29,4798.52,1
7529,1515,2012-02-01,5816.28,1
7530,129,2002-07-26,29460.84,1
7531,1329,2023-03-03,915.03,1
7532,250,2023-05-08,446.68,1
7533,19,2000-07-20,3530.81,1
7534,850,2014-12-06,3559.49,1
7535,1875,2010-04-22,385.14,1
7536,608,2013-03-06,2007.8,2
7537,1921,2013-10-06,3241.02,1
7538,140,2023-07-16,1995.23,2
7539,2453,1998-08-12,30027.41,1
7540,1159,2011-07-05,702.98,1
7541,1083,2006-11-11,13638.95,1
7542,2124,2010-12-30,40129.19,1
7543,78,2023-11-03,1075.05,1
7544,1295,2015-03-23,1149.61,1
7545,2200,2009-07-27,2408.06,1
7546,1614,2002-05-13,6359.4,1
7547,2126,2021-04-10,4672.01,1
7548,1900,2024-05-15,2010.1,1
7549,525,2015-05-27,2872.39,1
7550,1656,2015-11-22,565.12,1
7551,1641,2022-05-24,4854.81,1
7552,1101,2020-04-17,238207.9,1
7553,295,2008-09-08,6686.85,1
7554,1021,2010-10-31,1865.06,1
7555,2110,2026-08-10,5010.21,1
7556,2463,2023-01-27,1928.22,1
7557,1839,2018-06-30,218.51,1
7558,2165,2005-03-20,3568.03,1
7559,172,1999-02-25,1273.76,1
7560,212,2012-03-04,58189.34,1
7561,2092,2025-09-16,7506.2,1
7562,1971,2016-12-28,1509.19,1
7563,154,2026-04-19,794.32,1
7564,1422,2024-10-21,63.18,1
7565,580,2025-03-17,217263.62,1
7566,777,2017-07-26,1281.7,1
7567,225,2023-08-30,12489.01,1
7568,2199,2021-03-15,24867.23,1
7569,610,2025-08-23,2036.01,1
7570,494,2024-08-07,2160.81,1
7571,1802,2011-08-09,4271.28,2
7572,2281,1999-12-10,299.92,1
7573,408,2024-05-17,692.13,1
7574,788,2017-06-01,4402.56,3
7575,864,2008-02-02,25037.83,1
7576,872,2025-08-13,14557.31,1
7577,613,2021-08-22,2627.72,1
7578,1521,2005-10-25,641.38,1
7579,413,2006-07-19,5974.26,3
7580,1442,2018-02-13,5189.9,1
7581,2399,2013-07-03,137362.27,1
7582,1186,2022-04-09,993.66,1
7583,496,1997-03-16,2089.76,1
7584,1390,2020-12-11,12095.22,1
7585,235,2022-11-27,853.99,1
7586,183,2023-07-29,2233.04,1
7587,77,2021-07-06,9013.21,1
7588,1536,2023-03-04,517.57,1
7589,932,2011-04-20,1352.09,1
7590,1169,2023-12-27,211.0,2
7591,748,2005-09-01,474.98,1
7592,82,2024-08-23,151.91,1
7593,1303,2001-11-30,7292.87,1
7594,2298,2022-01-16,3802.58,1
7595,2448,2008-11-09,3477.95,1
7596,534,2014-04-12,3956.15,1
7597,1455,2015-04-01,1290.74,1
7598,568,2020-12-04,673.0,1
7599,1773,2025-04-12,1851.93,1
7600,1562,2026-05-14,672.35,1
7601,1419,2018-01-17,631.64,1
7602,960,2023-11-15,142397.27,3
7603,1142,2021-09-06,180.73,1
7604,95,2024-01-25,948.9,1
7605,698,2014-02-26,3933.31,1
7606,448,2025-09-18,20432.62,1
7607,572,2016-01-20,967.62,1
7608,1784,2014-10-12,9048.85,1
7609,578,1996-03-08,1384.73,1
7610,1138,2003-01-05,1920.13,1
7611,706,2021-02-12,1517.43,1
7612,338,2021-07-02,95965.37,1
7613,1039,2005-01-22,2433.71,1
7614,2119,2007-03-03,507.21,1
7615,1470,2010-09-04,5643.28,1
7616,333,2023-02-14,3520.7,1
7617,532,2008-11-15,28720.37,1
7618,1322,1993-01-28,225605.84,1
7619,2338,2022-03-01,96994.72,1
7620,1504,2011-08-01,20887.79,1
7621,2438,2016-05-25,2888.52,1
7622,699,2015-12-26,21836.93,1
7623,890,2018-05-04,2658.37,1
7624,1104,2008-10-08,5935.81,1
7625,1412,2026-04-16,881.59,1
7626,29,2024-06-16,8007.15,1
7627,30,2020-01-16,26629.6,1
7628,1689,2012-06-28,34476.41,1
7629,1564,2023-11-15,140784.28,1
7630,1113,2009-05-21,58.22,1
7631,1400,2016-12-03,5206.81,1
7632,1710,2023-05-28,11619.33,1
7633,2230,2019-03-31,20975.99,1
7634,1343,2024-06-22,207.36,1
7635,2022,2021-02-07,76669.95,1
7636,803,2014-02-22,24384.94,1
7637,1559,2017-11-16,1203.08,1
7638,1926,2023-08-30,24580.85,2
7639,2375,2025-12-10,479.87,1
7640,765,2025-09-19,47216.25,1
7641,172,2018-11-23,129.21,1
7642,138,1995-09-03,34506.58,1
7643,1779,2025-02-27,29804.85,3
7644,2000,2012-03-28,370.58,1
7645,2381,2014-07-09,2475.5,1
7646,2206,2023-07-02,736.36,1
7647,1375,2002-11-08,899.85,1
7648,1224,1998-09-26,171812.33,1
7649,763,1998-10-24,19728.81,1
7650,2132,2025-05-27,86224.28,1
7651,2442,2026-02-25,214453.75,1
7652,936,2017-10-07,1133.51,1
7653,326,2011-05-15,22506.93,1
7654,2473,2023-10-16,105592.69,1
7655,887,2012-06-13,1114.79,1
7656,2180,2022-01-07,28776.68,1
7657,404,2013-10-24,28630.55,1
7658,2310,2022-06-30,2662.5,1
7659,1914,2023-04-22,319.13,1
7660,51,2026-04-20,2576.09,1
7661,711,2009-06-14,31797.27,1
7662,1924,1999-05-10,1632.64,3
7663,2065,2022-10-22,159337.17,1
7664,1345,2017-11-01,1282.06,1
7665,1464,2023-07-20,70859.88,1
7666,425,2025-06-15,1175.82,3
7667,2103,2017-11-10,1336.42,1
7668,2260,2019-05-29,43189.16,1
7669,2340,2004-06-01,8604.51,1
7670,1415,2023-01-09,1487.85,1
7671,2333,2017-05-12,192776.63,1
7672,1910,2014-01-08,1394.7,1
7673,91,2008-11-04,5904.14,1
7674,1030,2017-09-07,6666.86,1
7675,436,2025-12-26,1066.64,1
7676,349,1987-07-05,1708.78,1
7677,1316,2022-09-30,30551.87,1
7678,1255,2004-07-07,1115.1,1
7679,2458,1997-11-19,2346.5,1
7680,2038,2009-03-06,2842.86,1
7681,2456,2026-03-28,18420.93,1
7682,2047,2022-02-05,4157.08,1
7683,893,2026-02-26,49988.65,1
7684,253,2011-06-09,7586.75,3
7685,394,2015-04-30,50609.74,1
7686,151,2019-09-11,871.72,1
7687,263,2013-03-08,1795.93,2
7688,27,2011-02-20,2332.28,1
7689,1566,2016-01-16,107477.41,1
7690,372,1997-04-04,24481.96,1
7691,845,2019-02-03,694.19,1
7692,223,2010-10-19,1044.15,1
7693,532,2019-01-19,128288.17,1
7694,1114,2021-10-29,21892.64,1
7695,1054,2024-07-20,486.81,1
7696,1470,2010-07-01,922.04,1
7697,1288,2005-05-31,6818.43,1
7698,688,2020-04-02,1405.36,1
7699,2145,2009-06-16,77.5,1
7700,435,2012-05-10,115569.2,1
7701,2468,2025-09-01,12797.6,1
7702,248,2013-04-06,2216.12,1
7703,2092,2025-09-19,37610.2,1
7704,599,2024-11-20,634.5,1
7705,1740,2025-06-03,427.44,1
7706,2302,2016-04-06,2068.52,1
7707,1504,2022-04-07,67598.11,1
7708,440,2011-03-13,71601.72,1
7709,2024,2021-03-30,31648.98,3
7710,1058,2023-06-30,197.98,1
7711,1914,2024-02-02,394.17,1
7712,1355,2004-11-01,141.35,1
7713,1247,2009-01-31,343.92,1
7714,1164,2024-07-13,10895.64,1
7715,768,2019-01-17,2212.54,1
7716,407,2008-08-10,926.98,1
7717,2439,2012-06-16,203.79,1
7718,1166,2022-12-12,8683.61,1
7719,1461,2017-06-21,1636.41,3
7720,1620,2018-04-30,4798.66,1
7721,1129,2018-01-31,1792.63,1
7722,2159,2008-11-06,4727.69,1
7723,2395,2004-02-08,2404.51,1
7724,1186,2022-04-22,1157.32,1
7725,495,2018-04-15,2560.72,1
7726,290,2025-02-09,1671.25,1
7727,1851,2024-04-05,2635.57,1
7728,2288,2022-04-27,119.62,1
7729,1174,2014-08-25,2650.2,1
7730,1480,2023-05-08,1298.32,1
7731,2314,2014-11-05,180.96,1
7732,1676,2019-06-05,6419.3,1
7733,493,2018-06-04,2651.54,1
7734,1209,2011-05-15,5775.81,1
7735,1755,2011-03-27,3718.41,1
7736,327,2021-03-27,164.96,1
7737,357,2006-03-26,3032.55,1
7738,843,2023-05-24,4340.08,1
7739,2040,2012-09-03,3965.91,1
7740,141,2024-11-14,54283.99,1
7741,1473,2023-02-08,2245.11,1
7742,130,2023-03-16,117857.78,1
7743,108,2023-03-11,107157.97,1
7744,1370,2023-12-07,10967.51,1
7745,1646,2025-11-30,274.87,1
7746,1490,2013-12-29,577.08,1
7747,732,2025-07-25,1043.58,2
7748,469,2015-10-22,1897.91,1
7749,1742,2022-04-15,2260.46,1
7750,546,2024-06-11,6042.83,1
7751,2038,2007-07-10,1419.47,1
7752,519,2004-07-26,15871.98,1
7753,647,2026-01-14,6057.4,1
7754,1159,2013-11-25,576.98,1
7755,388,2025-10-09,1156.47,1
7756,16,2003-06-22,2202.24,1
7757,1529,2025-10-23,876.42,1
7758,2246,2020-10-08,15993.76,1
7759,2228,2022-02-07,45338.14,1
7760,1808,1993-06-08,7500.78,1
7761,335,2020-09-21,3702.14,1
7762,2231,2012-01-18,42125.44,1
7763,2161,2003-03-24,1235.02,1
7764,721,2019-12-09,224.07,1
7765,1721,2026-03-08,235.57,1
7766,1133,2007-11-29,1455.75,1
7767,2310,2020-07-10,2467.55,1
7768,2488,2023-05-02,482490.97,1
7769,240,1995-08-02,23630.28,2
7770,158,2003-08-07,24826.21,1
7771,954,2025-07-16,1468.99,1
7772,1277,2014-10-17,46950.31,1
7773,1733,2018-03-06,737.95,1
7774,594,2025-11-22,14889.64,1
7775,1037,2010-08-29,6479.44,3
7776,576,2013-08-25,25201.33,1
7777,890,2020-09-03,4041.99,1
7778,122,2010-12-24,14403.61,1
7779,572,2019-04-13,1109.14,1
7780,1803,2026-07-27,333.36,1
7781,911,2008-03-12,543.23,1
7782,923,2004-09-18,18293.55,1
7783,2267,2025-11-05,85835.29,1
7784,1503,1993-12-19,1887.14,1
7785,1940,2024-01-09,4002.75,1
7786,1243,2025-02-03,3562.62,1
7787,1833,1995-11-20,308.74,1
7788,1550,2021-12-22,1454.0,1
7789,361,2019-01-13,5274.21,1
7790,927,2011-10-12,26.69,1
7791,366,1986-09-28,723.84,1
7792,812,2026-07-18,583.83,1
7793,1891,2019-09-19,30938.4,1
7794,30,2021-03-05,597.53,1
7795,2025,2024-06-06,118.16,1
7796,315,2004-02-05,202.84,1
7797,2444,2023-04-11,2402.54,1
7798,862,2021-08-21,5379.92,1
7799,1402,2022-08-04,4167.61,2
7800,2222,2024-12-09,958.01,1
7801,747,2021-10-20,133.47,1
7802,1638,2016-12-28,5560.11,1
7803,2069,2010-12-06,2427.72,1
7804,1983,1979-11-19,214.39,1
7805,1257,2024-08-22,1846.16,1
7806,612,2014-04-03,976.24,1
7807,189,2018-02-20,342.29,1
7808,1281,2022-09-15,1232.43,1
7809,1881,2014-12-30,55362.59,1
7810,2274,2003-12-24,1299.18,1
7811,103,2009-10-11,2810.49,3
7812,61,2013-10-26,506.97,1
7813,2221,2011-07-06,3635.95,1
7814,1622,2026-04-07,136446.2,1
7815,1028,1996-04-24,16.37,1
7816,73,2012-02-12,1709.56,1
7817,1516,2019-11-29,3186.68,1
7818,324,2024-10-10,646.93,1
7819,1789,2023-08-27,948.47,1
7820,1259,2024-04-07,1257.9,1
7821,1126,2025-05-24,9662.68,1
7822,1974,2004-01-14,707.37,1
7823,385,2003-08-15,10294.74,1
7824,1376,2023-02-15,35171.63,1
7825,2202,2003-02-16,162.53,1
7826,1765,2017-08-26,55521.98,1
7827,749,2012-12-06,70420.19,1
7828,2425,1995-01-03,828.36,1
7829,803,2015-04-08,42695.63,3
7830,493,2016-05-28,1863.72,1
7831,684,2024-09-15,172.96,1
7832,10,2026-03-20,206.89,1
7833,2236,2022-12-12,842.0,1
7834,228,1994-02-13,19956.91,1
7835,921,2018-07-10,4457.54,1
7836,1693,1999-09-28,5154.59,3
7837,111,1998-08-31,2398.35,1
7838,691,2010-10-05,364.55,1
7839,271,2018-07-23,2143.68,1
7840,1426,2015-05-26,1046.99,2
7841,2172,2008-10-15,191631.97,1
7842,1551,2022-09-13,768.31,1
7843,978,2002-04-02,1591.61,1
7844,378,2025-12-29,1673.15,1
7845,1802,2010-02-21,1337.82,1
7846,518,2006-11-14,7644.53,1
7847,2339,2020-02-25,38997.35,1
7848,1642,2018-04-12,27381.34,1
7849,364,2024-07-22,11655.68,1
7850,849,2022-12-13,22328.04,1
7851,2170,2014-03-13,37745.11,1
7852,2407,2022-02-23,1692.89,1
7853,407,2008-06-18,738.97,1
7854,2022,2023-01-17,166061.61,1
7855,1870,2023-10-31,4903.76,1
7856,65,2010-08-10,3217.89,1
7857,2257,2010-09-28,385.86,1
7858,396,2024-02-09,3183.86,1
7859,474,2018-06-20,4643.58,1
7860,2076,2022-11-05,11715.62,1
7861,591,2013-03-30,10773.25,1
7862,518,2013-12-20,2180.58,1
7863,916,2023-08-26,1628.3,1
7864,1450,2017-11-20,3048.85,1
7865,2184,2022-04-22,29.16,1
7866,713,2022-03-09,2180.11,3
7867,490,2026-03-14,13320.9,1
7868,2052,2024-01-24,21333.34,1
7869,2054,2024-09-27,5082.23,1
7870,439,2006-02-17,22441.72,1
7871,1432,2014-04-20,107.02,1
7872,2122,2001-11-03,770.62,1
7873,2470,2011-04-04,1172.27,1
7874,865,2025-12-16,13316.41,1
7875,2161,2003-02-22,55279.47,1
7876,1679,2025-05-29,5205.56,1
7877,79,2007-05-02,297795.26,1
7878,302,2018-04-12,3295.26,1
7879,792,2024-04-09,640.35,1
7880,478,2025-11-17,36182.54,1
7881,801,2025-12-31,2025.87,1
7882,378,2025-12-29,826.52,1
7883,1244,1996-04-13,9810.72,1
7884,2481,1993-05-31,2356.42,1
7885,1438,2005-07-04,827.1,1
7886,974,2013-10-15,480.2,1
7887,1989,2019-12-03,39803.11,1
7888,1849,2025-12-01,42946.79,1
7889,1731,2012-06-02,10645.28,1
7890,1361,2024-08-26,5035.57,2
7891,667,2023-03-07,14367.77,1
7892,284,2013-09-13,1679.49,1
7893,795,2016-09-21,34539.67,1
7894,2220,2023-12-17,9480.37,1
7895,582,2024-07-29,4965.37,1
7896,1589,2026-01-12,207.09,1
7897,1578,2021-04-27,3826.43,1
7898,1458,2024-06-30,2244.92,1
7899,1268,2012-12-25,14689.85,1
7900,2466,2025-10-19,292.22,1
7901,1317,1992-01-07,1205.6,1
7902,16,2006-10-09,8115.76,1
7903,2377,2018-08-23,81990.01,1
7904,144,2023-11-13,1710.23,2
7905,1051,2001-01-21,100117.61,1
7906,1147,2015-12-07,3867.95,1
7907,1925,2015-04-20,1257.19,1
7908,1077,2011-04-01,3316.34,1
7909,953,2016-07-10,3826.18,1
7910,111,2004-01-05,4976.51,1
7911,2281,1999-12-10,176.33,1
7912,1144,2014-04-12,1428.79,1
7913,402,2008-11-07,2387.94,1
7914,1425,2021-09-16,3395.75,1
7915,780,2023-08-21,2896.05,1
7916,772,2021-07-26,767.77,1
7917,981,2011-12-25,24333.61,1
7918,724,2018-05-27,382.41,1
7919,1505,2011-03-09,1174.53,1
7920,323,2023-09-11,208531.13,1
7921,1306,2026-06-04,2068.9,1
7922,1740,2025-07-29,1516.52,1
7923,2247,2021-07-18,327.35,1
7924,1888,2007-11-29,390.33,1
7925,1765,2017-04-18,21740.83,1
7926,29,2024-10-26,3104.0,1
7927,2281,2000-05-31,541.89,1
7928,75,2018-03-13,1260.37,1
7929,1375,2009-02-03,1682.86,1
7930,786,2021-02-17,40198.64,1
7931,1947,2011-06-03,511.5,1
7932,1631,1997-12-27,316.8,1
7933,1846,2019-03-16,1699.83,1
7934,1280,2026-06-10,36649.85,1
7935,207,2018-12-09,419.38,1
7936,743,2016-06-21,2061.76,1
7937,401,2024-12-06,215.71,1
7938,2325,2017-11-09,318.75,1
7939,2202,2002-03-25,475.41,1
7940,185,2004-03-20,3699.98,1
7941,2428,2006-08-04,4253.01,1
7942,2194,1989-06-21,6574.1,3
7943,1663,2017-04-25,588.29,1
7944,155,2019-08-20,988.06,1
7945,2242,2015-03-25,4247.08,1
7946,904,2016-01-25,1104.44,1
7947,2188,2019-10-01,5954.13,1
7948,1823,2026-08-23,617.22,1
7949,2385,2021-10-20,227650.79,1
7950,1582,2002-07-08,2262.57,1
7951,995,1991-12-19,179990.93,1
7952,2377,2014-07-09,78046.6,1
7953,1928,2016-01-12,258.62,1
7954,2232,2020-12-31,1229.17,1
7955,1342,2017-02-20,45543.72,1
7956,2053,2025-06-18,4469.8,1
7957,1017,2022-05-03,1312.74,1
7958,1928,2021-11-24,116.6,1
7959,336,2022-02-28,1178.4,3
7960,343,2016-05-16,2174.29,3
7961,613,2021-09-10,4893.34,1
7962,269,2026-03-24,2828.21,2
7963,2341,2023-10-29,1134.54,1
7964,281,2014-06-21,2443.49,1
7965,2313,2022-04-29,11368.14,1
7966,767,2024-05-19,16746.15,1
7967,1387,2026-06-30,37728.04,1
7968,70,2014-10-09,16529.8,1
7969,271,2017-11-29,504.69,2
7970,1416,2018-12-24,2791.33,1
7971,1930,2016-01-06,398.85,1
7972,1424,2024-12-09,241565.77,1
7973,1051,2004-09-24,57918.0,1
7974,388,2025-10-12,2815.87,1
7975,823,2024-06-20,9369.54,1
7976,2383,2016-07-29,33507.52,1
7977,1750,2013-03-20,13235.93,1
7978,1911,2017-09-29,16757.88,1
7979,2284,2022-04-28,273.93,1
7980,1530,2024-02-08,14646.32,1
7981,960,2023-11-04,116237.39,1
7982,156,2026-02-20,91.64,1
7983,1791,1999-01-11,3816.28,1
7984,147,2022-04-09,7713.93,1
7985,2074,2005-02-04,1132.82,1
7986,2247,2022-10-19,167.67,1
7987,1504,2021-03-12,74421.54,1
7988,2439,2013-01-21,1881.81,1
7989,2268,2008-05-25,2300.38,1
7990,264,2009-05-27,1612.88,1
7991,1907,2024-05-05,31109.04,1
7992,1058,2023-04-26,452.27,1
7993,475,2001-04-25,1135.65,1
7994,2380,2022-07-25,2279.16,1
7995,1155,2009-03-05,14717.69,1
7996,390,2006-10-09,900.2,1
7997,1902,2010-11-08,12764.69,1
7998,2427,2022-08-13,3891.55,3
7999,2287,2016-12-12,1718.86,1
8000,137,1991-08-04,2450.95,1
